This file contains any messages produced by compilers while
running configure, to aid debugging if configure makes a mistake.

It was created by bash configure 5.2-release, which was
generated by GNU Autoconf 2.71.  Invocation command line was

  $ ./configure

## --------- ##
## Platform. ##
## --------- ##

hostname = jk
uname -m = x86_64
uname -r = 6.8.0-49-generic
uname -s = Linux
uname -v = #49-Ubuntu SMP PREEMPT_DYNAMIC Mon Nov  4 02:06:24 UTC 2024

/usr/bin/uname -p = x86_64
/bin/uname -X     = unknown

/bin/arch              = x86_64
/usr/bin/arch -k       = unknown
/usr/convex/getsysinfo = unknown
/usr/bin/hostinfo      = unknown
/bin/machine           = unknown
/usr/bin/oslevel       = unknown
/bin/universe          = unknown

PATH: /home/gandhi/mongodb/mongodb-linux-x86_64-2.6.12/bin/
PATH: /usr/local/flutter/bin/
PATH: /home/gandhi/.config/nvim/bin/
PATH: /home/gandhi/flutter/bin/
PATH: /home/gandhi/.local/bin/
PATH: /opt/bdw/bin/
PATH: /opt/bsc/bin/
PATH: /usr/local/nvim-linux64/bin/
PATH: /home/gandhi/bin/
PATH: /usr/local/bin/
PATH: /usr/local/draap/bin/
PATH: /home/gandhi/mongodb/mongodb-linux-x86_64-2.6.12/bin/
PATH: /usr/local/flutter/bin/
PATH: /home/gandhi/.config/nvim/bin/
PATH: /home/gandhi/flutter/bin/
PATH: /home/gandhi/.local/bin/
PATH: /opt/bdw/bin/
PATH: /opt/bsc/bin/
PATH: /usr/local/nvim-linux64/bin/
PATH: /home/gandhi/bin/
PATH: /usr/local/bin/
PATH: /usr/local/draap/bin/
PATH: /usr/local/sbin/
PATH: /usr/local/bin/
PATH: /usr/sbin/
PATH: /usr/bin/
PATH: /sbin/
PATH: /bin/
PATH: /usr/games/
PATH: /usr/local/games/
PATH: /snap/bin/
PATH: /snap/bin/
PATH: /home/gandhi/Android/Sdk/platform-tools/
PATH: /home/gandhi/Android/Sdk/tools/
PATH: /home/gandhi/Android/Sdk/build-tools/26.0.0-preview/
PATH: /usr/lib/jvm/java-17-openjdk-amd64/bin/
PATH: /home/gandhi/Android/Sdk/platform-tools/
PATH: /home/gandhi/Android/Sdk/tools/
PATH: /home/gandhi/Android/Sdk/build-tools/26.0.0-preview/
PATH: /usr/lib/jvm/java-17-openjdk-amd64/bin/


## ----------- ##
## Core tests. ##
## ----------- ##

configure:3017: looking for aux files: config.rpath install-sh config.guess config.sub
configure:3030:  trying ././support/
configure:3059:   ././support/config.rpath found
configure:3044:   ././support/install.sh found
configure:3059:   ././support/config.guess found
configure:3059:   ././support/config.sub found
configure:3193: checking build system type
configure:3208: result: x86_64-pc-linux-gnu
configure:3228: checking host system type
configure:3242: result: x86_64-pc-linux-gnu
configure:3958: checking for gcc
configure:3990: result: /usr/bin/clang
configure:4343: checking for C compiler version
configure:4352: /usr/bin/clang --version >&5
Ubuntu clang version 18.1.3 (1ubuntu1)
Target: x86_64-pc-linux-gnu
Thread model: posix
InstalledDir: /usr/bin
configure:4363: $? = 0
configure:4352: /usr/bin/clang -v >&5
Ubuntu clang version 18.1.3 (1ubuntu1)
Target: x86_64-pc-linux-gnu
Thread model: posix
InstalledDir: /usr/bin
Found candidate GCC installation: /usr/bin/../lib/gcc/x86_64-linux-gnu/13
Selected GCC installation: /usr/bin/../lib/gcc/x86_64-linux-gnu/13
Candidate multilib: .;@m64
Selected multilib: .;@m64
configure:4363: $? = 0
configure:4352: /usr/bin/clang -V >&5
clang: error: argument to '-V' is missing (expected 1 value)
clang: error: no input files
configure:4363: $? = 1
configure:4352: /usr/bin/clang -qversion >&5
clang: error: unknown argument '-qversion'; did you mean '--version'?
clang: error: no input files
configure:4363: $? = 1
configure:4352: /usr/bin/clang -version >&5
clang: error: unknown argument '-version'; did you mean '--version'?
clang: error: no input files
configure:4363: $? = 1
configure:4383: checking whether the C compiler works
configure:4405: /usr/bin/clang    conftest.c  >&5
configure:4409: $? = 0
configure:4459: result: yes
configure:4462: checking for C compiler default output file name
configure:4464: result: a.out
configure:4470: checking for suffix of executables
configure:4477: /usr/bin/clang -o conftest    conftest.c  >&5
configure:4481: $? = 0
configure:4504: result: 
configure:4526: checking whether we are cross compiling
configure:4534: /usr/bin/clang -o conftest    conftest.c  >&5
configure:4538: $? = 0
configure:4545: ./conftest
configure:4549: $? = 0
configure:4564: result: no
configure:4569: checking for suffix of object files
configure:4592: /usr/bin/clang -c   conftest.c >&5
configure:4596: $? = 0
configure:4618: result: o
configure:4622: checking whether the compiler supports GNU C
configure:4642: /usr/bin/clang -c   conftest.c >&5
configure:4642: $? = 0
configure:4652: result: yes
configure:4663: checking whether /usr/bin/clang accepts -g
configure:4684: /usr/bin/clang -c -g  conftest.c >&5
configure:4684: $? = 0
configure:4728: result: yes
configure:4748: checking for /usr/bin/clang option to enable C11 features
configure:4763: /usr/bin/clang  -c -g -O2  conftest.c >&5
conftest.c:50:14: warning: a function definition without a prototype is deprecated in all versions of C and is not supported in C23 [-Wdeprecated-non-prototype]
   50 | static char *e (p, i)
      |              ^
1 warning generated.
configure:4763: $? = 0
configure:4781: result: none needed
configure:4906: checking for stdio.h
configure:4906: /usr/bin/clang -c -g -O2  conftest.c >&5
configure:4906: $? = 0
configure:4906: result: yes
configure:4906: checking for stdlib.h
configure:4906: /usr/bin/clang -c -g -O2  conftest.c >&5
configure:4906: $? = 0
configure:4906: result: yes
configure:4906: checking for string.h
configure:4906: /usr/bin/clang -c -g -O2  conftest.c >&5
configure:4906: $? = 0
configure:4906: result: yes
configure:4906: checking for inttypes.h
configure:4906: /usr/bin/clang -c -g -O2  conftest.c >&5
configure:4906: $? = 0
configure:4906: result: yes
configure:4906: checking for stdint.h
configure:4906: /usr/bin/clang -c -g -O2  conftest.c >&5
configure:4906: $? = 0
configure:4906: result: yes
configure:4906: checking for strings.h
configure:4906: /usr/bin/clang -c -g -O2  conftest.c >&5
configure:4906: $? = 0
configure:4906: result: yes
configure:4906: checking for sys/stat.h
configure:4906: /usr/bin/clang -c -g -O2  conftest.c >&5
configure:4906: $? = 0
configure:4906: result: yes
configure:4906: checking for sys/types.h
configure:4906: /usr/bin/clang -c -g -O2  conftest.c >&5
configure:4906: $? = 0
configure:4906: result: yes
configure:4906: checking for unistd.h
configure:4906: /usr/bin/clang -c -g -O2  conftest.c >&5
configure:4906: $? = 0
configure:4906: result: yes
configure:4906: checking for wchar.h
configure:4906: /usr/bin/clang -c -g -O2  conftest.c >&5
configure:4906: $? = 0
configure:4906: result: yes
configure:4906: checking for minix/config.h
configure:4906: /usr/bin/clang -c -g -O2  conftest.c >&5
conftest.c:74:10: fatal error: 'minix/config.h' file not found
   74 | #include <minix/config.h>
      |          ^~~~~~~~~~~~~~~~
1 error generated.
configure:4906: $? = 1
configure: failed program was:
| /* confdefs.h */
| #define PACKAGE_NAME "bash"
| #define PACKAGE_TARNAME "bash"
| #define PACKAGE_VERSION "5.2-release"
| #define PACKAGE_STRING "bash 5.2-release"
| #define PACKAGE_BUGREPORT "bug-bash@gnu.org"
| #define PACKAGE_URL ""
| #define USING_BASH_MALLOC 1
| #define ALIAS 1
| #define PUSHD_AND_POPD 1
| #define RESTRICTED_SHELL 1
| #define PROCESS_SUBSTITUTION 1
| #define PROMPT_STRING_DECODE 1
| #define SELECT_COMMAND 1
| #define HELP_BUILTIN 1
| #define ARRAY_VARS 1
| #define DPAREN_ARITHMETIC 1
| #define BRACE_EXPANSION 1
| #define COMMAND_TIMING 1
| #define EXTENDED_GLOB 1
| #define EXTGLOB_DEFAULT 0
| #define COND_COMMAND 1
| #define COND_REGEXP 1
| #define COPROCESS_SUPPORT 1
| #define ARITH_FOR_COMMAND 1
| #define NETWORK_REDIRECTIONS 1
| #define PROGRAMMABLE_COMPLETION 1
| #define DEBUGGER 1
| #define CASEMOD_ATTRS 1
| #define CASEMOD_EXPANSIONS 1
| #define GLOBASCII_DEFAULT 1
| #define FUNCTION_IMPORT 1
| #define TRANSLATABLE_STRINGS 1
| #define MEMSCRAMBLE 1
| #define HAVE_STDIO_H 1
| #define HAVE_STDLIB_H 1
| #define HAVE_STRING_H 1
| #define HAVE_INTTYPES_H 1
| #define HAVE_STDINT_H 1
| #define HAVE_STRINGS_H 1
| #define HAVE_SYS_STAT_H 1
| #define HAVE_SYS_TYPES_H 1
| #define HAVE_UNISTD_H 1
| #define HAVE_WCHAR_H 1
| /* end confdefs.h.  */
| #include <stddef.h>
| #ifdef HAVE_STDIO_H
| # include <stdio.h>
| #endif
| #ifdef HAVE_STDLIB_H
| # include <stdlib.h>
| #endif
| #ifdef HAVE_STRING_H
| # include <string.h>
| #endif
| #ifdef HAVE_INTTYPES_H
| # include <inttypes.h>
| #endif
| #ifdef HAVE_STDINT_H
| # include <stdint.h>
| #endif
| #ifdef HAVE_STRINGS_H
| # include <strings.h>
| #endif
| #ifdef HAVE_SYS_TYPES_H
| # include <sys/types.h>
| #endif
| #ifdef HAVE_SYS_STAT_H
| # include <sys/stat.h>
| #endif
| #ifdef HAVE_UNISTD_H
| # include <unistd.h>
| #endif
| #include <minix/config.h>
configure:4906: result: no
configure:4906: checking for sys/param.h
configure:4906: /usr/bin/clang -c -g -O2  conftest.c >&5
configure:4906: $? = 0
configure:4906: result: yes
configure:4906: checking for xlocale.h
configure:4906: /usr/bin/clang -c -g -O2  conftest.c >&5
conftest.c:75:10: fatal error: 'xlocale.h' file not found
   75 | #include <xlocale.h>
      |          ^~~~~~~~~~~
1 error generated.
configure:4906: $? = 1
configure: failed program was:
| /* confdefs.h */
| #define PACKAGE_NAME "bash"
| #define PACKAGE_TARNAME "bash"
| #define PACKAGE_VERSION "5.2-release"
| #define PACKAGE_STRING "bash 5.2-release"
| #define PACKAGE_BUGREPORT "bug-bash@gnu.org"
| #define PACKAGE_URL ""
| #define USING_BASH_MALLOC 1
| #define ALIAS 1
| #define PUSHD_AND_POPD 1
| #define RESTRICTED_SHELL 1
| #define PROCESS_SUBSTITUTION 1
| #define PROMPT_STRING_DECODE 1
| #define SELECT_COMMAND 1
| #define HELP_BUILTIN 1
| #define ARRAY_VARS 1
| #define DPAREN_ARITHMETIC 1
| #define BRACE_EXPANSION 1
| #define COMMAND_TIMING 1
| #define EXTENDED_GLOB 1
| #define EXTGLOB_DEFAULT 0
| #define COND_COMMAND 1
| #define COND_REGEXP 1
| #define COPROCESS_SUPPORT 1
| #define ARITH_FOR_COMMAND 1
| #define NETWORK_REDIRECTIONS 1
| #define PROGRAMMABLE_COMPLETION 1
| #define DEBUGGER 1
| #define CASEMOD_ATTRS 1
| #define CASEMOD_EXPANSIONS 1
| #define GLOBASCII_DEFAULT 1
| #define FUNCTION_IMPORT 1
| #define TRANSLATABLE_STRINGS 1
| #define MEMSCRAMBLE 1
| #define HAVE_STDIO_H 1
| #define HAVE_STDLIB_H 1
| #define HAVE_STRING_H 1
| #define HAVE_INTTYPES_H 1
| #define HAVE_STDINT_H 1
| #define HAVE_STRINGS_H 1
| #define HAVE_SYS_STAT_H 1
| #define HAVE_SYS_TYPES_H 1
| #define HAVE_UNISTD_H 1
| #define HAVE_WCHAR_H 1
| #define HAVE_SYS_PARAM_H 1
| /* end confdefs.h.  */
| #include <stddef.h>
| #ifdef HAVE_STDIO_H
| # include <stdio.h>
| #endif
| #ifdef HAVE_STDLIB_H
| # include <stdlib.h>
| #endif
| #ifdef HAVE_STRING_H
| # include <string.h>
| #endif
| #ifdef HAVE_INTTYPES_H
| # include <inttypes.h>
| #endif
| #ifdef HAVE_STDINT_H
| # include <stdint.h>
| #endif
| #ifdef HAVE_STRINGS_H
| # include <strings.h>
| #endif
| #ifdef HAVE_SYS_TYPES_H
| # include <sys/types.h>
| #endif
| #ifdef HAVE_SYS_STAT_H
| # include <sys/stat.h>
| #endif
| #ifdef HAVE_UNISTD_H
| # include <unistd.h>
| #endif
| #include <xlocale.h>
configure:4906: result: no
configure:4906: checking for sys/time.h
configure:4906: /usr/bin/clang -c -g -O2  conftest.c >&5
configure:4906: $? = 0
configure:4906: result: yes
configure:4937: checking whether it is safe to define __EXTENSIONS__
configure:4956: /usr/bin/clang -c -g -O2  conftest.c >&5
configure:4956: $? = 0
configure:4964: result: yes
configure:4967: checking whether _XOPEN_SOURCE should be defined
configure:4989: /usr/bin/clang -c -g -O2  conftest.c >&5
configure:4989: $? = 0
configure:5016: result: no
configure:5080: checking for special C compiler options needed for large files
configure:5128: result: no
configure:5134: checking for _FILE_OFFSET_BITS value needed for large files
configure:5160: /usr/bin/clang -c -g -O2  conftest.c >&5
configure:5160: $? = 0
configure:5194: result: no
configure:5390: checking how to run the C preprocessor
configure:5416: /usr/bin/clang -E  conftest.c
configure:5416: $? = 0
configure:5431: /usr/bin/clang -E  conftest.c
conftest.c:65:10: fatal error: 'ac_nonexistent.h' file not found
   65 | #include <ac_nonexistent.h>
      |          ^~~~~~~~~~~~~~~~~~
1 error generated.
configure:5431: $? = 1
configure: failed program was:
| /* confdefs.h */
| #define PACKAGE_NAME "bash"
| #define PACKAGE_TARNAME "bash"
| #define PACKAGE_VERSION "5.2-release"
| #define PACKAGE_STRING "bash 5.2-release"
| #define PACKAGE_BUGREPORT "bug-bash@gnu.org"
| #define PACKAGE_URL ""
| #define USING_BASH_MALLOC 1
| #define ALIAS 1
| #define PUSHD_AND_POPD 1
| #define RESTRICTED_SHELL 1
| #define PROCESS_SUBSTITUTION 1
| #define PROMPT_STRING_DECODE 1
| #define SELECT_COMMAND 1
| #define HELP_BUILTIN 1
| #define ARRAY_VARS 1
| #define DPAREN_ARITHMETIC 1
| #define BRACE_EXPANSION 1
| #define COMMAND_TIMING 1
| #define EXTENDED_GLOB 1
| #define EXTGLOB_DEFAULT 0
| #define COND_COMMAND 1
| #define COND_REGEXP 1
| #define COPROCESS_SUPPORT 1
| #define ARITH_FOR_COMMAND 1
| #define NETWORK_REDIRECTIONS 1
| #define PROGRAMMABLE_COMPLETION 1
| #define DEBUGGER 1
| #define CASEMOD_ATTRS 1
| #define CASEMOD_EXPANSIONS 1
| #define GLOBASCII_DEFAULT 1
| #define FUNCTION_IMPORT 1
| #define TRANSLATABLE_STRINGS 1
| #define MEMSCRAMBLE 1
| #define HAVE_STDIO_H 1
| #define HAVE_STDLIB_H 1
| #define HAVE_STRING_H 1
| #define HAVE_INTTYPES_H 1
| #define HAVE_STDINT_H 1
| #define HAVE_STRINGS_H 1
| #define HAVE_SYS_STAT_H 1
| #define HAVE_SYS_TYPES_H 1
| #define HAVE_UNISTD_H 1
| #define HAVE_WCHAR_H 1
| #define HAVE_SYS_PARAM_H 1
| #define HAVE_SYS_TIME_H 1
| #define STDC_HEADERS 1
| #define _ALL_SOURCE 1
| #define _DARWIN_C_SOURCE 1
| #define _GNU_SOURCE 1
| #define _HPUX_ALT_XOPEN_SOCKET_API 1
| #define _NETBSD_SOURCE 1
| #define _OPENBSD_SOURCE 1
| #define _POSIX_PTHREAD_SEMANTICS 1
| #define __STDC_WANT_IEC_60559_ATTRIBS_EXT__ 1
| #define __STDC_WANT_IEC_60559_BFP_EXT__ 1
| #define __STDC_WANT_IEC_60559_DFP_EXT__ 1
| #define __STDC_WANT_IEC_60559_FUNCS_EXT__ 1
| #define __STDC_WANT_IEC_60559_TYPES_EXT__ 1
| #define __STDC_WANT_LIB_EXT2__ 1
| #define __STDC_WANT_MATH_SPEC_FUNCS__ 1
| #define _TANDEM_SOURCE 1
| #define __EXTENSIONS__ 1
| /* end confdefs.h.  */
| #include <ac_nonexistent.h>
configure:5458: result: /usr/bin/clang -E
configure:5472: /usr/bin/clang -E  conftest.c
configure:5472: $? = 0
configure:5487: /usr/bin/clang -E  conftest.c
conftest.c:65:10: fatal error: 'ac_nonexistent.h' file not found
   65 | #include <ac_nonexistent.h>
      |          ^~~~~~~~~~~~~~~~~~
1 error generated.
configure:5487: $? = 1
configure: failed program was:
| /* confdefs.h */
| #define PACKAGE_NAME "bash"
| #define PACKAGE_TARNAME "bash"
| #define PACKAGE_VERSION "5.2-release"
| #define PACKAGE_STRING "bash 5.2-release"
| #define PACKAGE_BUGREPORT "bug-bash@gnu.org"
| #define PACKAGE_URL ""
| #define USING_BASH_MALLOC 1
| #define ALIAS 1
| #define PUSHD_AND_POPD 1
| #define RESTRICTED_SHELL 1
| #define PROCESS_SUBSTITUTION 1
| #define PROMPT_STRING_DECODE 1
| #define SELECT_COMMAND 1
| #define HELP_BUILTIN 1
| #define ARRAY_VARS 1
| #define DPAREN_ARITHMETIC 1
| #define BRACE_EXPANSION 1
| #define COMMAND_TIMING 1
| #define EXTENDED_GLOB 1
| #define EXTGLOB_DEFAULT 0
| #define COND_COMMAND 1
| #define COND_REGEXP 1
| #define COPROCESS_SUPPORT 1
| #define ARITH_FOR_COMMAND 1
| #define NETWORK_REDIRECTIONS 1
| #define PROGRAMMABLE_COMPLETION 1
| #define DEBUGGER 1
| #define CASEMOD_ATTRS 1
| #define CASEMOD_EXPANSIONS 1
| #define GLOBASCII_DEFAULT 1
| #define FUNCTION_IMPORT 1
| #define TRANSLATABLE_STRINGS 1
| #define MEMSCRAMBLE 1
| #define HAVE_STDIO_H 1
| #define HAVE_STDLIB_H 1
| #define HAVE_STRING_H 1
| #define HAVE_INTTYPES_H 1
| #define HAVE_STDINT_H 1
| #define HAVE_STRINGS_H 1
| #define HAVE_SYS_STAT_H 1
| #define HAVE_SYS_TYPES_H 1
| #define HAVE_UNISTD_H 1
| #define HAVE_WCHAR_H 1
| #define HAVE_SYS_PARAM_H 1
| #define HAVE_SYS_TIME_H 1
| #define STDC_HEADERS 1
| #define _ALL_SOURCE 1
| #define _DARWIN_C_SOURCE 1
| #define _GNU_SOURCE 1
| #define _HPUX_ALT_XOPEN_SOCKET_API 1
| #define _NETBSD_SOURCE 1
| #define _OPENBSD_SOURCE 1
| #define _POSIX_PTHREAD_SEMANTICS 1
| #define __STDC_WANT_IEC_60559_ATTRIBS_EXT__ 1
| #define __STDC_WANT_IEC_60559_BFP_EXT__ 1
| #define __STDC_WANT_IEC_60559_DFP_EXT__ 1
| #define __STDC_WANT_IEC_60559_FUNCS_EXT__ 1
| #define __STDC_WANT_IEC_60559_TYPES_EXT__ 1
| #define __STDC_WANT_LIB_EXT2__ 1
| #define __STDC_WANT_MATH_SPEC_FUNCS__ 1
| #define _TANDEM_SOURCE 1
| #define __EXTENSIONS__ 1
| /* end confdefs.h.  */
| #include <ac_nonexistent.h>
configure:5518: checking for grep that handles long lines and -e
configure:5582: result: /usr/bin/grep
configure:5587: checking for egrep
configure:5655: result: /usr/bin/grep -E
configure:5661: checking whether /usr/bin/clang needs -traditional
configure:5698: result: no
configure:6223: checking for a BSD-compatible install
configure:6296: result: /usr/bin/install -c
configure:6355: checking for ar
configure:6376: found /usr/bin/ar
configure:6387: result: ar
configure:6458: checking for ranlib
configure:6479: found /usr/bin/ranlib
configure:6490: result: ranlib
configure:6516: checking for bison
configure:6537: found /usr/bin/bison
configure:6548: result: bison -y
configure:6560: checking whether make sets $(MAKE)
configure:6583: result: yes
configure:6971: checking for an ANSI C-conforming const
configure:7038: /usr/bin/clang -c -g -O2  conftest.c >&5
configure:7038: $? = 0
configure:7046: result: yes
configure:7054: checking for inline
configure:7071: /usr/bin/clang -c -g -O2  conftest.c >&5
configure:7071: $? = 0
configure:7080: result: inline
configure:7098: checking whether byte ordering is bigendian
configure:7114: /usr/bin/clang -c -g -O2  conftest.c >&5
conftest.c:69:9: error: unknown type name 'not'
   69 |                not a universal capable compiler
      |                ^
conftest.c:69:14: error: expected ';' after top level declarator
   69 |                not a universal capable compiler
      |                     ^
      |                     ;
2 errors generated.
configure:7114: $? = 1
configure: failed program was:
| /* confdefs.h */
| #define PACKAGE_NAME "bash"
| #define PACKAGE_TARNAME "bash"
| #define PACKAGE_VERSION "5.2-release"
| #define PACKAGE_STRING "bash 5.2-release"
| #define PACKAGE_BUGREPORT "bug-bash@gnu.org"
| #define PACKAGE_URL ""
| #define USING_BASH_MALLOC 1
| #define ALIAS 1
| #define PUSHD_AND_POPD 1
| #define RESTRICTED_SHELL 1
| #define PROCESS_SUBSTITUTION 1
| #define PROMPT_STRING_DECODE 1
| #define SELECT_COMMAND 1
| #define HELP_BUILTIN 1
| #define ARRAY_VARS 1
| #define DPAREN_ARITHMETIC 1
| #define BRACE_EXPANSION 1
| #define COMMAND_TIMING 1
| #define EXTENDED_GLOB 1
| #define EXTGLOB_DEFAULT 0
| #define COND_COMMAND 1
| #define COND_REGEXP 1
| #define COPROCESS_SUPPORT 1
| #define ARITH_FOR_COMMAND 1
| #define NETWORK_REDIRECTIONS 1
| #define PROGRAMMABLE_COMPLETION 1
| #define DEBUGGER 1
| #define CASEMOD_ATTRS 1
| #define CASEMOD_EXPANSIONS 1
| #define GLOBASCII_DEFAULT 1
| #define FUNCTION_IMPORT 1
| #define TRANSLATABLE_STRINGS 1
| #define MEMSCRAMBLE 1
| #define HAVE_STDIO_H 1
| #define HAVE_STDLIB_H 1
| #define HAVE_STRING_H 1
| #define HAVE_INTTYPES_H 1
| #define HAVE_STDINT_H 1
| #define HAVE_STRINGS_H 1
| #define HAVE_SYS_STAT_H 1
| #define HAVE_SYS_TYPES_H 1
| #define HAVE_UNISTD_H 1
| #define HAVE_WCHAR_H 1
| #define HAVE_SYS_PARAM_H 1
| #define HAVE_SYS_TIME_H 1
| #define STDC_HEADERS 1
| #define _ALL_SOURCE 1
| #define _DARWIN_C_SOURCE 1
| #define _GNU_SOURCE 1
| #define _HPUX_ALT_XOPEN_SOCKET_API 1
| #define _NETBSD_SOURCE 1
| #define _OPENBSD_SOURCE 1
| #define _POSIX_PTHREAD_SEMANTICS 1
| #define __STDC_WANT_IEC_60559_ATTRIBS_EXT__ 1
| #define __STDC_WANT_IEC_60559_BFP_EXT__ 1
| #define __STDC_WANT_IEC_60559_DFP_EXT__ 1
| #define __STDC_WANT_IEC_60559_FUNCS_EXT__ 1
| #define __STDC_WANT_IEC_60559_TYPES_EXT__ 1
| #define __STDC_WANT_LIB_EXT2__ 1
| #define __STDC_WANT_MATH_SPEC_FUNCS__ 1
| #define _TANDEM_SOURCE 1
| #define __EXTENSIONS__ 1
| #define READLINE 1
| #define HISTORY 1
| #define BANG_HISTORY 1
| /* end confdefs.h.  */
| #ifndef __APPLE_CC__
| 	       not a universal capable compiler
| 	     #endif
| 	     typedef int dummy;
| 
configure:7160: /usr/bin/clang -c -g -O2  conftest.c >&5
configure:7160: $? = 0
configure:7179: /usr/bin/clang -c -g -O2  conftest.c >&5
conftest.c:75:4: error: use of undeclared identifier 'not'
   75 |                  not big endian
      |                  ^
1 error generated.
configure:7179: $? = 1
configure: failed program was:
| /* confdefs.h */
| #define PACKAGE_NAME "bash"
| #define PACKAGE_TARNAME "bash"
| #define PACKAGE_VERSION "5.2-release"
| #define PACKAGE_STRING "bash 5.2-release"
| #define PACKAGE_BUGREPORT "bug-bash@gnu.org"
| #define PACKAGE_URL ""
| #define USING_BASH_MALLOC 1
| #define ALIAS 1
| #define PUSHD_AND_POPD 1
| #define RESTRICTED_SHELL 1
| #define PROCESS_SUBSTITUTION 1
| #define PROMPT_STRING_DECODE 1
| #define SELECT_COMMAND 1
| #define HELP_BUILTIN 1
| #define ARRAY_VARS 1
| #define DPAREN_ARITHMETIC 1
| #define BRACE_EXPANSION 1
| #define COMMAND_TIMING 1
| #define EXTENDED_GLOB 1
| #define EXTGLOB_DEFAULT 0
| #define COND_COMMAND 1
| #define COND_REGEXP 1
| #define COPROCESS_SUPPORT 1
| #define ARITH_FOR_COMMAND 1
| #define NETWORK_REDIRECTIONS 1
| #define PROGRAMMABLE_COMPLETION 1
| #define DEBUGGER 1
| #define CASEMOD_ATTRS 1
| #define CASEMOD_EXPANSIONS 1
| #define GLOBASCII_DEFAULT 1
| #define FUNCTION_IMPORT 1
| #define TRANSLATABLE_STRINGS 1
| #define MEMSCRAMBLE 1
| #define HAVE_STDIO_H 1
| #define HAVE_STDLIB_H 1
| #define HAVE_STRING_H 1
| #define HAVE_INTTYPES_H 1
| #define HAVE_STDINT_H 1
| #define HAVE_STRINGS_H 1
| #define HAVE_SYS_STAT_H 1
| #define HAVE_SYS_TYPES_H 1
| #define HAVE_UNISTD_H 1
| #define HAVE_WCHAR_H 1
| #define HAVE_SYS_PARAM_H 1
| #define HAVE_SYS_TIME_H 1
| #define STDC_HEADERS 1
| #define _ALL_SOURCE 1
| #define _DARWIN_C_SOURCE 1
| #define _GNU_SOURCE 1
| #define _HPUX_ALT_XOPEN_SOCKET_API 1
| #define _NETBSD_SOURCE 1
| #define _OPENBSD_SOURCE 1
| #define _POSIX_PTHREAD_SEMANTICS 1
| #define __STDC_WANT_IEC_60559_ATTRIBS_EXT__ 1
| #define __STDC_WANT_IEC_60559_BFP_EXT__ 1
| #define __STDC_WANT_IEC_60559_DFP_EXT__ 1
| #define __STDC_WANT_IEC_60559_FUNCS_EXT__ 1
| #define __STDC_WANT_IEC_60559_TYPES_EXT__ 1
| #define __STDC_WANT_LIB_EXT2__ 1
| #define __STDC_WANT_MATH_SPEC_FUNCS__ 1
| #define _TANDEM_SOURCE 1
| #define __EXTENSIONS__ 1
| #define READLINE 1
| #define HISTORY 1
| #define BANG_HISTORY 1
| /* end confdefs.h.  */
| #include <sys/types.h>
| 		#include <sys/param.h>
| 
| int
| main (void)
| {
| #if BYTE_ORDER != BIG_ENDIAN
| 		 not big endian
| 		#endif
| 
|   ;
|   return 0;
| }
configure:7313: result: no
configure:7331: checking for preprocessor stringizing operator
configure:7353: result: yes
configure:7362: checking for long double
configure:7397: result: yes
configure:7414: checking whether char is unsigned
configure:7434: /usr/bin/clang -c -g -O2  conftest.c >&5
configure:7434: $? = 0
configure:7442: result: no
configure:7449: checking for working volatile
configure:7469: /usr/bin/clang -c -g -O2  conftest.c >&5
configure:7469: $? = 0
configure:7477: result: yes
configure:7485: checking for C/C++ restrict keyword
configure:7515: /usr/bin/clang -c -g -O2  conftest.c >&5
configure:7515: $? = 0
configure:7524: result: __restrict__
configure:7537: checking for a race-free mkdir -p
configure:7581: result: /usr/bin/mkdir -p
configure:7584: checking for a sed that does not truncate output
configure:7654: result: /usr/bin/sed
configure:7660: checking whether NLS is requested
configure:7670: result: yes
configure:7710: checking for msgfmt
configure:7746: result: no
configure:7752: checking for gmsgfmt
configure:7788: result: :
configure:7838: checking for xgettext
configure:7874: result: no
configure:7916: checking for msgmerge
configure:7951: result: no
configure:7963: checking whether we are using the GNU C Library 2 or newer
configure:7992: result: yes
configure:8003: checking whether the -Werror option is usable
configure:8022: /usr/bin/clang -c -g -O2 -Werror  conftest.c >&5
configure:8022: $? = 0
configure:8032: result: yes
configure:8034: checking for simple visibility declarations
configure:8061: /usr/bin/clang -c -g -O2 -fvisibility=hidden -Werror  conftest.c >&5
configure:8061: $? = 0
configure:8071: result: yes
configure:8084: checking for size_t
configure:8084: /usr/bin/clang -c -g -O2  conftest.c >&5
configure:8084: $? = 0
configure:8084: /usr/bin/clang -c -g -O2  conftest.c >&5
conftest.c:105:21: error: expected expression
  105 | if (sizeof ((size_t)))
      |                     ^
1 error generated.
configure:8084: $? = 1
configure: failed program was:
| /* confdefs.h */
| #define PACKAGE_NAME "bash"
| #define PACKAGE_TARNAME "bash"
| #define PACKAGE_VERSION "5.2-release"
| #define PACKAGE_STRING "bash 5.2-release"
| #define PACKAGE_BUGREPORT "bug-bash@gnu.org"
| #define PACKAGE_URL ""
| #define USING_BASH_MALLOC 1
| #define ALIAS 1
| #define PUSHD_AND_POPD 1
| #define RESTRICTED_SHELL 1
| #define PROCESS_SUBSTITUTION 1
| #define PROMPT_STRING_DECODE 1
| #define SELECT_COMMAND 1
| #define HELP_BUILTIN 1
| #define ARRAY_VARS 1
| #define DPAREN_ARITHMETIC 1
| #define BRACE_EXPANSION 1
| #define COMMAND_TIMING 1
| #define EXTENDED_GLOB 1
| #define EXTGLOB_DEFAULT 0
| #define COND_COMMAND 1
| #define COND_REGEXP 1
| #define COPROCESS_SUPPORT 1
| #define ARITH_FOR_COMMAND 1
| #define NETWORK_REDIRECTIONS 1
| #define PROGRAMMABLE_COMPLETION 1
| #define DEBUGGER 1
| #define CASEMOD_ATTRS 1
| #define CASEMOD_EXPANSIONS 1
| #define GLOBASCII_DEFAULT 1
| #define FUNCTION_IMPORT 1
| #define TRANSLATABLE_STRINGS 1
| #define MEMSCRAMBLE 1
| #define HAVE_STDIO_H 1
| #define HAVE_STDLIB_H 1
| #define HAVE_STRING_H 1
| #define HAVE_INTTYPES_H 1
| #define HAVE_STDINT_H 1
| #define HAVE_STRINGS_H 1
| #define HAVE_SYS_STAT_H 1
| #define HAVE_SYS_TYPES_H 1
| #define HAVE_UNISTD_H 1
| #define HAVE_WCHAR_H 1
| #define HAVE_SYS_PARAM_H 1
| #define HAVE_SYS_TIME_H 1
| #define STDC_HEADERS 1
| #define _ALL_SOURCE 1
| #define _DARWIN_C_SOURCE 1
| #define _GNU_SOURCE 1
| #define _HPUX_ALT_XOPEN_SOCKET_API 1
| #define _NETBSD_SOURCE 1
| #define _OPENBSD_SOURCE 1
| #define _POSIX_PTHREAD_SEMANTICS 1
| #define __STDC_WANT_IEC_60559_ATTRIBS_EXT__ 1
| #define __STDC_WANT_IEC_60559_BFP_EXT__ 1
| #define __STDC_WANT_IEC_60559_DFP_EXT__ 1
| #define __STDC_WANT_IEC_60559_FUNCS_EXT__ 1
| #define __STDC_WANT_IEC_60559_TYPES_EXT__ 1
| #define __STDC_WANT_LIB_EXT2__ 1
| #define __STDC_WANT_MATH_SPEC_FUNCS__ 1
| #define _TANDEM_SOURCE 1
| #define __EXTENSIONS__ 1
| #define READLINE 1
| #define HISTORY 1
| #define BANG_HISTORY 1
| #define HAVE_STRINGIZE 1
| #define HAVE_LONG_DOUBLE 1
| #define PROTOTYPES 1
| #define __PROTOTYPES 1
| #define restrict __restrict__
| #define HAVE_VISIBILITY 1
| /* end confdefs.h.  */
| #include <stddef.h>
| #ifdef HAVE_STDIO_H
| # include <stdio.h>
| #endif
| #ifdef HAVE_STDLIB_H
| # include <stdlib.h>
| #endif
| #ifdef HAVE_STRING_H
| # include <string.h>
| #endif
| #ifdef HAVE_INTTYPES_H
| # include <inttypes.h>
| #endif
| #ifdef HAVE_STDINT_H
| # include <stdint.h>
| #endif
| #ifdef HAVE_STRINGS_H
| # include <strings.h>
| #endif
| #ifdef HAVE_SYS_TYPES_H
| # include <sys/types.h>
| #endif
| #ifdef HAVE_SYS_STAT_H
| # include <sys/stat.h>
| #endif
| #ifdef HAVE_UNISTD_H
| # include <unistd.h>
| #endif
| int
| main (void)
| {
| if (sizeof ((size_t)))
| 	    return 0;
|   ;
|   return 0;
| }
configure:8084: result: yes
configure:8095: checking for stdint.h
configure:8113: /usr/bin/clang -c -g -O2  conftest.c >&5
configure:8113: $? = 0
configure:8121: result: yes
configure:8131: checking for working alloca.h
configure:8149: /usr/bin/clang -o conftest -g -O2   conftest.c  >&5
configure:8149: $? = 0
configure:8158: result: yes
configure:8166: checking for alloca
configure:8211: result: yes
configure:8283: checking for getpagesize
configure:8283: /usr/bin/clang -o conftest -g -O2   conftest.c  >&5
configure:8283: $? = 0
configure:8283: result: yes
configure:8283: checking for symlink
configure:8283: /usr/bin/clang -o conftest -g -O2   conftest.c  >&5
configure:8283: $? = 0
configure:8283: result: yes
configure:8283: checking for uselocale
configure:8283: /usr/bin/clang -o conftest -g -O2   conftest.c  >&5
configure:8283: $? = 0
configure:8283: result: yes
configure:8283: checking for vprintf
configure:8283: /usr/bin/clang -o conftest -g -O2   conftest.c  >&5
conftest.c:96:6: warning: incompatible redeclaration of library function 'vprintf' [-Wincompatible-library-redeclaration]
   96 | char vprintf ();
      |      ^
conftest.c:96:6: note: 'vprintf' is a builtin with type 'int (const char *, struct __va_list_tag *)'
1 warning generated.
configure:8283: $? = 0
configure:8283: result: yes
configure:8283: checking for alarm
configure:8283: /usr/bin/clang -o conftest -g -O2   conftest.c  >&5
configure:8283: $? = 0
configure:8283: result: yes
configure:8283: checking for fpurge
configure:8283: /usr/bin/clang -o conftest -g -O2   conftest.c  >&5
/usr/bin/ld: /tmp/conftest-57f2e4.o: in function `main':
/home/gandhi/jk-robotics/operating_system/bash/conftest.c:109:(.text+0x4): undefined reference to `fpurge'
clang: error: linker command failed with exit code 1 (use -v to see invocation)
configure:8283: $? = 1
configure: failed program was:
| /* confdefs.h */
| #define PACKAGE_NAME "bash"
| #define PACKAGE_TARNAME "bash"
| #define PACKAGE_VERSION "5.2-release"
| #define PACKAGE_STRING "bash 5.2-release"
| #define PACKAGE_BUGREPORT "bug-bash@gnu.org"
| #define PACKAGE_URL ""
| #define USING_BASH_MALLOC 1
| #define ALIAS 1
| #define PUSHD_AND_POPD 1
| #define RESTRICTED_SHELL 1
| #define PROCESS_SUBSTITUTION 1
| #define PROMPT_STRING_DECODE 1
| #define SELECT_COMMAND 1
| #define HELP_BUILTIN 1
| #define ARRAY_VARS 1
| #define DPAREN_ARITHMETIC 1
| #define BRACE_EXPANSION 1
| #define COMMAND_TIMING 1
| #define EXTENDED_GLOB 1
| #define EXTGLOB_DEFAULT 0
| #define COND_COMMAND 1
| #define COND_REGEXP 1
| #define COPROCESS_SUPPORT 1
| #define ARITH_FOR_COMMAND 1
| #define NETWORK_REDIRECTIONS 1
| #define PROGRAMMABLE_COMPLETION 1
| #define DEBUGGER 1
| #define CASEMOD_ATTRS 1
| #define CASEMOD_EXPANSIONS 1
| #define GLOBASCII_DEFAULT 1
| #define FUNCTION_IMPORT 1
| #define TRANSLATABLE_STRINGS 1
| #define MEMSCRAMBLE 1
| #define HAVE_STDIO_H 1
| #define HAVE_STDLIB_H 1
| #define HAVE_STRING_H 1
| #define HAVE_INTTYPES_H 1
| #define HAVE_STDINT_H 1
| #define HAVE_STRINGS_H 1
| #define HAVE_SYS_STAT_H 1
| #define HAVE_SYS_TYPES_H 1
| #define HAVE_UNISTD_H 1
| #define HAVE_WCHAR_H 1
| #define HAVE_SYS_PARAM_H 1
| #define HAVE_SYS_TIME_H 1
| #define STDC_HEADERS 1
| #define _ALL_SOURCE 1
| #define _DARWIN_C_SOURCE 1
| #define _GNU_SOURCE 1
| #define _HPUX_ALT_XOPEN_SOCKET_API 1
| #define _NETBSD_SOURCE 1
| #define _OPENBSD_SOURCE 1
| #define _POSIX_PTHREAD_SEMANTICS 1
| #define __STDC_WANT_IEC_60559_ATTRIBS_EXT__ 1
| #define __STDC_WANT_IEC_60559_BFP_EXT__ 1
| #define __STDC_WANT_IEC_60559_DFP_EXT__ 1
| #define __STDC_WANT_IEC_60559_FUNCS_EXT__ 1
| #define __STDC_WANT_IEC_60559_TYPES_EXT__ 1
| #define __STDC_WANT_LIB_EXT2__ 1
| #define __STDC_WANT_MATH_SPEC_FUNCS__ 1
| #define _TANDEM_SOURCE 1
| #define __EXTENSIONS__ 1
| #define READLINE 1
| #define HISTORY 1
| #define BANG_HISTORY 1
| #define HAVE_STRINGIZE 1
| #define HAVE_LONG_DOUBLE 1
| #define PROTOTYPES 1
| #define __PROTOTYPES 1
| #define restrict __restrict__
| #define HAVE_VISIBILITY 1
| #define HAVE_STDINT_H_WITH_UINTMAX 1
| #define HAVE_ALLOCA_H 1
| #define HAVE_ALLOCA 1
| #define HAVE_GETPAGESIZE 1
| #define HAVE_SYMLINK 1
| #define HAVE_USELOCALE 1
| #define HAVE_VPRINTF 1
| #define HAVE_ALARM 1
| /* end confdefs.h.  */
| /* Define fpurge to an innocuous variant, in case <limits.h> declares fpurge.
|    For example, HP-UX 11i <limits.h> declares gettimeofday.  */
| #define fpurge innocuous_fpurge
| 
| /* System header to define __stub macros and hopefully few prototypes,
|    which can conflict with char fpurge (); below.  */
| 
| #include <limits.h>
| #undef fpurge
| 
| /* Override any GCC internal prototype to avoid an error.
|    Use char because int might match the return type of a GCC
|    builtin and then its argument prototype would still apply.  */
| #ifdef __cplusplus
| extern "C"
| #endif
| char fpurge ();
| /* The GNU C library defines this for functions which it implements
|     to always fail with ENOSYS.  Some functions are actually named
|     something starting with __ and the normal name is an alias.  */
| #if defined __stub_fpurge || defined __stub___fpurge
| choke me
| #endif
| 
| int
| main (void)
| {
| return fpurge ();
|   ;
|   return 0;
| }
configure:8283: result: no
configure:8283: checking for __fpurge
configure:8283: /usr/bin/clang -o conftest -g -O2   conftest.c  >&5
configure:8283: $? = 0
configure:8283: result: yes
configure:8283: checking for snprintf
configure:8283: /usr/bin/clang -o conftest -g -O2   conftest.c  >&5
conftest.c:99:6: warning: incompatible redeclaration of library function 'snprintf' [-Wincompatible-library-redeclaration]
   99 | char snprintf ();
      |      ^
conftest.c:99:6: note: 'snprintf' is a builtin with type 'int (char *, unsigned long, const char *, ...)'
1 warning generated.
configure:8283: $? = 0
configure:8283: result: yes
configure:8283: checking for vsnprintf
configure:8283: /usr/bin/clang -o conftest -g -O2   conftest.c  >&5
conftest.c:100:6: warning: incompatible redeclaration of library function 'vsnprintf' [-Wincompatible-library-redeclaration]
  100 | char vsnprintf ();
      |      ^
conftest.c:100:6: note: 'vsnprintf' is a builtin with type 'int (char *, unsigned long, const char *, struct __va_list_tag *)'
1 warning generated.
configure:8283: $? = 0
configure:8283: result: yes
configure:8294: checking for working mmap
configure:8446: /usr/bin/clang -o conftest -g -O2   conftest.c  >&5
configure:8446: $? = 0
configure:8446: ./conftest
configure:8446: $? = 0
configure:8457: result: yes
configure:8468: checking whether integer division by zero raises SIGFPE
configure:8536: /usr/bin/clang -o conftest -g -O2   conftest.c  >&5
configure:8536: $? = 0
configure:8536: ./conftest
configure:8536: $? = 0
configure:8549: result: yes
configure:8560: checking for inttypes.h
configure:8580: /usr/bin/clang -c -g -O2  conftest.c >&5
configure:8580: $? = 0
configure:8588: result: yes
configure:8597: checking for unsigned long long int
configure:8639: /usr/bin/clang -o conftest -g -O2   conftest.c  >&5
configure:8639: $? = 0
configure:8649: result: yes
configure:8675: checking for inttypes.h
configure:8675: result: yes
configure:8683: checking whether the inttypes.h PRIxNN macros are broken
configure:8706: /usr/bin/clang -c -g -O2  conftest.c >&5
configure:8706: $? = 0
configure:8715: result: no
configure:8823: checking for ld used by /usr/bin/clang
configure:8951: result: /usr/bin/ld
configure:8958: checking if the linker (/usr/bin/ld) is GNU ld
configure:8974: result: yes
configure:8983: checking for shared library run path origin
configure:8997: result: done
configure:9019: checking 32-bit host C ABI
configure:9058: /usr/bin/clang -c -g -O2  conftest.c >&5
configure:9058: $? = 0
configure:9254: result: no
configure:9293: checking for the common suffixes of directories in the library search path
configure:9345: result: lib,lib
configure:9359: checking whether imported symbols can be declared weak
configure:9378: /usr/bin/clang -o conftest -g -O2   conftest.c  >&5
configure:9378: $? = 0
configure:9415: /usr/bin/clang -o conftest -g -O2   conftest.c  >&5
configure:9415: $? = 0
configure:9415: ./conftest
configure:9415: $? = 0
configure:9431: result: yes
configure:9436: checking for pthread.h
configure:9436: /usr/bin/clang -c -g -O2  conftest.c >&5
configure:9436: $? = 0
configure:9436: result: yes
configure:9474: /usr/bin/clang -o conftest -g -O2   conftest.c   >&5
configure:9474: $? = 0
configure:9491: checking for pthread_kill in -lpthread
configure:9514: /usr/bin/clang -o conftest -g -O2   conftest.c -lpthread   >&5
configure:9514: $? = 0
configure:9524: result: yes
configure:10272: checking for multithread API to use
configure:10274: result: posix
configure:10291: checking for pthread_rwlock_t
configure:10291: /usr/bin/clang -c -g -O2  conftest.c >&5
configure:10291: $? = 0
configure:10291: /usr/bin/clang -c -g -O2  conftest.c >&5
conftest.c:98:31: error: expected expression
   98 | if (sizeof ((pthread_rwlock_t)))
      |                               ^
1 error generated.
configure:10291: $? = 1
configure: failed program was:
| /* confdefs.h */
| #define PACKAGE_NAME "bash"
| #define PACKAGE_TARNAME "bash"
| #define PACKAGE_VERSION "5.2-release"
| #define PACKAGE_STRING "bash 5.2-release"
| #define PACKAGE_BUGREPORT "bug-bash@gnu.org"
| #define PACKAGE_URL ""
| #define USING_BASH_MALLOC 1
| #define ALIAS 1
| #define PUSHD_AND_POPD 1
| #define RESTRICTED_SHELL 1
| #define PROCESS_SUBSTITUTION 1
| #define PROMPT_STRING_DECODE 1
| #define SELECT_COMMAND 1
| #define HELP_BUILTIN 1
| #define ARRAY_VARS 1
| #define DPAREN_ARITHMETIC 1
| #define BRACE_EXPANSION 1
| #define COMMAND_TIMING 1
| #define EXTENDED_GLOB 1
| #define EXTGLOB_DEFAULT 0
| #define COND_COMMAND 1
| #define COND_REGEXP 1
| #define COPROCESS_SUPPORT 1
| #define ARITH_FOR_COMMAND 1
| #define NETWORK_REDIRECTIONS 1
| #define PROGRAMMABLE_COMPLETION 1
| #define DEBUGGER 1
| #define CASEMOD_ATTRS 1
| #define CASEMOD_EXPANSIONS 1
| #define GLOBASCII_DEFAULT 1
| #define FUNCTION_IMPORT 1
| #define TRANSLATABLE_STRINGS 1
| #define MEMSCRAMBLE 1
| #define HAVE_STDIO_H 1
| #define HAVE_STDLIB_H 1
| #define HAVE_STRING_H 1
| #define HAVE_INTTYPES_H 1
| #define HAVE_STDINT_H 1
| #define HAVE_STRINGS_H 1
| #define HAVE_SYS_STAT_H 1
| #define HAVE_SYS_TYPES_H 1
| #define HAVE_UNISTD_H 1
| #define HAVE_WCHAR_H 1
| #define HAVE_SYS_PARAM_H 1
| #define HAVE_SYS_TIME_H 1
| #define STDC_HEADERS 1
| #define _ALL_SOURCE 1
| #define _DARWIN_C_SOURCE 1
| #define _GNU_SOURCE 1
| #define _HPUX_ALT_XOPEN_SOCKET_API 1
| #define _NETBSD_SOURCE 1
| #define _OPENBSD_SOURCE 1
| #define _POSIX_PTHREAD_SEMANTICS 1
| #define __STDC_WANT_IEC_60559_ATTRIBS_EXT__ 1
| #define __STDC_WANT_IEC_60559_BFP_EXT__ 1
| #define __STDC_WANT_IEC_60559_DFP_EXT__ 1
| #define __STDC_WANT_IEC_60559_FUNCS_EXT__ 1
| #define __STDC_WANT_IEC_60559_TYPES_EXT__ 1
| #define __STDC_WANT_LIB_EXT2__ 1
| #define __STDC_WANT_MATH_SPEC_FUNCS__ 1
| #define _TANDEM_SOURCE 1
| #define __EXTENSIONS__ 1
| #define READLINE 1
| #define HISTORY 1
| #define BANG_HISTORY 1
| #define HAVE_STRINGIZE 1
| #define HAVE_LONG_DOUBLE 1
| #define PROTOTYPES 1
| #define __PROTOTYPES 1
| #define restrict __restrict__
| #define HAVE_VISIBILITY 1
| #define HAVE_STDINT_H_WITH_UINTMAX 1
| #define HAVE_ALLOCA_H 1
| #define HAVE_ALLOCA 1
| #define HAVE_GETPAGESIZE 1
| #define HAVE_SYMLINK 1
| #define HAVE_USELOCALE 1
| #define HAVE_VPRINTF 1
| #define HAVE_ALARM 1
| #define HAVE___FPURGE 1
| #define HAVE_SNPRINTF 1
| #define HAVE_VSNPRINTF 1
| #define HAVE_MMAP 1
| #define INTDIV0_RAISES_SIGFPE 1
| #define HAVE_INTTYPES_H_WITH_UINTMAX 1
| #define HAVE_UNSIGNED_LONG_LONG_INT 1
| #define HAVE_UINTMAX_T 1
| #define HAVE_INTTYPES_H 1
| #define USE_POSIX_THREADS 1
| #define USE_POSIX_THREADS_WEAK 1
| /* end confdefs.h.  */
| #include <pthread.h>
| 
| int
| main (void)
| {
| if (sizeof ((pthread_rwlock_t)))
| 	    return 0;
|   ;
|   return 0;
| }
configure:10291: result: yes
configure:10304: checking whether pthread_rwlock_rdlock prefers a writer to a reader
configure:10431: /usr/bin/clang -o conftest -g -O2   conftest.c  -lpthread >&5
configure:10431: $? = 0
configure:10431: ./conftest
configure:10431: $? = 1
configure: program exited with status 1
configure: failed program was:
| /* confdefs.h */
| #define PACKAGE_NAME "bash"
| #define PACKAGE_TARNAME "bash"
| #define PACKAGE_VERSION "5.2-release"
| #define PACKAGE_STRING "bash 5.2-release"
| #define PACKAGE_BUGREPORT "bug-bash@gnu.org"
| #define PACKAGE_URL ""
| #define USING_BASH_MALLOC 1
| #define ALIAS 1
| #define PUSHD_AND_POPD 1
| #define RESTRICTED_SHELL 1
| #define PROCESS_SUBSTITUTION 1
| #define PROMPT_STRING_DECODE 1
| #define SELECT_COMMAND 1
| #define HELP_BUILTIN 1
| #define ARRAY_VARS 1
| #define DPAREN_ARITHMETIC 1
| #define BRACE_EXPANSION 1
| #define COMMAND_TIMING 1
| #define EXTENDED_GLOB 1
| #define EXTGLOB_DEFAULT 0
| #define COND_COMMAND 1
| #define COND_REGEXP 1
| #define COPROCESS_SUPPORT 1
| #define ARITH_FOR_COMMAND 1
| #define NETWORK_REDIRECTIONS 1
| #define PROGRAMMABLE_COMPLETION 1
| #define DEBUGGER 1
| #define CASEMOD_ATTRS 1
| #define CASEMOD_EXPANSIONS 1
| #define GLOBASCII_DEFAULT 1
| #define FUNCTION_IMPORT 1
| #define TRANSLATABLE_STRINGS 1
| #define MEMSCRAMBLE 1
| #define HAVE_STDIO_H 1
| #define HAVE_STDLIB_H 1
| #define HAVE_STRING_H 1
| #define HAVE_INTTYPES_H 1
| #define HAVE_STDINT_H 1
| #define HAVE_STRINGS_H 1
| #define HAVE_SYS_STAT_H 1
| #define HAVE_SYS_TYPES_H 1
| #define HAVE_UNISTD_H 1
| #define HAVE_WCHAR_H 1
| #define HAVE_SYS_PARAM_H 1
| #define HAVE_SYS_TIME_H 1
| #define STDC_HEADERS 1
| #define _ALL_SOURCE 1
| #define _DARWIN_C_SOURCE 1
| #define _GNU_SOURCE 1
| #define _HPUX_ALT_XOPEN_SOCKET_API 1
| #define _NETBSD_SOURCE 1
| #define _OPENBSD_SOURCE 1
| #define _POSIX_PTHREAD_SEMANTICS 1
| #define __STDC_WANT_IEC_60559_ATTRIBS_EXT__ 1
| #define __STDC_WANT_IEC_60559_BFP_EXT__ 1
| #define __STDC_WANT_IEC_60559_DFP_EXT__ 1
| #define __STDC_WANT_IEC_60559_FUNCS_EXT__ 1
| #define __STDC_WANT_IEC_60559_TYPES_EXT__ 1
| #define __STDC_WANT_LIB_EXT2__ 1
| #define __STDC_WANT_MATH_SPEC_FUNCS__ 1
| #define _TANDEM_SOURCE 1
| #define __EXTENSIONS__ 1
| #define READLINE 1
| #define HISTORY 1
| #define BANG_HISTORY 1
| #define HAVE_STRINGIZE 1
| #define HAVE_LONG_DOUBLE 1
| #define PROTOTYPES 1
| #define __PROTOTYPES 1
| #define restrict __restrict__
| #define HAVE_VISIBILITY 1
| #define HAVE_STDINT_H_WITH_UINTMAX 1
| #define HAVE_ALLOCA_H 1
| #define HAVE_ALLOCA 1
| #define HAVE_GETPAGESIZE 1
| #define HAVE_SYMLINK 1
| #define HAVE_USELOCALE 1
| #define HAVE_VPRINTF 1
| #define HAVE_ALARM 1
| #define HAVE___FPURGE 1
| #define HAVE_SNPRINTF 1
| #define HAVE_VSNPRINTF 1
| #define HAVE_MMAP 1
| #define INTDIV0_RAISES_SIGFPE 1
| #define HAVE_INTTYPES_H_WITH_UINTMAX 1
| #define HAVE_UNSIGNED_LONG_LONG_INT 1
| #define HAVE_UINTMAX_T 1
| #define HAVE_INTTYPES_H 1
| #define USE_POSIX_THREADS 1
| #define USE_POSIX_THREADS_WEAK 1
| #define HAVE_PTHREAD_RWLOCK 1
| /* end confdefs.h.  */
| 
| #include <errno.h>
| #include <pthread.h>
| #include <stdlib.h>
| #include <unistd.h>
| 
| #define SUCCEED() exit (0)
| #define FAILURE() exit (1)
| #define UNEXPECTED(n) (exit (10 + (n)))
| 
| /* The main thread creates the waiting writer and the requesting reader threads
|    in the default way; this guarantees that they have the same priority.
|    We can reuse the main thread as first reader thread.  */
| 
| static pthread_rwlock_t lock;
| static pthread_t reader1;
| static pthread_t writer;
| static pthread_t reader2;
| static pthread_t timer;
| /* Used to pass control from writer to reader2 and from reader2 to timer,
|    as in a relay race.
|    Passing control from one running thread to another running thread
|    is most likely faster than to create the second thread.  */
| static pthread_mutex_t baton;
| 
| static void *
| timer_func (void *ignored)
| {
|   /* Step 13 (can be before or after step 12):
|      The timer thread takes the baton, then waits a moment to make sure
|      it can tell whether the second reader thread is blocked at step 12.  */
|   if (pthread_mutex_lock (&baton))
|     UNEXPECTED (13);
|   usleep (100000);
|   /* By the time we get here, it's clear that the second reader thread is
|      blocked at step 12.  This is the desired behaviour.  */
|   SUCCEED ();
| }
| 
| static void *
| reader2_func (void *ignored)
| {
|   int err;
| 
|   /* Step 8 (can be before or after step 7):
|      The second reader thread takes the baton, then waits a moment to make sure
|      the writer thread has reached step 7.  */
|   if (pthread_mutex_lock (&baton))
|     UNEXPECTED (8);
|   usleep (100000);
|   /* Step 9: The second reader thread requests the lock.  */
|   err = pthread_rwlock_tryrdlock (&lock);
|   if (err == 0)
|     FAILURE ();
|   else if (err != EBUSY)
|     UNEXPECTED (9);
|   /* Step 10: Launch a timer, to test whether the next call blocks.  */
|   if (pthread_create (&timer, NULL, timer_func, NULL))
|     UNEXPECTED (10);
|   /* Step 11: Release the baton.  */
|   if (pthread_mutex_unlock (&baton))
|     UNEXPECTED (11);
|   /* Step 12: The second reader thread requests the lock.  */
|   err = pthread_rwlock_rdlock (&lock);
|   if (err == 0)
|     FAILURE ();
|   else
|     UNEXPECTED (12);
| }
| 
| static void *
| writer_func (void *ignored)
| {
|   /* Step 4: Take the baton, so that the second reader thread does not go ahead
|      too early.  */
|   if (pthread_mutex_lock (&baton))
|     UNEXPECTED (4);
|   /* Step 5: Create the second reader thread.  */
|   if (pthread_create (&reader2, NULL, reader2_func, NULL))
|     UNEXPECTED (5);
|   /* Step 6: Release the baton.  */
|   if (pthread_mutex_unlock (&baton))
|     UNEXPECTED (6);
|   /* Step 7: The writer thread requests the lock.  */
|   if (pthread_rwlock_wrlock (&lock))
|     UNEXPECTED (7);
|   return NULL;
| }
| 
| int
| main ()
| {
|   reader1 = pthread_self ();
| 
|   /* Step 1: The main thread initializes the lock and the baton.  */
|   if (pthread_rwlock_init (&lock, NULL))
|     UNEXPECTED (1);
|   if (pthread_mutex_init (&baton, NULL))
|     UNEXPECTED (1);
|   /* Step 2: The main thread acquires the lock as a reader.  */
|   if (pthread_rwlock_rdlock (&lock))
|     UNEXPECTED (2);
|   /* Step 3: Create the writer thread.  */
|   if (pthread_create (&writer, NULL, writer_func, NULL))
|     UNEXPECTED (3);
|   /* Job done.  Go to sleep.  */
|   for (;;)
|     {
|       sleep (1);
|     }
| }
| 
configure:10444: result: no
configure:10478: /usr/bin/clang -c -g -O2  conftest.c >&5
configure:10478: $? = 0
configure:10488: checking for /usr/bin/clang options needed to detect all undeclared functions
configure:10510: /usr/bin/clang -c -g -O2   conftest.c >&5
conftest.c:99:8: error: call to undeclared library function 'strchr' with type 'char *(const char *, int)'; ISO C99 and later do not support implicit function declarations [-Wimplicit-function-declaration]
   99 | (void) strchr;
      |        ^
conftest.c:99:8: note: include the header <string.h> or explicitly provide a declaration for 'strchr'
1 error generated.
configure:10510: $? = 1
configure: failed program was:
| /* confdefs.h */
| #define PACKAGE_NAME "bash"
| #define PACKAGE_TARNAME "bash"
| #define PACKAGE_VERSION "5.2-release"
| #define PACKAGE_STRING "bash 5.2-release"
| #define PACKAGE_BUGREPORT "bug-bash@gnu.org"
| #define PACKAGE_URL ""
| #define USING_BASH_MALLOC 1
| #define ALIAS 1
| #define PUSHD_AND_POPD 1
| #define RESTRICTED_SHELL 1
| #define PROCESS_SUBSTITUTION 1
| #define PROMPT_STRING_DECODE 1
| #define SELECT_COMMAND 1
| #define HELP_BUILTIN 1
| #define ARRAY_VARS 1
| #define DPAREN_ARITHMETIC 1
| #define BRACE_EXPANSION 1
| #define COMMAND_TIMING 1
| #define EXTENDED_GLOB 1
| #define EXTGLOB_DEFAULT 0
| #define COND_COMMAND 1
| #define COND_REGEXP 1
| #define COPROCESS_SUPPORT 1
| #define ARITH_FOR_COMMAND 1
| #define NETWORK_REDIRECTIONS 1
| #define PROGRAMMABLE_COMPLETION 1
| #define DEBUGGER 1
| #define CASEMOD_ATTRS 1
| #define CASEMOD_EXPANSIONS 1
| #define GLOBASCII_DEFAULT 1
| #define FUNCTION_IMPORT 1
| #define TRANSLATABLE_STRINGS 1
| #define MEMSCRAMBLE 1
| #define HAVE_STDIO_H 1
| #define HAVE_STDLIB_H 1
| #define HAVE_STRING_H 1
| #define HAVE_INTTYPES_H 1
| #define HAVE_STDINT_H 1
| #define HAVE_STRINGS_H 1
| #define HAVE_SYS_STAT_H 1
| #define HAVE_SYS_TYPES_H 1
| #define HAVE_UNISTD_H 1
| #define HAVE_WCHAR_H 1
| #define HAVE_SYS_PARAM_H 1
| #define HAVE_SYS_TIME_H 1
| #define STDC_HEADERS 1
| #define _ALL_SOURCE 1
| #define _DARWIN_C_SOURCE 1
| #define _GNU_SOURCE 1
| #define _HPUX_ALT_XOPEN_SOCKET_API 1
| #define _NETBSD_SOURCE 1
| #define _OPENBSD_SOURCE 1
| #define _POSIX_PTHREAD_SEMANTICS 1
| #define __STDC_WANT_IEC_60559_ATTRIBS_EXT__ 1
| #define __STDC_WANT_IEC_60559_BFP_EXT__ 1
| #define __STDC_WANT_IEC_60559_DFP_EXT__ 1
| #define __STDC_WANT_IEC_60559_FUNCS_EXT__ 1
| #define __STDC_WANT_IEC_60559_TYPES_EXT__ 1
| #define __STDC_WANT_LIB_EXT2__ 1
| #define __STDC_WANT_MATH_SPEC_FUNCS__ 1
| #define _TANDEM_SOURCE 1
| #define __EXTENSIONS__ 1
| #define READLINE 1
| #define HISTORY 1
| #define BANG_HISTORY 1
| #define HAVE_STRINGIZE 1
| #define HAVE_LONG_DOUBLE 1
| #define PROTOTYPES 1
| #define __PROTOTYPES 1
| #define restrict __restrict__
| #define HAVE_VISIBILITY 1
| #define HAVE_STDINT_H_WITH_UINTMAX 1
| #define HAVE_ALLOCA_H 1
| #define HAVE_ALLOCA 1
| #define HAVE_GETPAGESIZE 1
| #define HAVE_SYMLINK 1
| #define HAVE_USELOCALE 1
| #define HAVE_VPRINTF 1
| #define HAVE_ALARM 1
| #define HAVE___FPURGE 1
| #define HAVE_SNPRINTF 1
| #define HAVE_VSNPRINTF 1
| #define HAVE_MMAP 1
| #define INTDIV0_RAISES_SIGFPE 1
| #define HAVE_INTTYPES_H_WITH_UINTMAX 1
| #define HAVE_UNSIGNED_LONG_LONG_INT 1
| #define HAVE_UINTMAX_T 1
| #define HAVE_INTTYPES_H 1
| #define USE_POSIX_THREADS 1
| #define USE_POSIX_THREADS_WEAK 1
| #define HAVE_PTHREAD_RWLOCK 1
| #define HAVE_PTHREAD_MUTEX_RECURSIVE 1
| /* end confdefs.h.  */
| 
| int
| main (void)
| {
| (void) strchr;
|   ;
|   return 0;
| }
configure:10537: /usr/bin/clang -c -g -O2   conftest.c >&5
configure:10537: $? = 0
configure:10554: result: none needed
configure:11063: checking for iconv
configure:11088: /usr/bin/clang -o conftest -g -O2   conftest.c  >&5
configure:11088: $? = 0
configure:11124: result: yes
configure:11127: checking for working iconv
configure:11270: /usr/bin/clang -o conftest -g -O2   conftest.c  >&5
configure:11270: $? = 0
configure:11270: ./conftest
configure:11270: $? = 0
configure:11283: result: yes
configure:11311: checking for iconv declaration
configure:11341: /usr/bin/clang -c -g -O2  conftest.c >&5
configure:11341: $? = 0
configure:11352: result:
         extern size_t iconv (iconv_t cd, char * *inbuf, size_t *inbytesleft, char * *outbuf, size_t *outbytesleft);
configure:11378: /usr/bin/clang -o conftest -g -O2   conftest.c  >&5
configure:11378: $? = 0
configure:11387: checking for argz.h
configure:11387: /usr/bin/clang -c -g -O2  conftest.c >&5
configure:11387: $? = 0
configure:11387: result: yes
configure:11393: checking for inttypes.h
configure:11393: result: yes
configure:11399: checking for limits.h
configure:11399: /usr/bin/clang -c -g -O2  conftest.c >&5
configure:11399: $? = 0
configure:11399: result: yes
configure:11405: checking for unistd.h
configure:11405: result: yes
configure:11411: checking for sys/param.h
configure:11411: result: yes
configure:11418: checking for getcwd
configure:11418: /usr/bin/clang -o conftest -g -O2   conftest.c  >&5
configure:11418: $? = 0
configure:11418: result: yes
configure:11424: checking for getegid
configure:11424: /usr/bin/clang -o conftest -g -O2   conftest.c  >&5
configure:11424: $? = 0
configure:11424: result: yes
configure:11430: checking for geteuid
configure:11430: /usr/bin/clang -o conftest -g -O2   conftest.c  >&5
configure:11430: $? = 0
configure:11430: result: yes
configure:11436: checking for getgid
configure:11436: /usr/bin/clang -o conftest -g -O2   conftest.c  >&5
configure:11436: $? = 0
configure:11436: result: yes
configure:11442: checking for getuid
configure:11442: /usr/bin/clang -o conftest -g -O2   conftest.c  >&5
configure:11442: $? = 0
configure:11442: result: yes
configure:11448: checking for mempcpy
configure:11448: /usr/bin/clang -o conftest -g -O2   conftest.c  >&5
conftest.c:124:6: warning: incompatible redeclaration of library function 'mempcpy' [-Wincompatible-library-redeclaration]
  124 | char mempcpy ();
      |      ^
conftest.c:124:6: note: 'mempcpy' is a builtin with type 'void *(void *, const void *, unsigned long)'
1 warning generated.
configure:11448: $? = 0
configure:11448: result: yes
configure:11454: checking for munmap
configure:11454: /usr/bin/clang -o conftest -g -O2   conftest.c  >&5
configure:11454: $? = 0
configure:11454: result: yes
configure:11460: checking for stpcpy
configure:11460: /usr/bin/clang -o conftest -g -O2   conftest.c  >&5
conftest.c:126:6: warning: incompatible redeclaration of library function 'stpcpy' [-Wincompatible-library-redeclaration]
  126 | char stpcpy ();
      |      ^
conftest.c:126:6: note: 'stpcpy' is a builtin with type 'char *(char *, const char *)'
1 warning generated.
configure:11460: $? = 0
configure:11460: result: yes
configure:11466: checking for strcasecmp
configure:11466: /usr/bin/clang -o conftest -g -O2   conftest.c  >&5
conftest.c:127:6: warning: incompatible redeclaration of library function 'strcasecmp' [-Wincompatible-library-redeclaration]
  127 | char strcasecmp ();
      |      ^
conftest.c:127:6: note: 'strcasecmp' is a builtin with type 'int (const char *, const char *)'
1 warning generated.
configure:11466: $? = 0
configure:11466: result: yes
configure:11472: checking for strdup
configure:11472: /usr/bin/clang -o conftest -g -O2   conftest.c  >&5
conftest.c:128:6: warning: incompatible redeclaration of library function 'strdup' [-Wincompatible-library-redeclaration]
  128 | char strdup ();
      |      ^
conftest.c:128:6: note: 'strdup' is a builtin with type 'char *(const char *)'
1 warning generated.
configure:11472: $? = 0
configure:11472: result: yes
configure:11478: checking for strtoul
configure:11478: /usr/bin/clang -o conftest -g -O2   conftest.c  >&5
conftest.c:129:6: warning: incompatible redeclaration of library function 'strtoul' [-Wincompatible-library-redeclaration]
  129 | char strtoul ();
      |      ^
conftest.c:129:6: note: 'strtoul' is a builtin with type 'unsigned long (const char *, char **, int)'
1 warning generated.
configure:11478: $? = 0
configure:11478: result: yes
configure:11484: checking for tsearch
configure:11484: /usr/bin/clang -o conftest -g -O2   conftest.c  >&5
configure:11484: $? = 0
configure:11484: result: yes
configure:11490: checking for argz_count
configure:11490: /usr/bin/clang -o conftest -g -O2   conftest.c  >&5
configure:11490: $? = 0
configure:11490: result: yes
configure:11496: checking for argz_stringify
configure:11496: /usr/bin/clang -o conftest -g -O2   conftest.c  >&5
configure:11496: $? = 0
configure:11496: result: yes
configure:11502: checking for argz_next
configure:11502: /usr/bin/clang -o conftest -g -O2   conftest.c  >&5
configure:11502: $? = 0
configure:11502: result: yes
configure:11508: checking for __fsetlocking
configure:11508: /usr/bin/clang -o conftest -g -O2   conftest.c  >&5
configure:11508: $? = 0
configure:11508: result: yes
configure:11516: checking for localeconv
configure:11516: /usr/bin/clang -o conftest -g -O2   conftest.c  >&5
configure:11516: $? = 0
configure:11516: result: yes
configure:11524: checking whether feof_unlocked is declared
configure:11524: /usr/bin/clang -c -g -O2   conftest.c >&5
configure:11524: $? = 0
configure:11524: result: yes
configure:11533: checking whether fgets_unlocked is declared
configure:11533: /usr/bin/clang -c -g -O2   conftest.c >&5
configure:11533: $? = 0
configure:11533: result: yes
configure:11550: checking for bison
configure:11571: found /usr/bin/bison
configure:11582: result: bison
configure:11596: checking version of bison
configure:11605: result: 3.8.2, ok
configure:11614: checking for long long int
configure:11656: /usr/bin/clang -o conftest -g -O2   conftest.c  >&5
configure:11656: $? = 0
configure:11656: ./conftest
configure:11656: $? = 0
configure:11669: result: yes
configure:11678: checking for wchar_t
configure:11696: /usr/bin/clang -c -g -O2  conftest.c >&5
configure:11696: $? = 0
configure:11704: result: yes
configure:11713: checking for wint_t
configure:11739: /usr/bin/clang -c -g -O2  conftest.c >&5
configure:11739: $? = 0
configure:11747: result: yes
configure:11754: checking whether wint_t is too small
configure:11783: /usr/bin/clang -c -g -O2  conftest.c >&5
configure:11783: $? = 0
configure:11791: result: no
configure:11806: checking for intmax_t
configure:11833: /usr/bin/clang -c -g -O2  conftest.c >&5
configure:11833: $? = 0
configure:11841: result: yes
configure:11851: checking whether printf() supports POSIX/XSI format strings
configure:11895: /usr/bin/clang -o conftest -g -O2   conftest.c  >&5
configure:11895: $? = 0
configure:11895: ./conftest
configure:11895: $? = 0
configure:11907: result: yes
configure:11918: checking whether we are using the GNU C Library >= 2.1 or uClibc
configure:11950: result: yes
configure:11957: checking for stdint.h
configure:11957: result: yes
configure:11964: checking for SIZE_MAX
configure:12040: result: yes
configure:12051: checking for stdint.h
configure:12051: result: yes
configure:12065: checking for working fcntl.h
configure:12175: /usr/bin/clang -o conftest -g -O2   conftest.c  >&5
conftest.c:155:27: warning: address of array 'constants' will always evaluate to 'true' [-Wpointer-bool-conversion]
  155 |             int result = !constants;
      |                          ~^~~~~~~~~
1 warning generated.
configure:12175: $? = 0
configure:12175: ./conftest
configure:12175: $? = 0
configure:12192: result: yes
configure:12225: checking whether uselocale works
configure:12254: /usr/bin/clang -o conftest -g -O2   conftest.c  >&5
configure:12254: $? = 0
configure:12254: ./conftest
configure:12254: $? = 0
configure:12266: result: yes
configure:12283: checking for fake locale system (OpenBSD)
configure:12314: /usr/bin/clang -o conftest -g -O2   conftest.c  >&5
configure:12314: $? = 0
configure:12314: ./conftest
configure:12314: $? = 1
configure: program exited with status 1
configure: failed program was:
| /* confdefs.h */
| #define PACKAGE_NAME "bash"
| #define PACKAGE_TARNAME "bash"
| #define PACKAGE_VERSION "5.2-release"
| #define PACKAGE_STRING "bash 5.2-release"
| #define PACKAGE_BUGREPORT "bug-bash@gnu.org"
| #define PACKAGE_URL ""
| #define USING_BASH_MALLOC 1
| #define ALIAS 1
| #define PUSHD_AND_POPD 1
| #define RESTRICTED_SHELL 1
| #define PROCESS_SUBSTITUTION 1
| #define PROMPT_STRING_DECODE 1
| #define SELECT_COMMAND 1
| #define HELP_BUILTIN 1
| #define ARRAY_VARS 1
| #define DPAREN_ARITHMETIC 1
| #define BRACE_EXPANSION 1
| #define COMMAND_TIMING 1
| #define EXTENDED_GLOB 1
| #define EXTGLOB_DEFAULT 0
| #define COND_COMMAND 1
| #define COND_REGEXP 1
| #define COPROCESS_SUPPORT 1
| #define ARITH_FOR_COMMAND 1
| #define NETWORK_REDIRECTIONS 1
| #define PROGRAMMABLE_COMPLETION 1
| #define DEBUGGER 1
| #define CASEMOD_ATTRS 1
| #define CASEMOD_EXPANSIONS 1
| #define GLOBASCII_DEFAULT 1
| #define FUNCTION_IMPORT 1
| #define TRANSLATABLE_STRINGS 1
| #define MEMSCRAMBLE 1
| #define HAVE_STDIO_H 1
| #define HAVE_STDLIB_H 1
| #define HAVE_STRING_H 1
| #define HAVE_INTTYPES_H 1
| #define HAVE_STDINT_H 1
| #define HAVE_STRINGS_H 1
| #define HAVE_SYS_STAT_H 1
| #define HAVE_SYS_TYPES_H 1
| #define HAVE_UNISTD_H 1
| #define HAVE_WCHAR_H 1
| #define HAVE_SYS_PARAM_H 1
| #define HAVE_SYS_TIME_H 1
| #define STDC_HEADERS 1
| #define _ALL_SOURCE 1
| #define _DARWIN_C_SOURCE 1
| #define _GNU_SOURCE 1
| #define _HPUX_ALT_XOPEN_SOCKET_API 1
| #define _NETBSD_SOURCE 1
| #define _OPENBSD_SOURCE 1
| #define _POSIX_PTHREAD_SEMANTICS 1
| #define __STDC_WANT_IEC_60559_ATTRIBS_EXT__ 1
| #define __STDC_WANT_IEC_60559_BFP_EXT__ 1
| #define __STDC_WANT_IEC_60559_DFP_EXT__ 1
| #define __STDC_WANT_IEC_60559_FUNCS_EXT__ 1
| #define __STDC_WANT_IEC_60559_TYPES_EXT__ 1
| #define __STDC_WANT_LIB_EXT2__ 1
| #define __STDC_WANT_MATH_SPEC_FUNCS__ 1
| #define _TANDEM_SOURCE 1
| #define __EXTENSIONS__ 1
| #define READLINE 1
| #define HISTORY 1
| #define BANG_HISTORY 1
| #define HAVE_STRINGIZE 1
| #define HAVE_LONG_DOUBLE 1
| #define PROTOTYPES 1
| #define __PROTOTYPES 1
| #define restrict __restrict__
| #define HAVE_VISIBILITY 1
| #define HAVE_STDINT_H_WITH_UINTMAX 1
| #define HAVE_ALLOCA_H 1
| #define HAVE_ALLOCA 1
| #define HAVE_GETPAGESIZE 1
| #define HAVE_SYMLINK 1
| #define HAVE_USELOCALE 1
| #define HAVE_VPRINTF 1
| #define HAVE_ALARM 1
| #define HAVE___FPURGE 1
| #define HAVE_SNPRINTF 1
| #define HAVE_VSNPRINTF 1
| #define HAVE_MMAP 1
| #define INTDIV0_RAISES_SIGFPE 1
| #define HAVE_INTTYPES_H_WITH_UINTMAX 1
| #define HAVE_UNSIGNED_LONG_LONG_INT 1
| #define HAVE_UINTMAX_T 1
| #define HAVE_INTTYPES_H 1
| #define USE_POSIX_THREADS 1
| #define USE_POSIX_THREADS_WEAK 1
| #define HAVE_PTHREAD_RWLOCK 1
| #define HAVE_PTHREAD_MUTEX_RECURSIVE 1
| #define HAVE_ICONV 1
| #define ICONV_CONST 
| #define HAVE_BUILTIN_EXPECT 1
| #define HAVE_ARGZ_H 1
| #define HAVE_INTTYPES_H 1
| #define HAVE_LIMITS_H 1
| #define HAVE_UNISTD_H 1
| #define HAVE_SYS_PARAM_H 1
| #define HAVE_GETCWD 1
| #define HAVE_GETEGID 1
| #define HAVE_GETEUID 1
| #define HAVE_GETGID 1
| #define HAVE_GETUID 1
| #define HAVE_MEMPCPY 1
| #define HAVE_MUNMAP 1
| #define HAVE_STPCPY 1
| #define HAVE_STRCASECMP 1
| #define HAVE_STRDUP 1
| #define HAVE_STRTOUL 1
| #define HAVE_TSEARCH 1
| #define HAVE_ARGZ_COUNT 1
| #define HAVE_ARGZ_STRINGIFY 1
| #define HAVE_ARGZ_NEXT 1
| #define HAVE___FSETLOCKING 1
| #define HAVE_LOCALECONV 1
| #define HAVE_DECL_FEOF_UNLOCKED 1
| #define HAVE_DECL_FGETS_UNLOCKED 1
| #define HAVE_LONG_LONG_INT 1
| #define HAVE_WCHAR_T 1
| #define HAVE_WINT_T 1
| #define HAVE_INTMAX_T 1
| #define HAVE_POSIX_PRINTF 1
| #define HAVE_STDINT_H 1
| #define HAVE_STDINT_H 1
| #define HAVE_WORKING_O_NOATIME 1
| #define HAVE_WORKING_O_NOFOLLOW 1
| #define HAVE_WORKING_USELOCALE 1
| /* end confdefs.h.  */
| 
| #include <locale.h>
| #if HAVE_XLOCALE_H
| # include <xlocale.h>
| #endif
| int main ()
| {
|   locale_t loc1, loc2;
|   if (setlocale (LC_ALL, "de_DE.UTF-8") == NULL) return 1;
|   if (setlocale (LC_ALL, "fr_FR.UTF-8") == NULL) return 1;
|   loc1 = newlocale (LC_ALL_MASK, "de_DE.UTF-8", (locale_t)0);
|   loc2 = newlocale (LC_ALL_MASK, "fr_FR.UTF-8", (locale_t)0);
|   return !(loc1 == loc2);
| }
configure:12326: result: no
configure:12341: checking for Solaris 11.4 locale system
configure:12376: result: no
configure:12389: checking for getlocalename_l
configure:12389: /usr/bin/clang -o conftest -g -O2   conftest.c  >&5
/usr/bin/ld: /tmp/conftest-ac2854.o: in function `main':
/home/gandhi/jk-robotics/operating_system/bash/conftest.c:159:(.text+0x4): undefined reference to `getlocalename_l'
clang: error: linker command failed with exit code 1 (use -v to see invocation)
configure:12389: $? = 1
configure: failed program was:
| /* confdefs.h */
| #define PACKAGE_NAME "bash"
| #define PACKAGE_TARNAME "bash"
| #define PACKAGE_VERSION "5.2-release"
| #define PACKAGE_STRING "bash 5.2-release"
| #define PACKAGE_BUGREPORT "bug-bash@gnu.org"
| #define PACKAGE_URL ""
| #define USING_BASH_MALLOC 1
| #define ALIAS 1
| #define PUSHD_AND_POPD 1
| #define RESTRICTED_SHELL 1
| #define PROCESS_SUBSTITUTION 1
| #define PROMPT_STRING_DECODE 1
| #define SELECT_COMMAND 1
| #define HELP_BUILTIN 1
| #define ARRAY_VARS 1
| #define DPAREN_ARITHMETIC 1
| #define BRACE_EXPANSION 1
| #define COMMAND_TIMING 1
| #define EXTENDED_GLOB 1
| #define EXTGLOB_DEFAULT 0
| #define COND_COMMAND 1
| #define COND_REGEXP 1
| #define COPROCESS_SUPPORT 1
| #define ARITH_FOR_COMMAND 1
| #define NETWORK_REDIRECTIONS 1
| #define PROGRAMMABLE_COMPLETION 1
| #define DEBUGGER 1
| #define CASEMOD_ATTRS 1
| #define CASEMOD_EXPANSIONS 1
| #define GLOBASCII_DEFAULT 1
| #define FUNCTION_IMPORT 1
| #define TRANSLATABLE_STRINGS 1
| #define MEMSCRAMBLE 1
| #define HAVE_STDIO_H 1
| #define HAVE_STDLIB_H 1
| #define HAVE_STRING_H 1
| #define HAVE_INTTYPES_H 1
| #define HAVE_STDINT_H 1
| #define HAVE_STRINGS_H 1
| #define HAVE_SYS_STAT_H 1
| #define HAVE_SYS_TYPES_H 1
| #define HAVE_UNISTD_H 1
| #define HAVE_WCHAR_H 1
| #define HAVE_SYS_PARAM_H 1
| #define HAVE_SYS_TIME_H 1
| #define STDC_HEADERS 1
| #define _ALL_SOURCE 1
| #define _DARWIN_C_SOURCE 1
| #define _GNU_SOURCE 1
| #define _HPUX_ALT_XOPEN_SOCKET_API 1
| #define _NETBSD_SOURCE 1
| #define _OPENBSD_SOURCE 1
| #define _POSIX_PTHREAD_SEMANTICS 1
| #define __STDC_WANT_IEC_60559_ATTRIBS_EXT__ 1
| #define __STDC_WANT_IEC_60559_BFP_EXT__ 1
| #define __STDC_WANT_IEC_60559_DFP_EXT__ 1
| #define __STDC_WANT_IEC_60559_FUNCS_EXT__ 1
| #define __STDC_WANT_IEC_60559_TYPES_EXT__ 1
| #define __STDC_WANT_LIB_EXT2__ 1
| #define __STDC_WANT_MATH_SPEC_FUNCS__ 1
| #define _TANDEM_SOURCE 1
| #define __EXTENSIONS__ 1
| #define READLINE 1
| #define HISTORY 1
| #define BANG_HISTORY 1
| #define HAVE_STRINGIZE 1
| #define HAVE_LONG_DOUBLE 1
| #define PROTOTYPES 1
| #define __PROTOTYPES 1
| #define restrict __restrict__
| #define HAVE_VISIBILITY 1
| #define HAVE_STDINT_H_WITH_UINTMAX 1
| #define HAVE_ALLOCA_H 1
| #define HAVE_ALLOCA 1
| #define HAVE_GETPAGESIZE 1
| #define HAVE_SYMLINK 1
| #define HAVE_USELOCALE 1
| #define HAVE_VPRINTF 1
| #define HAVE_ALARM 1
| #define HAVE___FPURGE 1
| #define HAVE_SNPRINTF 1
| #define HAVE_VSNPRINTF 1
| #define HAVE_MMAP 1
| #define INTDIV0_RAISES_SIGFPE 1
| #define HAVE_INTTYPES_H_WITH_UINTMAX 1
| #define HAVE_UNSIGNED_LONG_LONG_INT 1
| #define HAVE_UINTMAX_T 1
| #define HAVE_INTTYPES_H 1
| #define USE_POSIX_THREADS 1
| #define USE_POSIX_THREADS_WEAK 1
| #define HAVE_PTHREAD_RWLOCK 1
| #define HAVE_PTHREAD_MUTEX_RECURSIVE 1
| #define HAVE_ICONV 1
| #define ICONV_CONST 
| #define HAVE_BUILTIN_EXPECT 1
| #define HAVE_ARGZ_H 1
| #define HAVE_INTTYPES_H 1
| #define HAVE_LIMITS_H 1
| #define HAVE_UNISTD_H 1
| #define HAVE_SYS_PARAM_H 1
| #define HAVE_GETCWD 1
| #define HAVE_GETEGID 1
| #define HAVE_GETEUID 1
| #define HAVE_GETGID 1
| #define HAVE_GETUID 1
| #define HAVE_MEMPCPY 1
| #define HAVE_MUNMAP 1
| #define HAVE_STPCPY 1
| #define HAVE_STRCASECMP 1
| #define HAVE_STRDUP 1
| #define HAVE_STRTOUL 1
| #define HAVE_TSEARCH 1
| #define HAVE_ARGZ_COUNT 1
| #define HAVE_ARGZ_STRINGIFY 1
| #define HAVE_ARGZ_NEXT 1
| #define HAVE___FSETLOCKING 1
| #define HAVE_LOCALECONV 1
| #define HAVE_DECL_FEOF_UNLOCKED 1
| #define HAVE_DECL_FGETS_UNLOCKED 1
| #define HAVE_LONG_LONG_INT 1
| #define HAVE_WCHAR_T 1
| #define HAVE_WINT_T 1
| #define HAVE_INTMAX_T 1
| #define HAVE_POSIX_PRINTF 1
| #define HAVE_STDINT_H 1
| #define HAVE_STDINT_H 1
| #define HAVE_WORKING_O_NOATIME 1
| #define HAVE_WORKING_O_NOFOLLOW 1
| #define HAVE_WORKING_USELOCALE 1
| /* end confdefs.h.  */
| /* Define getlocalename_l to an innocuous variant, in case <limits.h> declares getlocalename_l.
|    For example, HP-UX 11i <limits.h> declares gettimeofday.  */
| #define getlocalename_l innocuous_getlocalename_l
| 
| /* System header to define __stub macros and hopefully few prototypes,
|    which can conflict with char getlocalename_l (); below.  */
| 
| #include <limits.h>
| #undef getlocalename_l
| 
| /* Override any GCC internal prototype to avoid an error.
|    Use char because int might match the return type of a GCC
|    builtin and then its argument prototype would still apply.  */
| #ifdef __cplusplus
| extern "C"
| #endif
| char getlocalename_l ();
| /* The GNU C library defines this for functions which it implements
|     to always fail with ENOSYS.  Some functions are actually named
|     something starting with __ and the normal name is an alias.  */
| #if defined __stub_getlocalename_l || defined __stub___getlocalename_l
| choke me
| #endif
| 
| int
| main (void)
| {
| return getlocalename_l ();
|   ;
|   return 0;
| }
configure:12389: result: no
configure:12408: checking for CFPreferencesCopyAppValue
configure:12427: /usr/bin/clang -o conftest -g -O2   conftest.c  -Wl,-framework -Wl,CoreFoundation >&5
conftest.c:132:10: fatal error: 'CoreFoundation/CFPreferences.h' file not found
  132 | #include <CoreFoundation/CFPreferences.h>
      |          ^~~~~~~~~~~~~~~~~~~~~~~~~~~~~~~~
1 error generated.
configure:12427: $? = 1
configure: failed program was:
| /* confdefs.h */
| #define PACKAGE_NAME "bash"
| #define PACKAGE_TARNAME "bash"
| #define PACKAGE_VERSION "5.2-release"
| #define PACKAGE_STRING "bash 5.2-release"
| #define PACKAGE_BUGREPORT "bug-bash@gnu.org"
| #define PACKAGE_URL ""
| #define USING_BASH_MALLOC 1
| #define ALIAS 1
| #define PUSHD_AND_POPD 1
| #define RESTRICTED_SHELL 1
| #define PROCESS_SUBSTITUTION 1
| #define PROMPT_STRING_DECODE 1
| #define SELECT_COMMAND 1
| #define HELP_BUILTIN 1
| #define ARRAY_VARS 1
| #define DPAREN_ARITHMETIC 1
| #define BRACE_EXPANSION 1
| #define COMMAND_TIMING 1
| #define EXTENDED_GLOB 1
| #define EXTGLOB_DEFAULT 0
| #define COND_COMMAND 1
| #define COND_REGEXP 1
| #define COPROCESS_SUPPORT 1
| #define ARITH_FOR_COMMAND 1
| #define NETWORK_REDIRECTIONS 1
| #define PROGRAMMABLE_COMPLETION 1
| #define DEBUGGER 1
| #define CASEMOD_ATTRS 1
| #define CASEMOD_EXPANSIONS 1
| #define GLOBASCII_DEFAULT 1
| #define FUNCTION_IMPORT 1
| #define TRANSLATABLE_STRINGS 1
| #define MEMSCRAMBLE 1
| #define HAVE_STDIO_H 1
| #define HAVE_STDLIB_H 1
| #define HAVE_STRING_H 1
| #define HAVE_INTTYPES_H 1
| #define HAVE_STDINT_H 1
| #define HAVE_STRINGS_H 1
| #define HAVE_SYS_STAT_H 1
| #define HAVE_SYS_TYPES_H 1
| #define HAVE_UNISTD_H 1
| #define HAVE_WCHAR_H 1
| #define HAVE_SYS_PARAM_H 1
| #define HAVE_SYS_TIME_H 1
| #define STDC_HEADERS 1
| #define _ALL_SOURCE 1
| #define _DARWIN_C_SOURCE 1
| #define _GNU_SOURCE 1
| #define _HPUX_ALT_XOPEN_SOCKET_API 1
| #define _NETBSD_SOURCE 1
| #define _OPENBSD_SOURCE 1
| #define _POSIX_PTHREAD_SEMANTICS 1
| #define __STDC_WANT_IEC_60559_ATTRIBS_EXT__ 1
| #define __STDC_WANT_IEC_60559_BFP_EXT__ 1
| #define __STDC_WANT_IEC_60559_DFP_EXT__ 1
| #define __STDC_WANT_IEC_60559_FUNCS_EXT__ 1
| #define __STDC_WANT_IEC_60559_TYPES_EXT__ 1
| #define __STDC_WANT_LIB_EXT2__ 1
| #define __STDC_WANT_MATH_SPEC_FUNCS__ 1
| #define _TANDEM_SOURCE 1
| #define __EXTENSIONS__ 1
| #define READLINE 1
| #define HISTORY 1
| #define BANG_HISTORY 1
| #define HAVE_STRINGIZE 1
| #define HAVE_LONG_DOUBLE 1
| #define PROTOTYPES 1
| #define __PROTOTYPES 1
| #define restrict __restrict__
| #define HAVE_VISIBILITY 1
| #define HAVE_STDINT_H_WITH_UINTMAX 1
| #define HAVE_ALLOCA_H 1
| #define HAVE_ALLOCA 1
| #define HAVE_GETPAGESIZE 1
| #define HAVE_SYMLINK 1
| #define HAVE_USELOCALE 1
| #define HAVE_VPRINTF 1
| #define HAVE_ALARM 1
| #define HAVE___FPURGE 1
| #define HAVE_SNPRINTF 1
| #define HAVE_VSNPRINTF 1
| #define HAVE_MMAP 1
| #define INTDIV0_RAISES_SIGFPE 1
| #define HAVE_INTTYPES_H_WITH_UINTMAX 1
| #define HAVE_UNSIGNED_LONG_LONG_INT 1
| #define HAVE_UINTMAX_T 1
| #define HAVE_INTTYPES_H 1
| #define USE_POSIX_THREADS 1
| #define USE_POSIX_THREADS_WEAK 1
| #define HAVE_PTHREAD_RWLOCK 1
| #define HAVE_PTHREAD_MUTEX_RECURSIVE 1
| #define HAVE_ICONV 1
| #define ICONV_CONST 
| #define HAVE_BUILTIN_EXPECT 1
| #define HAVE_ARGZ_H 1
| #define HAVE_INTTYPES_H 1
| #define HAVE_LIMITS_H 1
| #define HAVE_UNISTD_H 1
| #define HAVE_SYS_PARAM_H 1
| #define HAVE_GETCWD 1
| #define HAVE_GETEGID 1
| #define HAVE_GETEUID 1
| #define HAVE_GETGID 1
| #define HAVE_GETUID 1
| #define HAVE_MEMPCPY 1
| #define HAVE_MUNMAP 1
| #define HAVE_STPCPY 1
| #define HAVE_STRCASECMP 1
| #define HAVE_STRDUP 1
| #define HAVE_STRTOUL 1
| #define HAVE_TSEARCH 1
| #define HAVE_ARGZ_COUNT 1
| #define HAVE_ARGZ_STRINGIFY 1
| #define HAVE_ARGZ_NEXT 1
| #define HAVE___FSETLOCKING 1
| #define HAVE_LOCALECONV 1
| #define HAVE_DECL_FEOF_UNLOCKED 1
| #define HAVE_DECL_FGETS_UNLOCKED 1
| #define HAVE_LONG_LONG_INT 1
| #define HAVE_WCHAR_T 1
| #define HAVE_WINT_T 1
| #define HAVE_INTMAX_T 1
| #define HAVE_POSIX_PRINTF 1
| #define HAVE_STDINT_H 1
| #define HAVE_STDINT_H 1
| #define HAVE_WORKING_O_NOATIME 1
| #define HAVE_WORKING_O_NOFOLLOW 1
| #define HAVE_WORKING_USELOCALE 1
| /* end confdefs.h.  */
| #include <CoreFoundation/CFPreferences.h>
| int
| main (void)
| {
| CFPreferencesCopyAppValue(NULL, NULL)
|   ;
|   return 0;
| }
configure:12437: result: no
configure:12444: checking for CFLocaleCopyCurrent
configure:12463: /usr/bin/clang -o conftest -g -O2   conftest.c  -Wl,-framework -Wl,CoreFoundation >&5
conftest.c:132:10: fatal error: 'CoreFoundation/CFLocale.h' file not found
  132 | #include <CoreFoundation/CFLocale.h>
      |          ^~~~~~~~~~~~~~~~~~~~~~~~~~~
1 error generated.
configure:12463: $? = 1
configure: failed program was:
| /* confdefs.h */
| #define PACKAGE_NAME "bash"
| #define PACKAGE_TARNAME "bash"
| #define PACKAGE_VERSION "5.2-release"
| #define PACKAGE_STRING "bash 5.2-release"
| #define PACKAGE_BUGREPORT "bug-bash@gnu.org"
| #define PACKAGE_URL ""
| #define USING_BASH_MALLOC 1
| #define ALIAS 1
| #define PUSHD_AND_POPD 1
| #define RESTRICTED_SHELL 1
| #define PROCESS_SUBSTITUTION 1
| #define PROMPT_STRING_DECODE 1
| #define SELECT_COMMAND 1
| #define HELP_BUILTIN 1
| #define ARRAY_VARS 1
| #define DPAREN_ARITHMETIC 1
| #define BRACE_EXPANSION 1
| #define COMMAND_TIMING 1
| #define EXTENDED_GLOB 1
| #define EXTGLOB_DEFAULT 0
| #define COND_COMMAND 1
| #define COND_REGEXP 1
| #define COPROCESS_SUPPORT 1
| #define ARITH_FOR_COMMAND 1
| #define NETWORK_REDIRECTIONS 1
| #define PROGRAMMABLE_COMPLETION 1
| #define DEBUGGER 1
| #define CASEMOD_ATTRS 1
| #define CASEMOD_EXPANSIONS 1
| #define GLOBASCII_DEFAULT 1
| #define FUNCTION_IMPORT 1
| #define TRANSLATABLE_STRINGS 1
| #define MEMSCRAMBLE 1
| #define HAVE_STDIO_H 1
| #define HAVE_STDLIB_H 1
| #define HAVE_STRING_H 1
| #define HAVE_INTTYPES_H 1
| #define HAVE_STDINT_H 1
| #define HAVE_STRINGS_H 1
| #define HAVE_SYS_STAT_H 1
| #define HAVE_SYS_TYPES_H 1
| #define HAVE_UNISTD_H 1
| #define HAVE_WCHAR_H 1
| #define HAVE_SYS_PARAM_H 1
| #define HAVE_SYS_TIME_H 1
| #define STDC_HEADERS 1
| #define _ALL_SOURCE 1
| #define _DARWIN_C_SOURCE 1
| #define _GNU_SOURCE 1
| #define _HPUX_ALT_XOPEN_SOCKET_API 1
| #define _NETBSD_SOURCE 1
| #define _OPENBSD_SOURCE 1
| #define _POSIX_PTHREAD_SEMANTICS 1
| #define __STDC_WANT_IEC_60559_ATTRIBS_EXT__ 1
| #define __STDC_WANT_IEC_60559_BFP_EXT__ 1
| #define __STDC_WANT_IEC_60559_DFP_EXT__ 1
| #define __STDC_WANT_IEC_60559_FUNCS_EXT__ 1
| #define __STDC_WANT_IEC_60559_TYPES_EXT__ 1
| #define __STDC_WANT_LIB_EXT2__ 1
| #define __STDC_WANT_MATH_SPEC_FUNCS__ 1
| #define _TANDEM_SOURCE 1
| #define __EXTENSIONS__ 1
| #define READLINE 1
| #define HISTORY 1
| #define BANG_HISTORY 1
| #define HAVE_STRINGIZE 1
| #define HAVE_LONG_DOUBLE 1
| #define PROTOTYPES 1
| #define __PROTOTYPES 1
| #define restrict __restrict__
| #define HAVE_VISIBILITY 1
| #define HAVE_STDINT_H_WITH_UINTMAX 1
| #define HAVE_ALLOCA_H 1
| #define HAVE_ALLOCA 1
| #define HAVE_GETPAGESIZE 1
| #define HAVE_SYMLINK 1
| #define HAVE_USELOCALE 1
| #define HAVE_VPRINTF 1
| #define HAVE_ALARM 1
| #define HAVE___FPURGE 1
| #define HAVE_SNPRINTF 1
| #define HAVE_VSNPRINTF 1
| #define HAVE_MMAP 1
| #define INTDIV0_RAISES_SIGFPE 1
| #define HAVE_INTTYPES_H_WITH_UINTMAX 1
| #define HAVE_UNSIGNED_LONG_LONG_INT 1
| #define HAVE_UINTMAX_T 1
| #define HAVE_INTTYPES_H 1
| #define USE_POSIX_THREADS 1
| #define USE_POSIX_THREADS_WEAK 1
| #define HAVE_PTHREAD_RWLOCK 1
| #define HAVE_PTHREAD_MUTEX_RECURSIVE 1
| #define HAVE_ICONV 1
| #define ICONV_CONST 
| #define HAVE_BUILTIN_EXPECT 1
| #define HAVE_ARGZ_H 1
| #define HAVE_INTTYPES_H 1
| #define HAVE_LIMITS_H 1
| #define HAVE_UNISTD_H 1
| #define HAVE_SYS_PARAM_H 1
| #define HAVE_GETCWD 1
| #define HAVE_GETEGID 1
| #define HAVE_GETEUID 1
| #define HAVE_GETGID 1
| #define HAVE_GETUID 1
| #define HAVE_MEMPCPY 1
| #define HAVE_MUNMAP 1
| #define HAVE_STPCPY 1
| #define HAVE_STRCASECMP 1
| #define HAVE_STRDUP 1
| #define HAVE_STRTOUL 1
| #define HAVE_TSEARCH 1
| #define HAVE_ARGZ_COUNT 1
| #define HAVE_ARGZ_STRINGIFY 1
| #define HAVE_ARGZ_NEXT 1
| #define HAVE___FSETLOCKING 1
| #define HAVE_LOCALECONV 1
| #define HAVE_DECL_FEOF_UNLOCKED 1
| #define HAVE_DECL_FGETS_UNLOCKED 1
| #define HAVE_LONG_LONG_INT 1
| #define HAVE_WCHAR_T 1
| #define HAVE_WINT_T 1
| #define HAVE_INTMAX_T 1
| #define HAVE_POSIX_PRINTF 1
| #define HAVE_STDINT_H 1
| #define HAVE_STDINT_H 1
| #define HAVE_WORKING_O_NOATIME 1
| #define HAVE_WORKING_O_NOFOLLOW 1
| #define HAVE_WORKING_USELOCALE 1
| /* end confdefs.h.  */
| #include <CoreFoundation/CFLocale.h>
| int
| main (void)
| {
| CFLocaleCopyCurrent();
|   ;
|   return 0;
| }
configure:12473: result: no
configure:12480: checking for CFLocaleCopyPreferredLanguages
configure:12499: /usr/bin/clang -o conftest -g -O2   conftest.c  -Wl,-framework -Wl,CoreFoundation >&5
conftest.c:132:10: fatal error: 'CoreFoundation/CFLocale.h' file not found
  132 | #include <CoreFoundation/CFLocale.h>
      |          ^~~~~~~~~~~~~~~~~~~~~~~~~~~
1 error generated.
configure:12499: $? = 1
configure: failed program was:
| /* confdefs.h */
| #define PACKAGE_NAME "bash"
| #define PACKAGE_TARNAME "bash"
| #define PACKAGE_VERSION "5.2-release"
| #define PACKAGE_STRING "bash 5.2-release"
| #define PACKAGE_BUGREPORT "bug-bash@gnu.org"
| #define PACKAGE_URL ""
| #define USING_BASH_MALLOC 1
| #define ALIAS 1
| #define PUSHD_AND_POPD 1
| #define RESTRICTED_SHELL 1
| #define PROCESS_SUBSTITUTION 1
| #define PROMPT_STRING_DECODE 1
| #define SELECT_COMMAND 1
| #define HELP_BUILTIN 1
| #define ARRAY_VARS 1
| #define DPAREN_ARITHMETIC 1
| #define BRACE_EXPANSION 1
| #define COMMAND_TIMING 1
| #define EXTENDED_GLOB 1
| #define EXTGLOB_DEFAULT 0
| #define COND_COMMAND 1
| #define COND_REGEXP 1
| #define COPROCESS_SUPPORT 1
| #define ARITH_FOR_COMMAND 1
| #define NETWORK_REDIRECTIONS 1
| #define PROGRAMMABLE_COMPLETION 1
| #define DEBUGGER 1
| #define CASEMOD_ATTRS 1
| #define CASEMOD_EXPANSIONS 1
| #define GLOBASCII_DEFAULT 1
| #define FUNCTION_IMPORT 1
| #define TRANSLATABLE_STRINGS 1
| #define MEMSCRAMBLE 1
| #define HAVE_STDIO_H 1
| #define HAVE_STDLIB_H 1
| #define HAVE_STRING_H 1
| #define HAVE_INTTYPES_H 1
| #define HAVE_STDINT_H 1
| #define HAVE_STRINGS_H 1
| #define HAVE_SYS_STAT_H 1
| #define HAVE_SYS_TYPES_H 1
| #define HAVE_UNISTD_H 1
| #define HAVE_WCHAR_H 1
| #define HAVE_SYS_PARAM_H 1
| #define HAVE_SYS_TIME_H 1
| #define STDC_HEADERS 1
| #define _ALL_SOURCE 1
| #define _DARWIN_C_SOURCE 1
| #define _GNU_SOURCE 1
| #define _HPUX_ALT_XOPEN_SOCKET_API 1
| #define _NETBSD_SOURCE 1
| #define _OPENBSD_SOURCE 1
| #define _POSIX_PTHREAD_SEMANTICS 1
| #define __STDC_WANT_IEC_60559_ATTRIBS_EXT__ 1
| #define __STDC_WANT_IEC_60559_BFP_EXT__ 1
| #define __STDC_WANT_IEC_60559_DFP_EXT__ 1
| #define __STDC_WANT_IEC_60559_FUNCS_EXT__ 1
| #define __STDC_WANT_IEC_60559_TYPES_EXT__ 1
| #define __STDC_WANT_LIB_EXT2__ 1
| #define __STDC_WANT_MATH_SPEC_FUNCS__ 1
| #define _TANDEM_SOURCE 1
| #define __EXTENSIONS__ 1
| #define READLINE 1
| #define HISTORY 1
| #define BANG_HISTORY 1
| #define HAVE_STRINGIZE 1
| #define HAVE_LONG_DOUBLE 1
| #define PROTOTYPES 1
| #define __PROTOTYPES 1
| #define restrict __restrict__
| #define HAVE_VISIBILITY 1
| #define HAVE_STDINT_H_WITH_UINTMAX 1
| #define HAVE_ALLOCA_H 1
| #define HAVE_ALLOCA 1
| #define HAVE_GETPAGESIZE 1
| #define HAVE_SYMLINK 1
| #define HAVE_USELOCALE 1
| #define HAVE_VPRINTF 1
| #define HAVE_ALARM 1
| #define HAVE___FPURGE 1
| #define HAVE_SNPRINTF 1
| #define HAVE_VSNPRINTF 1
| #define HAVE_MMAP 1
| #define INTDIV0_RAISES_SIGFPE 1
| #define HAVE_INTTYPES_H_WITH_UINTMAX 1
| #define HAVE_UNSIGNED_LONG_LONG_INT 1
| #define HAVE_UINTMAX_T 1
| #define HAVE_INTTYPES_H 1
| #define USE_POSIX_THREADS 1
| #define USE_POSIX_THREADS_WEAK 1
| #define HAVE_PTHREAD_RWLOCK 1
| #define HAVE_PTHREAD_MUTEX_RECURSIVE 1
| #define HAVE_ICONV 1
| #define ICONV_CONST 
| #define HAVE_BUILTIN_EXPECT 1
| #define HAVE_ARGZ_H 1
| #define HAVE_INTTYPES_H 1
| #define HAVE_LIMITS_H 1
| #define HAVE_UNISTD_H 1
| #define HAVE_SYS_PARAM_H 1
| #define HAVE_GETCWD 1
| #define HAVE_GETEGID 1
| #define HAVE_GETEUID 1
| #define HAVE_GETGID 1
| #define HAVE_GETUID 1
| #define HAVE_MEMPCPY 1
| #define HAVE_MUNMAP 1
| #define HAVE_STPCPY 1
| #define HAVE_STRCASECMP 1
| #define HAVE_STRDUP 1
| #define HAVE_STRTOUL 1
| #define HAVE_TSEARCH 1
| #define HAVE_ARGZ_COUNT 1
| #define HAVE_ARGZ_STRINGIFY 1
| #define HAVE_ARGZ_NEXT 1
| #define HAVE___FSETLOCKING 1
| #define HAVE_LOCALECONV 1
| #define HAVE_DECL_FEOF_UNLOCKED 1
| #define HAVE_DECL_FGETS_UNLOCKED 1
| #define HAVE_LONG_LONG_INT 1
| #define HAVE_WCHAR_T 1
| #define HAVE_WINT_T 1
| #define HAVE_INTMAX_T 1
| #define HAVE_POSIX_PRINTF 1
| #define HAVE_STDINT_H 1
| #define HAVE_STDINT_H 1
| #define HAVE_WORKING_O_NOATIME 1
| #define HAVE_WORKING_O_NOFOLLOW 1
| #define HAVE_WORKING_USELOCALE 1
| /* end confdefs.h.  */
| #include <CoreFoundation/CFLocale.h>
| int
| main (void)
| {
| CFLocaleCopyPreferredLanguages();
|   ;
|   return 0;
| }
configure:12509: result: no
configure:12530: checking for flexible array members
configure:12554: /usr/bin/clang -c -g -O2  conftest.c >&5
configure:12554: $? = 0
configure:12562: result: yes
configure:12628: checking for ar
configure:12660: result: ar
configure:12696: checking for ptrdiff_t
configure:12696: /usr/bin/clang -c -g -O2  conftest.c >&5
configure:12696: $? = 0
configure:12696: /usr/bin/clang -c -g -O2  conftest.c >&5
conftest.c:164:24: error: expected expression
  164 | if (sizeof ((ptrdiff_t)))
      |                        ^
1 error generated.
configure:12696: $? = 1
configure: failed program was:
| /* confdefs.h */
| #define PACKAGE_NAME "bash"
| #define PACKAGE_TARNAME "bash"
| #define PACKAGE_VERSION "5.2-release"
| #define PACKAGE_STRING "bash 5.2-release"
| #define PACKAGE_BUGREPORT "bug-bash@gnu.org"
| #define PACKAGE_URL ""
| #define USING_BASH_MALLOC 1
| #define ALIAS 1
| #define PUSHD_AND_POPD 1
| #define RESTRICTED_SHELL 1
| #define PROCESS_SUBSTITUTION 1
| #define PROMPT_STRING_DECODE 1
| #define SELECT_COMMAND 1
| #define HELP_BUILTIN 1
| #define ARRAY_VARS 1
| #define DPAREN_ARITHMETIC 1
| #define BRACE_EXPANSION 1
| #define COMMAND_TIMING 1
| #define EXTENDED_GLOB 1
| #define EXTGLOB_DEFAULT 0
| #define COND_COMMAND 1
| #define COND_REGEXP 1
| #define COPROCESS_SUPPORT 1
| #define ARITH_FOR_COMMAND 1
| #define NETWORK_REDIRECTIONS 1
| #define PROGRAMMABLE_COMPLETION 1
| #define DEBUGGER 1
| #define CASEMOD_ATTRS 1
| #define CASEMOD_EXPANSIONS 1
| #define GLOBASCII_DEFAULT 1
| #define FUNCTION_IMPORT 1
| #define TRANSLATABLE_STRINGS 1
| #define MEMSCRAMBLE 1
| #define HAVE_STDIO_H 1
| #define HAVE_STDLIB_H 1
| #define HAVE_STRING_H 1
| #define HAVE_INTTYPES_H 1
| #define HAVE_STDINT_H 1
| #define HAVE_STRINGS_H 1
| #define HAVE_SYS_STAT_H 1
| #define HAVE_SYS_TYPES_H 1
| #define HAVE_UNISTD_H 1
| #define HAVE_WCHAR_H 1
| #define HAVE_SYS_PARAM_H 1
| #define HAVE_SYS_TIME_H 1
| #define STDC_HEADERS 1
| #define _ALL_SOURCE 1
| #define _DARWIN_C_SOURCE 1
| #define _GNU_SOURCE 1
| #define _HPUX_ALT_XOPEN_SOCKET_API 1
| #define _NETBSD_SOURCE 1
| #define _OPENBSD_SOURCE 1
| #define _POSIX_PTHREAD_SEMANTICS 1
| #define __STDC_WANT_IEC_60559_ATTRIBS_EXT__ 1
| #define __STDC_WANT_IEC_60559_BFP_EXT__ 1
| #define __STDC_WANT_IEC_60559_DFP_EXT__ 1
| #define __STDC_WANT_IEC_60559_FUNCS_EXT__ 1
| #define __STDC_WANT_IEC_60559_TYPES_EXT__ 1
| #define __STDC_WANT_LIB_EXT2__ 1
| #define __STDC_WANT_MATH_SPEC_FUNCS__ 1
| #define _TANDEM_SOURCE 1
| #define __EXTENSIONS__ 1
| #define READLINE 1
| #define HISTORY 1
| #define BANG_HISTORY 1
| #define HAVE_STRINGIZE 1
| #define HAVE_LONG_DOUBLE 1
| #define PROTOTYPES 1
| #define __PROTOTYPES 1
| #define restrict __restrict__
| #define HAVE_VISIBILITY 1
| #define HAVE_STDINT_H_WITH_UINTMAX 1
| #define HAVE_ALLOCA_H 1
| #define HAVE_ALLOCA 1
| #define HAVE_GETPAGESIZE 1
| #define HAVE_SYMLINK 1
| #define HAVE_USELOCALE 1
| #define HAVE_VPRINTF 1
| #define HAVE_ALARM 1
| #define HAVE___FPURGE 1
| #define HAVE_SNPRINTF 1
| #define HAVE_VSNPRINTF 1
| #define HAVE_MMAP 1
| #define INTDIV0_RAISES_SIGFPE 1
| #define HAVE_INTTYPES_H_WITH_UINTMAX 1
| #define HAVE_UNSIGNED_LONG_LONG_INT 1
| #define HAVE_UINTMAX_T 1
| #define HAVE_INTTYPES_H 1
| #define USE_POSIX_THREADS 1
| #define USE_POSIX_THREADS_WEAK 1
| #define HAVE_PTHREAD_RWLOCK 1
| #define HAVE_PTHREAD_MUTEX_RECURSIVE 1
| #define HAVE_ICONV 1
| #define ICONV_CONST 
| #define HAVE_BUILTIN_EXPECT 1
| #define HAVE_ARGZ_H 1
| #define HAVE_INTTYPES_H 1
| #define HAVE_LIMITS_H 1
| #define HAVE_UNISTD_H 1
| #define HAVE_SYS_PARAM_H 1
| #define HAVE_GETCWD 1
| #define HAVE_GETEGID 1
| #define HAVE_GETEUID 1
| #define HAVE_GETGID 1
| #define HAVE_GETUID 1
| #define HAVE_MEMPCPY 1
| #define HAVE_MUNMAP 1
| #define HAVE_STPCPY 1
| #define HAVE_STRCASECMP 1
| #define HAVE_STRDUP 1
| #define HAVE_STRTOUL 1
| #define HAVE_TSEARCH 1
| #define HAVE_ARGZ_COUNT 1
| #define HAVE_ARGZ_STRINGIFY 1
| #define HAVE_ARGZ_NEXT 1
| #define HAVE___FSETLOCKING 1
| #define HAVE_LOCALECONV 1
| #define HAVE_DECL_FEOF_UNLOCKED 1
| #define HAVE_DECL_FGETS_UNLOCKED 1
| #define HAVE_LONG_LONG_INT 1
| #define HAVE_WCHAR_T 1
| #define HAVE_WINT_T 1
| #define HAVE_INTMAX_T 1
| #define HAVE_POSIX_PRINTF 1
| #define HAVE_STDINT_H 1
| #define HAVE_STDINT_H 1
| #define HAVE_WORKING_O_NOATIME 1
| #define HAVE_WORKING_O_NOFOLLOW 1
| #define HAVE_WORKING_USELOCALE 1
| #define FLEXIBLE_ARRAY_MEMBER /**/
| /* end confdefs.h.  */
| #include <stddef.h>
| #ifdef HAVE_STDIO_H
| # include <stdio.h>
| #endif
| #ifdef HAVE_STDLIB_H
| # include <stdlib.h>
| #endif
| #ifdef HAVE_STRING_H
| # include <string.h>
| #endif
| #ifdef HAVE_INTTYPES_H
| # include <inttypes.h>
| #endif
| #ifdef HAVE_STDINT_H
| # include <stdint.h>
| #endif
| #ifdef HAVE_STRINGS_H
| # include <strings.h>
| #endif
| #ifdef HAVE_SYS_TYPES_H
| # include <sys/types.h>
| #endif
| #ifdef HAVE_SYS_STAT_H
| # include <sys/stat.h>
| #endif
| #ifdef HAVE_UNISTD_H
| # include <unistd.h>
| #endif
| int
| main (void)
| {
| if (sizeof ((ptrdiff_t)))
| 	    return 0;
|   ;
|   return 0;
| }
configure:12696: result: yes
configure:12707: checking for features.h
configure:12707: /usr/bin/clang -c -g -O2  conftest.c >&5
configure:12707: $? = 0
configure:12707: result: yes
configure:12713: checking for stddef.h
configure:12713: /usr/bin/clang -c -g -O2  conftest.c >&5
configure:12713: $? = 0
configure:12713: result: yes
configure:12719: checking for stdlib.h
configure:12719: result: yes
configure:12725: checking for string.h
configure:12725: result: yes
configure:12732: checking for asprintf
configure:12732: /usr/bin/clang -o conftest -g -O2   conftest.c  >&5
conftest.c:164:18: warning: format string missing [-Wformat]
  164 | return asprintf ();
      |        ~~~~~~~~  ^
1 warning generated.
configure:12732: $? = 0
configure:12732: result: yes
configure:12738: checking for fwprintf
configure:12738: /usr/bin/clang -o conftest -g -O2   conftest.c  >&5
configure:12738: $? = 0
configure:12738: result: yes
configure:12744: checking for newlocale
configure:12744: /usr/bin/clang -o conftest -g -O2   conftest.c  >&5
configure:12744: $? = 0
configure:12744: result: yes
configure:12750: checking for putenv
configure:12750: /usr/bin/clang -o conftest -g -O2   conftest.c  >&5
configure:12750: $? = 0
configure:12750: result: yes
configure:12756: checking for setenv
configure:12756: /usr/bin/clang -o conftest -g -O2   conftest.c  >&5
configure:12756: $? = 0
configure:12756: result: yes
configure:12762: checking for setlocale
configure:12762: /usr/bin/clang -o conftest -g -O2   conftest.c  >&5
configure:12762: $? = 0
configure:12762: result: yes
configure:12768: checking for snprintf
configure:12768: result: yes
configure:12774: checking for strnlen
configure:12774: /usr/bin/clang -o conftest -g -O2   conftest.c  >&5
configure:12774: $? = 0
configure:12774: result: yes
configure:12780: checking for uselocale
configure:12780: result: yes
configure:12786: checking for wcslen
configure:12786: /usr/bin/clang -o conftest -g -O2   conftest.c  >&5
conftest.c:162:6: warning: incompatible redeclaration of library function 'wcslen' [-Wincompatible-library-redeclaration]
  162 | char wcslen ();
      |      ^
conftest.c:162:6: note: 'wcslen' is a builtin with type 'unsigned long (const int *)'
1 warning generated.
configure:12786: $? = 0
configure:12786: result: yes
configure:12792: checking for wcsnlen
configure:12792: /usr/bin/clang -o conftest -g -O2   conftest.c  >&5
configure:12792: $? = 0
configure:12792: result: yes
configure:12798: checking for mbrtowc
configure:12798: /usr/bin/clang -o conftest -g -O2   conftest.c  >&5
configure:12798: $? = 0
configure:12798: result: yes
configure:12804: checking for wcrtomb
configure:12804: /usr/bin/clang -o conftest -g -O2   conftest.c  >&5
configure:12804: $? = 0
configure:12804: result: yes
configure:12812: checking whether _snprintf is declared
configure:12812: /usr/bin/clang -c -g -O2   conftest.c >&5
conftest.c:159:10: error: use of undeclared identifier '_snprintf'
  159 |   (void) _snprintf;
      |          ^
1 error generated.
configure:12812: $? = 1
configure: failed program was:
| /* confdefs.h */
| #define PACKAGE_NAME "bash"
| #define PACKAGE_TARNAME "bash"
| #define PACKAGE_VERSION "5.2-release"
| #define PACKAGE_STRING "bash 5.2-release"
| #define PACKAGE_BUGREPORT "bug-bash@gnu.org"
| #define PACKAGE_URL ""
| #define USING_BASH_MALLOC 1
| #define ALIAS 1
| #define PUSHD_AND_POPD 1
| #define RESTRICTED_SHELL 1
| #define PROCESS_SUBSTITUTION 1
| #define PROMPT_STRING_DECODE 1
| #define SELECT_COMMAND 1
| #define HELP_BUILTIN 1
| #define ARRAY_VARS 1
| #define DPAREN_ARITHMETIC 1
| #define BRACE_EXPANSION 1
| #define COMMAND_TIMING 1
| #define EXTENDED_GLOB 1
| #define EXTGLOB_DEFAULT 0
| #define COND_COMMAND 1
| #define COND_REGEXP 1
| #define COPROCESS_SUPPORT 1
| #define ARITH_FOR_COMMAND 1
| #define NETWORK_REDIRECTIONS 1
| #define PROGRAMMABLE_COMPLETION 1
| #define DEBUGGER 1
| #define CASEMOD_ATTRS 1
| #define CASEMOD_EXPANSIONS 1
| #define GLOBASCII_DEFAULT 1
| #define FUNCTION_IMPORT 1
| #define TRANSLATABLE_STRINGS 1
| #define MEMSCRAMBLE 1
| #define HAVE_STDIO_H 1
| #define HAVE_STDLIB_H 1
| #define HAVE_STRING_H 1
| #define HAVE_INTTYPES_H 1
| #define HAVE_STDINT_H 1
| #define HAVE_STRINGS_H 1
| #define HAVE_SYS_STAT_H 1
| #define HAVE_SYS_TYPES_H 1
| #define HAVE_UNISTD_H 1
| #define HAVE_WCHAR_H 1
| #define HAVE_SYS_PARAM_H 1
| #define HAVE_SYS_TIME_H 1
| #define STDC_HEADERS 1
| #define _ALL_SOURCE 1
| #define _DARWIN_C_SOURCE 1
| #define _GNU_SOURCE 1
| #define _HPUX_ALT_XOPEN_SOCKET_API 1
| #define _NETBSD_SOURCE 1
| #define _OPENBSD_SOURCE 1
| #define _POSIX_PTHREAD_SEMANTICS 1
| #define __STDC_WANT_IEC_60559_ATTRIBS_EXT__ 1
| #define __STDC_WANT_IEC_60559_BFP_EXT__ 1
| #define __STDC_WANT_IEC_60559_DFP_EXT__ 1
| #define __STDC_WANT_IEC_60559_FUNCS_EXT__ 1
| #define __STDC_WANT_IEC_60559_TYPES_EXT__ 1
| #define __STDC_WANT_LIB_EXT2__ 1
| #define __STDC_WANT_MATH_SPEC_FUNCS__ 1
| #define _TANDEM_SOURCE 1
| #define __EXTENSIONS__ 1
| #define READLINE 1
| #define HISTORY 1
| #define BANG_HISTORY 1
| #define HAVE_STRINGIZE 1
| #define HAVE_LONG_DOUBLE 1
| #define PROTOTYPES 1
| #define __PROTOTYPES 1
| #define restrict __restrict__
| #define HAVE_VISIBILITY 1
| #define HAVE_STDINT_H_WITH_UINTMAX 1
| #define HAVE_ALLOCA_H 1
| #define HAVE_ALLOCA 1
| #define HAVE_GETPAGESIZE 1
| #define HAVE_SYMLINK 1
| #define HAVE_USELOCALE 1
| #define HAVE_VPRINTF 1
| #define HAVE_ALARM 1
| #define HAVE___FPURGE 1
| #define HAVE_SNPRINTF 1
| #define HAVE_VSNPRINTF 1
| #define HAVE_MMAP 1
| #define INTDIV0_RAISES_SIGFPE 1
| #define HAVE_INTTYPES_H_WITH_UINTMAX 1
| #define HAVE_UNSIGNED_LONG_LONG_INT 1
| #define HAVE_UINTMAX_T 1
| #define HAVE_INTTYPES_H 1
| #define USE_POSIX_THREADS 1
| #define USE_POSIX_THREADS_WEAK 1
| #define HAVE_PTHREAD_RWLOCK 1
| #define HAVE_PTHREAD_MUTEX_RECURSIVE 1
| #define HAVE_ICONV 1
| #define ICONV_CONST 
| #define HAVE_BUILTIN_EXPECT 1
| #define HAVE_ARGZ_H 1
| #define HAVE_INTTYPES_H 1
| #define HAVE_LIMITS_H 1
| #define HAVE_UNISTD_H 1
| #define HAVE_SYS_PARAM_H 1
| #define HAVE_GETCWD 1
| #define HAVE_GETEGID 1
| #define HAVE_GETEUID 1
| #define HAVE_GETGID 1
| #define HAVE_GETUID 1
| #define HAVE_MEMPCPY 1
| #define HAVE_MUNMAP 1
| #define HAVE_STPCPY 1
| #define HAVE_STRCASECMP 1
| #define HAVE_STRDUP 1
| #define HAVE_STRTOUL 1
| #define HAVE_TSEARCH 1
| #define HAVE_ARGZ_COUNT 1
| #define HAVE_ARGZ_STRINGIFY 1
| #define HAVE_ARGZ_NEXT 1
| #define HAVE___FSETLOCKING 1
| #define HAVE_LOCALECONV 1
| #define HAVE_DECL_FEOF_UNLOCKED 1
| #define HAVE_DECL_FGETS_UNLOCKED 1
| #define HAVE_LONG_LONG_INT 1
| #define HAVE_WCHAR_T 1
| #define HAVE_WINT_T 1
| #define HAVE_INTMAX_T 1
| #define HAVE_POSIX_PRINTF 1
| #define HAVE_STDINT_H 1
| #define HAVE_STDINT_H 1
| #define HAVE_WORKING_O_NOATIME 1
| #define HAVE_WORKING_O_NOFOLLOW 1
| #define HAVE_WORKING_USELOCALE 1
| #define FLEXIBLE_ARRAY_MEMBER /**/
| #define HAVE_FEATURES_H 1
| #define HAVE_STDDEF_H 1
| #define HAVE_STDLIB_H 1
| #define HAVE_STRING_H 1
| #define HAVE_ASPRINTF 1
| #define HAVE_FWPRINTF 1
| #define HAVE_NEWLOCALE 1
| #define HAVE_PUTENV 1
| #define HAVE_SETENV 1
| #define HAVE_SETLOCALE 1
| #define HAVE_SNPRINTF 1
| #define HAVE_STRNLEN 1
| #define HAVE_USELOCALE 1
| #define HAVE_WCSLEN 1
| #define HAVE_WCSNLEN 1
| #define HAVE_MBRTOWC 1
| #define HAVE_WCRTOMB 1
| /* end confdefs.h.  */
| #include <stdio.h>
| 
| int
| main (void)
| {
| #ifndef _snprintf
| #ifdef __cplusplus
|   (void) _snprintf;
| #else
|   (void) _snprintf;
| #endif
| #endif
| 
|   ;
|   return 0;
| }
configure:12812: result: no
configure:12821: checking whether _snwprintf is declared
configure:12821: /usr/bin/clang -c -g -O2   conftest.c >&5
conftest.c:160:10: error: use of undeclared identifier '_snwprintf'
  160 |   (void) _snwprintf;
      |          ^
1 error generated.
configure:12821: $? = 1
configure: failed program was:
| /* confdefs.h */
| #define PACKAGE_NAME "bash"
| #define PACKAGE_TARNAME "bash"
| #define PACKAGE_VERSION "5.2-release"
| #define PACKAGE_STRING "bash 5.2-release"
| #define PACKAGE_BUGREPORT "bug-bash@gnu.org"
| #define PACKAGE_URL ""
| #define USING_BASH_MALLOC 1
| #define ALIAS 1
| #define PUSHD_AND_POPD 1
| #define RESTRICTED_SHELL 1
| #define PROCESS_SUBSTITUTION 1
| #define PROMPT_STRING_DECODE 1
| #define SELECT_COMMAND 1
| #define HELP_BUILTIN 1
| #define ARRAY_VARS 1
| #define DPAREN_ARITHMETIC 1
| #define BRACE_EXPANSION 1
| #define COMMAND_TIMING 1
| #define EXTENDED_GLOB 1
| #define EXTGLOB_DEFAULT 0
| #define COND_COMMAND 1
| #define COND_REGEXP 1
| #define COPROCESS_SUPPORT 1
| #define ARITH_FOR_COMMAND 1
| #define NETWORK_REDIRECTIONS 1
| #define PROGRAMMABLE_COMPLETION 1
| #define DEBUGGER 1
| #define CASEMOD_ATTRS 1
| #define CASEMOD_EXPANSIONS 1
| #define GLOBASCII_DEFAULT 1
| #define FUNCTION_IMPORT 1
| #define TRANSLATABLE_STRINGS 1
| #define MEMSCRAMBLE 1
| #define HAVE_STDIO_H 1
| #define HAVE_STDLIB_H 1
| #define HAVE_STRING_H 1
| #define HAVE_INTTYPES_H 1
| #define HAVE_STDINT_H 1
| #define HAVE_STRINGS_H 1
| #define HAVE_SYS_STAT_H 1
| #define HAVE_SYS_TYPES_H 1
| #define HAVE_UNISTD_H 1
| #define HAVE_WCHAR_H 1
| #define HAVE_SYS_PARAM_H 1
| #define HAVE_SYS_TIME_H 1
| #define STDC_HEADERS 1
| #define _ALL_SOURCE 1
| #define _DARWIN_C_SOURCE 1
| #define _GNU_SOURCE 1
| #define _HPUX_ALT_XOPEN_SOCKET_API 1
| #define _NETBSD_SOURCE 1
| #define _OPENBSD_SOURCE 1
| #define _POSIX_PTHREAD_SEMANTICS 1
| #define __STDC_WANT_IEC_60559_ATTRIBS_EXT__ 1
| #define __STDC_WANT_IEC_60559_BFP_EXT__ 1
| #define __STDC_WANT_IEC_60559_DFP_EXT__ 1
| #define __STDC_WANT_IEC_60559_FUNCS_EXT__ 1
| #define __STDC_WANT_IEC_60559_TYPES_EXT__ 1
| #define __STDC_WANT_LIB_EXT2__ 1
| #define __STDC_WANT_MATH_SPEC_FUNCS__ 1
| #define _TANDEM_SOURCE 1
| #define __EXTENSIONS__ 1
| #define READLINE 1
| #define HISTORY 1
| #define BANG_HISTORY 1
| #define HAVE_STRINGIZE 1
| #define HAVE_LONG_DOUBLE 1
| #define PROTOTYPES 1
| #define __PROTOTYPES 1
| #define restrict __restrict__
| #define HAVE_VISIBILITY 1
| #define HAVE_STDINT_H_WITH_UINTMAX 1
| #define HAVE_ALLOCA_H 1
| #define HAVE_ALLOCA 1
| #define HAVE_GETPAGESIZE 1
| #define HAVE_SYMLINK 1
| #define HAVE_USELOCALE 1
| #define HAVE_VPRINTF 1
| #define HAVE_ALARM 1
| #define HAVE___FPURGE 1
| #define HAVE_SNPRINTF 1
| #define HAVE_VSNPRINTF 1
| #define HAVE_MMAP 1
| #define INTDIV0_RAISES_SIGFPE 1
| #define HAVE_INTTYPES_H_WITH_UINTMAX 1
| #define HAVE_UNSIGNED_LONG_LONG_INT 1
| #define HAVE_UINTMAX_T 1
| #define HAVE_INTTYPES_H 1
| #define USE_POSIX_THREADS 1
| #define USE_POSIX_THREADS_WEAK 1
| #define HAVE_PTHREAD_RWLOCK 1
| #define HAVE_PTHREAD_MUTEX_RECURSIVE 1
| #define HAVE_ICONV 1
| #define ICONV_CONST 
| #define HAVE_BUILTIN_EXPECT 1
| #define HAVE_ARGZ_H 1
| #define HAVE_INTTYPES_H 1
| #define HAVE_LIMITS_H 1
| #define HAVE_UNISTD_H 1
| #define HAVE_SYS_PARAM_H 1
| #define HAVE_GETCWD 1
| #define HAVE_GETEGID 1
| #define HAVE_GETEUID 1
| #define HAVE_GETGID 1
| #define HAVE_GETUID 1
| #define HAVE_MEMPCPY 1
| #define HAVE_MUNMAP 1
| #define HAVE_STPCPY 1
| #define HAVE_STRCASECMP 1
| #define HAVE_STRDUP 1
| #define HAVE_STRTOUL 1
| #define HAVE_TSEARCH 1
| #define HAVE_ARGZ_COUNT 1
| #define HAVE_ARGZ_STRINGIFY 1
| #define HAVE_ARGZ_NEXT 1
| #define HAVE___FSETLOCKING 1
| #define HAVE_LOCALECONV 1
| #define HAVE_DECL_FEOF_UNLOCKED 1
| #define HAVE_DECL_FGETS_UNLOCKED 1
| #define HAVE_LONG_LONG_INT 1
| #define HAVE_WCHAR_T 1
| #define HAVE_WINT_T 1
| #define HAVE_INTMAX_T 1
| #define HAVE_POSIX_PRINTF 1
| #define HAVE_STDINT_H 1
| #define HAVE_STDINT_H 1
| #define HAVE_WORKING_O_NOATIME 1
| #define HAVE_WORKING_O_NOFOLLOW 1
| #define HAVE_WORKING_USELOCALE 1
| #define FLEXIBLE_ARRAY_MEMBER /**/
| #define HAVE_FEATURES_H 1
| #define HAVE_STDDEF_H 1
| #define HAVE_STDLIB_H 1
| #define HAVE_STRING_H 1
| #define HAVE_ASPRINTF 1
| #define HAVE_FWPRINTF 1
| #define HAVE_NEWLOCALE 1
| #define HAVE_PUTENV 1
| #define HAVE_SETENV 1
| #define HAVE_SETLOCALE 1
| #define HAVE_SNPRINTF 1
| #define HAVE_STRNLEN 1
| #define HAVE_USELOCALE 1
| #define HAVE_WCSLEN 1
| #define HAVE_WCSNLEN 1
| #define HAVE_MBRTOWC 1
| #define HAVE_WCRTOMB 1
| #define HAVE_DECL__SNPRINTF 0
| /* end confdefs.h.  */
| #include <stdio.h>
| 
| int
| main (void)
| {
| #ifndef _snwprintf
| #ifdef __cplusplus
|   (void) _snwprintf;
| #else
|   (void) _snwprintf;
| #endif
| #endif
| 
|   ;
|   return 0;
| }
configure:12821: result: no
configure:12832: checking whether getc_unlocked is declared
configure:12832: /usr/bin/clang -c -g -O2   conftest.c >&5
configure:12832: $? = 0
configure:12832: result: yes
configure:12874: checking for nl_langinfo and CODESET
configure:12891: /usr/bin/clang -o conftest -g -O2   conftest.c  >&5
configure:12891: $? = 0
configure:12901: result: yes
configure:12910: checking for LC_MESSAGES
configure:12927: /usr/bin/clang -o conftest -g -O2   conftest.c  >&5
configure:12927: $? = 0
configure:12936: result: yes
configure:13098: checking for CFPreferencesCopyAppValue
configure:13127: result: no
configure:13134: checking for CFLocaleCopyCurrent
configure:13163: result: no
configure:13170: checking for CFLocaleCopyPreferredLanguages
configure:13199: result: no
configure:13236: checking whether included gettext is requested
configure:13247: result: no
configure:13270: checking for GNU gettext in libc
configure:13300: /usr/bin/clang -o conftest -g -O2   conftest.c  >&5
configure:13300: $? = 0
configure:13310: result: yes
configure:13919: checking whether to use NLS
configure:13921: result: yes
configure:13924: checking where the gettext function comes from
configure:13935: result: libc
configure:14025: checking for dirent.h that defines DIR
configure:14045: /usr/bin/clang -c -g -O2  conftest.c >&5
configure:14045: $? = 0
configure:14054: result: yes
configure:14068: checking for library containing opendir
configure:14098: /usr/bin/clang -o conftest -g -O2   conftest.c  >&5
configure:14098: $? = 0
configure:14118: result: none required
configure:14190: checking for sys/mkdev.h
configure:14190: /usr/bin/clang -c -g -O2  conftest.c >&5
conftest.c:187:10: fatal error: 'sys/mkdev.h' file not found
  187 | #include <sys/mkdev.h>
      |          ^~~~~~~~~~~~~
1 error generated.
configure:14190: $? = 1
configure: failed program was:
| /* confdefs.h */
| #define PACKAGE_NAME "bash"
| #define PACKAGE_TARNAME "bash"
| #define PACKAGE_VERSION "5.2-release"
| #define PACKAGE_STRING "bash 5.2-release"
| #define PACKAGE_BUGREPORT "bug-bash@gnu.org"
| #define PACKAGE_URL ""
| #define USING_BASH_MALLOC 1
| #define ALIAS 1
| #define PUSHD_AND_POPD 1
| #define RESTRICTED_SHELL 1
| #define PROCESS_SUBSTITUTION 1
| #define PROMPT_STRING_DECODE 1
| #define SELECT_COMMAND 1
| #define HELP_BUILTIN 1
| #define ARRAY_VARS 1
| #define DPAREN_ARITHMETIC 1
| #define BRACE_EXPANSION 1
| #define COMMAND_TIMING 1
| #define EXTENDED_GLOB 1
| #define EXTGLOB_DEFAULT 0
| #define COND_COMMAND 1
| #define COND_REGEXP 1
| #define COPROCESS_SUPPORT 1
| #define ARITH_FOR_COMMAND 1
| #define NETWORK_REDIRECTIONS 1
| #define PROGRAMMABLE_COMPLETION 1
| #define DEBUGGER 1
| #define CASEMOD_ATTRS 1
| #define CASEMOD_EXPANSIONS 1
| #define GLOBASCII_DEFAULT 1
| #define FUNCTION_IMPORT 1
| #define TRANSLATABLE_STRINGS 1
| #define MEMSCRAMBLE 1
| #define HAVE_STDIO_H 1
| #define HAVE_STDLIB_H 1
| #define HAVE_STRING_H 1
| #define HAVE_INTTYPES_H 1
| #define HAVE_STDINT_H 1
| #define HAVE_STRINGS_H 1
| #define HAVE_SYS_STAT_H 1
| #define HAVE_SYS_TYPES_H 1
| #define HAVE_UNISTD_H 1
| #define HAVE_WCHAR_H 1
| #define HAVE_SYS_PARAM_H 1
| #define HAVE_SYS_TIME_H 1
| #define STDC_HEADERS 1
| #define _ALL_SOURCE 1
| #define _DARWIN_C_SOURCE 1
| #define _GNU_SOURCE 1
| #define _HPUX_ALT_XOPEN_SOCKET_API 1
| #define _NETBSD_SOURCE 1
| #define _OPENBSD_SOURCE 1
| #define _POSIX_PTHREAD_SEMANTICS 1
| #define __STDC_WANT_IEC_60559_ATTRIBS_EXT__ 1
| #define __STDC_WANT_IEC_60559_BFP_EXT__ 1
| #define __STDC_WANT_IEC_60559_DFP_EXT__ 1
| #define __STDC_WANT_IEC_60559_FUNCS_EXT__ 1
| #define __STDC_WANT_IEC_60559_TYPES_EXT__ 1
| #define __STDC_WANT_LIB_EXT2__ 1
| #define __STDC_WANT_MATH_SPEC_FUNCS__ 1
| #define _TANDEM_SOURCE 1
| #define __EXTENSIONS__ 1
| #define READLINE 1
| #define HISTORY 1
| #define BANG_HISTORY 1
| #define HAVE_STRINGIZE 1
| #define HAVE_LONG_DOUBLE 1
| #define PROTOTYPES 1
| #define __PROTOTYPES 1
| #define restrict __restrict__
| #define HAVE_VISIBILITY 1
| #define HAVE_STDINT_H_WITH_UINTMAX 1
| #define HAVE_ALLOCA_H 1
| #define HAVE_ALLOCA 1
| #define HAVE_GETPAGESIZE 1
| #define HAVE_SYMLINK 1
| #define HAVE_USELOCALE 1
| #define HAVE_VPRINTF 1
| #define HAVE_ALARM 1
| #define HAVE___FPURGE 1
| #define HAVE_SNPRINTF 1
| #define HAVE_VSNPRINTF 1
| #define HAVE_MMAP 1
| #define INTDIV0_RAISES_SIGFPE 1
| #define HAVE_INTTYPES_H_WITH_UINTMAX 1
| #define HAVE_UNSIGNED_LONG_LONG_INT 1
| #define HAVE_UINTMAX_T 1
| #define HAVE_INTTYPES_H 1
| #define USE_POSIX_THREADS 1
| #define USE_POSIX_THREADS_WEAK 1
| #define HAVE_PTHREAD_RWLOCK 1
| #define HAVE_PTHREAD_MUTEX_RECURSIVE 1
| #define HAVE_ICONV 1
| #define ICONV_CONST 
| #define HAVE_BUILTIN_EXPECT 1
| #define HAVE_ARGZ_H 1
| #define HAVE_INTTYPES_H 1
| #define HAVE_LIMITS_H 1
| #define HAVE_UNISTD_H 1
| #define HAVE_SYS_PARAM_H 1
| #define HAVE_GETCWD 1
| #define HAVE_GETEGID 1
| #define HAVE_GETEUID 1
| #define HAVE_GETGID 1
| #define HAVE_GETUID 1
| #define HAVE_MEMPCPY 1
| #define HAVE_MUNMAP 1
| #define HAVE_STPCPY 1
| #define HAVE_STRCASECMP 1
| #define HAVE_STRDUP 1
| #define HAVE_STRTOUL 1
| #define HAVE_TSEARCH 1
| #define HAVE_ARGZ_COUNT 1
| #define HAVE_ARGZ_STRINGIFY 1
| #define HAVE_ARGZ_NEXT 1
| #define HAVE___FSETLOCKING 1
| #define HAVE_LOCALECONV 1
| #define HAVE_DECL_FEOF_UNLOCKED 1
| #define HAVE_DECL_FGETS_UNLOCKED 1
| #define HAVE_LONG_LONG_INT 1
| #define HAVE_WCHAR_T 1
| #define HAVE_WINT_T 1
| #define HAVE_INTMAX_T 1
| #define HAVE_POSIX_PRINTF 1
| #define HAVE_STDINT_H 1
| #define HAVE_STDINT_H 1
| #define HAVE_WORKING_O_NOATIME 1
| #define HAVE_WORKING_O_NOFOLLOW 1
| #define HAVE_WORKING_USELOCALE 1
| #define FLEXIBLE_ARRAY_MEMBER /**/
| #define HAVE_FEATURES_H 1
| #define HAVE_STDDEF_H 1
| #define HAVE_STDLIB_H 1
| #define HAVE_STRING_H 1
| #define HAVE_ASPRINTF 1
| #define HAVE_FWPRINTF 1
| #define HAVE_NEWLOCALE 1
| #define HAVE_PUTENV 1
| #define HAVE_SETENV 1
| #define HAVE_SETLOCALE 1
| #define HAVE_SNPRINTF 1
| #define HAVE_STRNLEN 1
| #define HAVE_USELOCALE 1
| #define HAVE_WCSLEN 1
| #define HAVE_WCSNLEN 1
| #define HAVE_MBRTOWC 1
| #define HAVE_WCRTOMB 1
| #define HAVE_DECL__SNPRINTF 0
| #define HAVE_DECL__SNWPRINTF 0
| #define HAVE_DECL_GETC_UNLOCKED 1
| #define HAVE_LANGINFO_CODESET 1
| #define HAVE_LC_MESSAGES 1
| #define ENABLE_NLS 1
| #define HAVE_GETTEXT 1
| #define HAVE_DCGETTEXT 1
| #define HAVE_DIRENT_H 1
| /* end confdefs.h.  */
| #include <stddef.h>
| #ifdef HAVE_STDIO_H
| # include <stdio.h>
| #endif
| #ifdef HAVE_STDLIB_H
| # include <stdlib.h>
| #endif
| #ifdef HAVE_STRING_H
| # include <string.h>
| #endif
| #ifdef HAVE_INTTYPES_H
| # include <inttypes.h>
| #endif
| #ifdef HAVE_STDINT_H
| # include <stdint.h>
| #endif
| #ifdef HAVE_STRINGS_H
| # include <strings.h>
| #endif
| #ifdef HAVE_SYS_TYPES_H
| # include <sys/types.h>
| #endif
| #ifdef HAVE_SYS_STAT_H
| # include <sys/stat.h>
| #endif
| #ifdef HAVE_UNISTD_H
| # include <unistd.h>
| #endif
| #include <sys/mkdev.h>
configure:14190: result: no
configure:14199: checking for sys/sysmacros.h
configure:14199: /usr/bin/clang -c -g -O2  conftest.c >&5
configure:14199: $? = 0
configure:14199: result: yes
configure:14211: checking for inttypes.h
configure:14211: result: yes
configure:14220: checking for unistd.h
configure:14220: result: yes
configure:14226: checking for stdlib.h
configure:14226: result: yes
configure:14232: checking for stdarg.h
configure:14232: /usr/bin/clang -c -g -O2  conftest.c >&5
configure:14232: $? = 0
configure:14232: result: yes
configure:14238: checking for varargs.h
configure:14238: /usr/bin/clang -c -g -O2  conftest.c >&5
In file included from conftest.c:192:
/usr/lib/llvm-18/lib/clang/18/include/varargs.h:11:4: error: "Please use <stdarg.h> instead of <varargs.h>"
   11 |   #error "Please use <stdarg.h> instead of <varargs.h>"
      |    ^
1 error generated.
configure:14238: $? = 1
configure: failed program was:
| /* confdefs.h */
| #define PACKAGE_NAME "bash"
| #define PACKAGE_TARNAME "bash"
| #define PACKAGE_VERSION "5.2-release"
| #define PACKAGE_STRING "bash 5.2-release"
| #define PACKAGE_BUGREPORT "bug-bash@gnu.org"
| #define PACKAGE_URL ""
| #define USING_BASH_MALLOC 1
| #define ALIAS 1
| #define PUSHD_AND_POPD 1
| #define RESTRICTED_SHELL 1
| #define PROCESS_SUBSTITUTION 1
| #define PROMPT_STRING_DECODE 1
| #define SELECT_COMMAND 1
| #define HELP_BUILTIN 1
| #define ARRAY_VARS 1
| #define DPAREN_ARITHMETIC 1
| #define BRACE_EXPANSION 1
| #define COMMAND_TIMING 1
| #define EXTENDED_GLOB 1
| #define EXTGLOB_DEFAULT 0
| #define COND_COMMAND 1
| #define COND_REGEXP 1
| #define COPROCESS_SUPPORT 1
| #define ARITH_FOR_COMMAND 1
| #define NETWORK_REDIRECTIONS 1
| #define PROGRAMMABLE_COMPLETION 1
| #define DEBUGGER 1
| #define CASEMOD_ATTRS 1
| #define CASEMOD_EXPANSIONS 1
| #define GLOBASCII_DEFAULT 1
| #define FUNCTION_IMPORT 1
| #define TRANSLATABLE_STRINGS 1
| #define MEMSCRAMBLE 1
| #define HAVE_STDIO_H 1
| #define HAVE_STDLIB_H 1
| #define HAVE_STRING_H 1
| #define HAVE_INTTYPES_H 1
| #define HAVE_STDINT_H 1
| #define HAVE_STRINGS_H 1
| #define HAVE_SYS_STAT_H 1
| #define HAVE_SYS_TYPES_H 1
| #define HAVE_UNISTD_H 1
| #define HAVE_WCHAR_H 1
| #define HAVE_SYS_PARAM_H 1
| #define HAVE_SYS_TIME_H 1
| #define STDC_HEADERS 1
| #define _ALL_SOURCE 1
| #define _DARWIN_C_SOURCE 1
| #define _GNU_SOURCE 1
| #define _HPUX_ALT_XOPEN_SOCKET_API 1
| #define _NETBSD_SOURCE 1
| #define _OPENBSD_SOURCE 1
| #define _POSIX_PTHREAD_SEMANTICS 1
| #define __STDC_WANT_IEC_60559_ATTRIBS_EXT__ 1
| #define __STDC_WANT_IEC_60559_BFP_EXT__ 1
| #define __STDC_WANT_IEC_60559_DFP_EXT__ 1
| #define __STDC_WANT_IEC_60559_FUNCS_EXT__ 1
| #define __STDC_WANT_IEC_60559_TYPES_EXT__ 1
| #define __STDC_WANT_LIB_EXT2__ 1
| #define __STDC_WANT_MATH_SPEC_FUNCS__ 1
| #define _TANDEM_SOURCE 1
| #define __EXTENSIONS__ 1
| #define READLINE 1
| #define HISTORY 1
| #define BANG_HISTORY 1
| #define HAVE_STRINGIZE 1
| #define HAVE_LONG_DOUBLE 1
| #define PROTOTYPES 1
| #define __PROTOTYPES 1
| #define restrict __restrict__
| #define HAVE_VISIBILITY 1
| #define HAVE_STDINT_H_WITH_UINTMAX 1
| #define HAVE_ALLOCA_H 1
| #define HAVE_ALLOCA 1
| #define HAVE_GETPAGESIZE 1
| #define HAVE_SYMLINK 1
| #define HAVE_USELOCALE 1
| #define HAVE_VPRINTF 1
| #define HAVE_ALARM 1
| #define HAVE___FPURGE 1
| #define HAVE_SNPRINTF 1
| #define HAVE_VSNPRINTF 1
| #define HAVE_MMAP 1
| #define INTDIV0_RAISES_SIGFPE 1
| #define HAVE_INTTYPES_H_WITH_UINTMAX 1
| #define HAVE_UNSIGNED_LONG_LONG_INT 1
| #define HAVE_UINTMAX_T 1
| #define HAVE_INTTYPES_H 1
| #define USE_POSIX_THREADS 1
| #define USE_POSIX_THREADS_WEAK 1
| #define HAVE_PTHREAD_RWLOCK 1
| #define HAVE_PTHREAD_MUTEX_RECURSIVE 1
| #define HAVE_ICONV 1
| #define ICONV_CONST 
| #define HAVE_BUILTIN_EXPECT 1
| #define HAVE_ARGZ_H 1
| #define HAVE_INTTYPES_H 1
| #define HAVE_LIMITS_H 1
| #define HAVE_UNISTD_H 1
| #define HAVE_SYS_PARAM_H 1
| #define HAVE_GETCWD 1
| #define HAVE_GETEGID 1
| #define HAVE_GETEUID 1
| #define HAVE_GETGID 1
| #define HAVE_GETUID 1
| #define HAVE_MEMPCPY 1
| #define HAVE_MUNMAP 1
| #define HAVE_STPCPY 1
| #define HAVE_STRCASECMP 1
| #define HAVE_STRDUP 1
| #define HAVE_STRTOUL 1
| #define HAVE_TSEARCH 1
| #define HAVE_ARGZ_COUNT 1
| #define HAVE_ARGZ_STRINGIFY 1
| #define HAVE_ARGZ_NEXT 1
| #define HAVE___FSETLOCKING 1
| #define HAVE_LOCALECONV 1
| #define HAVE_DECL_FEOF_UNLOCKED 1
| #define HAVE_DECL_FGETS_UNLOCKED 1
| #define HAVE_LONG_LONG_INT 1
| #define HAVE_WCHAR_T 1
| #define HAVE_WINT_T 1
| #define HAVE_INTMAX_T 1
| #define HAVE_POSIX_PRINTF 1
| #define HAVE_STDINT_H 1
| #define HAVE_STDINT_H 1
| #define HAVE_WORKING_O_NOATIME 1
| #define HAVE_WORKING_O_NOFOLLOW 1
| #define HAVE_WORKING_USELOCALE 1
| #define FLEXIBLE_ARRAY_MEMBER /**/
| #define HAVE_FEATURES_H 1
| #define HAVE_STDDEF_H 1
| #define HAVE_STDLIB_H 1
| #define HAVE_STRING_H 1
| #define HAVE_ASPRINTF 1
| #define HAVE_FWPRINTF 1
| #define HAVE_NEWLOCALE 1
| #define HAVE_PUTENV 1
| #define HAVE_SETENV 1
| #define HAVE_SETLOCALE 1
| #define HAVE_SNPRINTF 1
| #define HAVE_STRNLEN 1
| #define HAVE_USELOCALE 1
| #define HAVE_WCSLEN 1
| #define HAVE_WCSNLEN 1
| #define HAVE_MBRTOWC 1
| #define HAVE_WCRTOMB 1
| #define HAVE_DECL__SNPRINTF 0
| #define HAVE_DECL__SNWPRINTF 0
| #define HAVE_DECL_GETC_UNLOCKED 1
| #define HAVE_LANGINFO_CODESET 1
| #define HAVE_LC_MESSAGES 1
| #define ENABLE_NLS 1
| #define HAVE_GETTEXT 1
| #define HAVE_DCGETTEXT 1
| #define HAVE_DIRENT_H 1
| #define MAJOR_IN_SYSMACROS 1
| #define HAVE_INTTYPES_H 1
| #define HAVE_UNISTD_H 1
| #define HAVE_STDLIB_H 1
| #define HAVE_STDARG_H 1
| /* end confdefs.h.  */
| #include <stddef.h>
| #ifdef HAVE_STDIO_H
| # include <stdio.h>
| #endif
| #ifdef HAVE_STDLIB_H
| # include <stdlib.h>
| #endif
| #ifdef HAVE_STRING_H
| # include <string.h>
| #endif
| #ifdef HAVE_INTTYPES_H
| # include <inttypes.h>
| #endif
| #ifdef HAVE_STDINT_H
| # include <stdint.h>
| #endif
| #ifdef HAVE_STRINGS_H
| # include <strings.h>
| #endif
| #ifdef HAVE_SYS_TYPES_H
| # include <sys/types.h>
| #endif
| #ifdef HAVE_SYS_STAT_H
| # include <sys/stat.h>
| #endif
| #ifdef HAVE_UNISTD_H
| # include <unistd.h>
| #endif
| #include <varargs.h>
configure:14238: result: no
configure:14244: checking for limits.h
configure:14244: result: yes
configure:14250: checking for string.h
configure:14250: result: yes
configure:14256: checking for memory.h
configure:14256: /usr/bin/clang -c -g -O2  conftest.c >&5
configure:14256: $? = 0
configure:14256: result: yes
configure:14262: checking for locale.h
configure:14262: /usr/bin/clang -c -g -O2  conftest.c >&5
configure:14262: $? = 0
configure:14262: result: yes
configure:14268: checking for termcap.h
configure:14268: /usr/bin/clang -c -g -O2  conftest.c >&5
configure:14268: $? = 0
configure:14268: result: yes
configure:14274: checking for termio.h
configure:14274: /usr/bin/clang -c -g -O2  conftest.c >&5
configure:14274: $? = 0
configure:14274: result: yes
configure:14280: checking for termios.h
configure:14280: /usr/bin/clang -c -g -O2  conftest.c >&5
configure:14280: $? = 0
configure:14280: result: yes
configure:14286: checking for dlfcn.h
configure:14286: /usr/bin/clang -c -g -O2  conftest.c >&5
configure:14286: $? = 0
configure:14286: result: yes
configure:14292: checking for stdbool.h
configure:14292: /usr/bin/clang -c -g -O2  conftest.c >&5
configure:14292: $? = 0
configure:14292: result: yes
configure:14298: checking for stddef.h
configure:14298: result: yes
configure:14304: checking for stdint.h
configure:14304: result: yes
configure:14310: checking for netdb.h
configure:14310: /usr/bin/clang -c -g -O2  conftest.c >&5
configure:14310: $? = 0
configure:14310: result: yes
configure:14316: checking for pwd.h
configure:14316: /usr/bin/clang -c -g -O2  conftest.c >&5
configure:14316: $? = 0
configure:14316: result: yes
configure:14322: checking for grp.h
configure:14322: /usr/bin/clang -c -g -O2  conftest.c >&5
configure:14322: $? = 0
configure:14322: result: yes
configure:14328: checking for strings.h
configure:14328: result: yes
configure:14334: checking for regex.h
configure:14334: /usr/bin/clang -c -g -O2  conftest.c >&5
configure:14334: $? = 0
configure:14334: result: yes
configure:14340: checking for syslog.h
configure:14340: /usr/bin/clang -c -g -O2  conftest.c >&5
configure:14340: $? = 0
configure:14340: result: yes
configure:14346: checking for ulimit.h
configure:14346: /usr/bin/clang -c -g -O2  conftest.c >&5
configure:14346: $? = 0
configure:14346: result: yes
configure:14353: checking for sys/pte.h
configure:14353: /usr/bin/clang -c -g -O2  conftest.c >&5
conftest.c:210:10: fatal error: 'sys/pte.h' file not found
  210 | #include <sys/pte.h>
      |          ^~~~~~~~~~~
1 error generated.
configure:14353: $? = 1
configure: failed program was:
| /* confdefs.h */
| #define PACKAGE_NAME "bash"
| #define PACKAGE_TARNAME "bash"
| #define PACKAGE_VERSION "5.2-release"
| #define PACKAGE_STRING "bash 5.2-release"
| #define PACKAGE_BUGREPORT "bug-bash@gnu.org"
| #define PACKAGE_URL ""
| #define USING_BASH_MALLOC 1
| #define ALIAS 1
| #define PUSHD_AND_POPD 1
| #define RESTRICTED_SHELL 1
| #define PROCESS_SUBSTITUTION 1
| #define PROMPT_STRING_DECODE 1
| #define SELECT_COMMAND 1
| #define HELP_BUILTIN 1
| #define ARRAY_VARS 1
| #define DPAREN_ARITHMETIC 1
| #define BRACE_EXPANSION 1
| #define COMMAND_TIMING 1
| #define EXTENDED_GLOB 1
| #define EXTGLOB_DEFAULT 0
| #define COND_COMMAND 1
| #define COND_REGEXP 1
| #define COPROCESS_SUPPORT 1
| #define ARITH_FOR_COMMAND 1
| #define NETWORK_REDIRECTIONS 1
| #define PROGRAMMABLE_COMPLETION 1
| #define DEBUGGER 1
| #define CASEMOD_ATTRS 1
| #define CASEMOD_EXPANSIONS 1
| #define GLOBASCII_DEFAULT 1
| #define FUNCTION_IMPORT 1
| #define TRANSLATABLE_STRINGS 1
| #define MEMSCRAMBLE 1
| #define HAVE_STDIO_H 1
| #define HAVE_STDLIB_H 1
| #define HAVE_STRING_H 1
| #define HAVE_INTTYPES_H 1
| #define HAVE_STDINT_H 1
| #define HAVE_STRINGS_H 1
| #define HAVE_SYS_STAT_H 1
| #define HAVE_SYS_TYPES_H 1
| #define HAVE_UNISTD_H 1
| #define HAVE_WCHAR_H 1
| #define HAVE_SYS_PARAM_H 1
| #define HAVE_SYS_TIME_H 1
| #define STDC_HEADERS 1
| #define _ALL_SOURCE 1
| #define _DARWIN_C_SOURCE 1
| #define _GNU_SOURCE 1
| #define _HPUX_ALT_XOPEN_SOCKET_API 1
| #define _NETBSD_SOURCE 1
| #define _OPENBSD_SOURCE 1
| #define _POSIX_PTHREAD_SEMANTICS 1
| #define __STDC_WANT_IEC_60559_ATTRIBS_EXT__ 1
| #define __STDC_WANT_IEC_60559_BFP_EXT__ 1
| #define __STDC_WANT_IEC_60559_DFP_EXT__ 1
| #define __STDC_WANT_IEC_60559_FUNCS_EXT__ 1
| #define __STDC_WANT_IEC_60559_TYPES_EXT__ 1
| #define __STDC_WANT_LIB_EXT2__ 1
| #define __STDC_WANT_MATH_SPEC_FUNCS__ 1
| #define _TANDEM_SOURCE 1
| #define __EXTENSIONS__ 1
| #define READLINE 1
| #define HISTORY 1
| #define BANG_HISTORY 1
| #define HAVE_STRINGIZE 1
| #define HAVE_LONG_DOUBLE 1
| #define PROTOTYPES 1
| #define __PROTOTYPES 1
| #define restrict __restrict__
| #define HAVE_VISIBILITY 1
| #define HAVE_STDINT_H_WITH_UINTMAX 1
| #define HAVE_ALLOCA_H 1
| #define HAVE_ALLOCA 1
| #define HAVE_GETPAGESIZE 1
| #define HAVE_SYMLINK 1
| #define HAVE_USELOCALE 1
| #define HAVE_VPRINTF 1
| #define HAVE_ALARM 1
| #define HAVE___FPURGE 1
| #define HAVE_SNPRINTF 1
| #define HAVE_VSNPRINTF 1
| #define HAVE_MMAP 1
| #define INTDIV0_RAISES_SIGFPE 1
| #define HAVE_INTTYPES_H_WITH_UINTMAX 1
| #define HAVE_UNSIGNED_LONG_LONG_INT 1
| #define HAVE_UINTMAX_T 1
| #define HAVE_INTTYPES_H 1
| #define USE_POSIX_THREADS 1
| #define USE_POSIX_THREADS_WEAK 1
| #define HAVE_PTHREAD_RWLOCK 1
| #define HAVE_PTHREAD_MUTEX_RECURSIVE 1
| #define HAVE_ICONV 1
| #define ICONV_CONST 
| #define HAVE_BUILTIN_EXPECT 1
| #define HAVE_ARGZ_H 1
| #define HAVE_INTTYPES_H 1
| #define HAVE_LIMITS_H 1
| #define HAVE_UNISTD_H 1
| #define HAVE_SYS_PARAM_H 1
| #define HAVE_GETCWD 1
| #define HAVE_GETEGID 1
| #define HAVE_GETEUID 1
| #define HAVE_GETGID 1
| #define HAVE_GETUID 1
| #define HAVE_MEMPCPY 1
| #define HAVE_MUNMAP 1
| #define HAVE_STPCPY 1
| #define HAVE_STRCASECMP 1
| #define HAVE_STRDUP 1
| #define HAVE_STRTOUL 1
| #define HAVE_TSEARCH 1
| #define HAVE_ARGZ_COUNT 1
| #define HAVE_ARGZ_STRINGIFY 1
| #define HAVE_ARGZ_NEXT 1
| #define HAVE___FSETLOCKING 1
| #define HAVE_LOCALECONV 1
| #define HAVE_DECL_FEOF_UNLOCKED 1
| #define HAVE_DECL_FGETS_UNLOCKED 1
| #define HAVE_LONG_LONG_INT 1
| #define HAVE_WCHAR_T 1
| #define HAVE_WINT_T 1
| #define HAVE_INTMAX_T 1
| #define HAVE_POSIX_PRINTF 1
| #define HAVE_STDINT_H 1
| #define HAVE_STDINT_H 1
| #define HAVE_WORKING_O_NOATIME 1
| #define HAVE_WORKING_O_NOFOLLOW 1
| #define HAVE_WORKING_USELOCALE 1
| #define FLEXIBLE_ARRAY_MEMBER /**/
| #define HAVE_FEATURES_H 1
| #define HAVE_STDDEF_H 1
| #define HAVE_STDLIB_H 1
| #define HAVE_STRING_H 1
| #define HAVE_ASPRINTF 1
| #define HAVE_FWPRINTF 1
| #define HAVE_NEWLOCALE 1
| #define HAVE_PUTENV 1
| #define HAVE_SETENV 1
| #define HAVE_SETLOCALE 1
| #define HAVE_SNPRINTF 1
| #define HAVE_STRNLEN 1
| #define HAVE_USELOCALE 1
| #define HAVE_WCSLEN 1
| #define HAVE_WCSNLEN 1
| #define HAVE_MBRTOWC 1
| #define HAVE_WCRTOMB 1
| #define HAVE_DECL__SNPRINTF 0
| #define HAVE_DECL__SNWPRINTF 0
| #define HAVE_DECL_GETC_UNLOCKED 1
| #define HAVE_LANGINFO_CODESET 1
| #define HAVE_LC_MESSAGES 1
| #define ENABLE_NLS 1
| #define HAVE_GETTEXT 1
| #define HAVE_DCGETTEXT 1
| #define HAVE_DIRENT_H 1
| #define MAJOR_IN_SYSMACROS 1
| #define HAVE_INTTYPES_H 1
| #define HAVE_UNISTD_H 1
| #define HAVE_STDLIB_H 1
| #define HAVE_STDARG_H 1
| #define HAVE_LIMITS_H 1
| #define HAVE_STRING_H 1
| #define HAVE_MEMORY_H 1
| #define HAVE_LOCALE_H 1
| #define HAVE_TERMCAP_H 1
| #define HAVE_TERMIO_H 1
| #define HAVE_TERMIOS_H 1
| #define HAVE_DLFCN_H 1
| #define HAVE_STDBOOL_H 1
| #define HAVE_STDDEF_H 1
| #define HAVE_STDINT_H 1
| #define HAVE_NETDB_H 1
| #define HAVE_PWD_H 1
| #define HAVE_GRP_H 1
| #define HAVE_STRINGS_H 1
| #define HAVE_REGEX_H 1
| #define HAVE_SYSLOG_H 1
| #define HAVE_ULIMIT_H 1
| /* end confdefs.h.  */
| #include <stddef.h>
| #ifdef HAVE_STDIO_H
| # include <stdio.h>
| #endif
| #ifdef HAVE_STDLIB_H
| # include <stdlib.h>
| #endif
| #ifdef HAVE_STRING_H
| # include <string.h>
| #endif
| #ifdef HAVE_INTTYPES_H
| # include <inttypes.h>
| #endif
| #ifdef HAVE_STDINT_H
| # include <stdint.h>
| #endif
| #ifdef HAVE_STRINGS_H
| # include <strings.h>
| #endif
| #ifdef HAVE_SYS_TYPES_H
| # include <sys/types.h>
| #endif
| #ifdef HAVE_SYS_STAT_H
| # include <sys/stat.h>
| #endif
| #ifdef HAVE_UNISTD_H
| # include <unistd.h>
| #endif
| #include <sys/pte.h>
configure:14353: result: no
configure:14359: checking for sys/stream.h
configure:14359: /usr/bin/clang -c -g -O2  conftest.c >&5
conftest.c:210:10: fatal error: 'sys/stream.h' file not found
  210 | #include <sys/stream.h>
      |          ^~~~~~~~~~~~~~
1 error generated.
configure:14359: $? = 1
configure: failed program was:
| /* confdefs.h */
| #define PACKAGE_NAME "bash"
| #define PACKAGE_TARNAME "bash"
| #define PACKAGE_VERSION "5.2-release"
| #define PACKAGE_STRING "bash 5.2-release"
| #define PACKAGE_BUGREPORT "bug-bash@gnu.org"
| #define PACKAGE_URL ""
| #define USING_BASH_MALLOC 1
| #define ALIAS 1
| #define PUSHD_AND_POPD 1
| #define RESTRICTED_SHELL 1
| #define PROCESS_SUBSTITUTION 1
| #define PROMPT_STRING_DECODE 1
| #define SELECT_COMMAND 1
| #define HELP_BUILTIN 1
| #define ARRAY_VARS 1
| #define DPAREN_ARITHMETIC 1
| #define BRACE_EXPANSION 1
| #define COMMAND_TIMING 1
| #define EXTENDED_GLOB 1
| #define EXTGLOB_DEFAULT 0
| #define COND_COMMAND 1
| #define COND_REGEXP 1
| #define COPROCESS_SUPPORT 1
| #define ARITH_FOR_COMMAND 1
| #define NETWORK_REDIRECTIONS 1
| #define PROGRAMMABLE_COMPLETION 1
| #define DEBUGGER 1
| #define CASEMOD_ATTRS 1
| #define CASEMOD_EXPANSIONS 1
| #define GLOBASCII_DEFAULT 1
| #define FUNCTION_IMPORT 1
| #define TRANSLATABLE_STRINGS 1
| #define MEMSCRAMBLE 1
| #define HAVE_STDIO_H 1
| #define HAVE_STDLIB_H 1
| #define HAVE_STRING_H 1
| #define HAVE_INTTYPES_H 1
| #define HAVE_STDINT_H 1
| #define HAVE_STRINGS_H 1
| #define HAVE_SYS_STAT_H 1
| #define HAVE_SYS_TYPES_H 1
| #define HAVE_UNISTD_H 1
| #define HAVE_WCHAR_H 1
| #define HAVE_SYS_PARAM_H 1
| #define HAVE_SYS_TIME_H 1
| #define STDC_HEADERS 1
| #define _ALL_SOURCE 1
| #define _DARWIN_C_SOURCE 1
| #define _GNU_SOURCE 1
| #define _HPUX_ALT_XOPEN_SOCKET_API 1
| #define _NETBSD_SOURCE 1
| #define _OPENBSD_SOURCE 1
| #define _POSIX_PTHREAD_SEMANTICS 1
| #define __STDC_WANT_IEC_60559_ATTRIBS_EXT__ 1
| #define __STDC_WANT_IEC_60559_BFP_EXT__ 1
| #define __STDC_WANT_IEC_60559_DFP_EXT__ 1
| #define __STDC_WANT_IEC_60559_FUNCS_EXT__ 1
| #define __STDC_WANT_IEC_60559_TYPES_EXT__ 1
| #define __STDC_WANT_LIB_EXT2__ 1
| #define __STDC_WANT_MATH_SPEC_FUNCS__ 1
| #define _TANDEM_SOURCE 1
| #define __EXTENSIONS__ 1
| #define READLINE 1
| #define HISTORY 1
| #define BANG_HISTORY 1
| #define HAVE_STRINGIZE 1
| #define HAVE_LONG_DOUBLE 1
| #define PROTOTYPES 1
| #define __PROTOTYPES 1
| #define restrict __restrict__
| #define HAVE_VISIBILITY 1
| #define HAVE_STDINT_H_WITH_UINTMAX 1
| #define HAVE_ALLOCA_H 1
| #define HAVE_ALLOCA 1
| #define HAVE_GETPAGESIZE 1
| #define HAVE_SYMLINK 1
| #define HAVE_USELOCALE 1
| #define HAVE_VPRINTF 1
| #define HAVE_ALARM 1
| #define HAVE___FPURGE 1
| #define HAVE_SNPRINTF 1
| #define HAVE_VSNPRINTF 1
| #define HAVE_MMAP 1
| #define INTDIV0_RAISES_SIGFPE 1
| #define HAVE_INTTYPES_H_WITH_UINTMAX 1
| #define HAVE_UNSIGNED_LONG_LONG_INT 1
| #define HAVE_UINTMAX_T 1
| #define HAVE_INTTYPES_H 1
| #define USE_POSIX_THREADS 1
| #define USE_POSIX_THREADS_WEAK 1
| #define HAVE_PTHREAD_RWLOCK 1
| #define HAVE_PTHREAD_MUTEX_RECURSIVE 1
| #define HAVE_ICONV 1
| #define ICONV_CONST 
| #define HAVE_BUILTIN_EXPECT 1
| #define HAVE_ARGZ_H 1
| #define HAVE_INTTYPES_H 1
| #define HAVE_LIMITS_H 1
| #define HAVE_UNISTD_H 1
| #define HAVE_SYS_PARAM_H 1
| #define HAVE_GETCWD 1
| #define HAVE_GETEGID 1
| #define HAVE_GETEUID 1
| #define HAVE_GETGID 1
| #define HAVE_GETUID 1
| #define HAVE_MEMPCPY 1
| #define HAVE_MUNMAP 1
| #define HAVE_STPCPY 1
| #define HAVE_STRCASECMP 1
| #define HAVE_STRDUP 1
| #define HAVE_STRTOUL 1
| #define HAVE_TSEARCH 1
| #define HAVE_ARGZ_COUNT 1
| #define HAVE_ARGZ_STRINGIFY 1
| #define HAVE_ARGZ_NEXT 1
| #define HAVE___FSETLOCKING 1
| #define HAVE_LOCALECONV 1
| #define HAVE_DECL_FEOF_UNLOCKED 1
| #define HAVE_DECL_FGETS_UNLOCKED 1
| #define HAVE_LONG_LONG_INT 1
| #define HAVE_WCHAR_T 1
| #define HAVE_WINT_T 1
| #define HAVE_INTMAX_T 1
| #define HAVE_POSIX_PRINTF 1
| #define HAVE_STDINT_H 1
| #define HAVE_STDINT_H 1
| #define HAVE_WORKING_O_NOATIME 1
| #define HAVE_WORKING_O_NOFOLLOW 1
| #define HAVE_WORKING_USELOCALE 1
| #define FLEXIBLE_ARRAY_MEMBER /**/
| #define HAVE_FEATURES_H 1
| #define HAVE_STDDEF_H 1
| #define HAVE_STDLIB_H 1
| #define HAVE_STRING_H 1
| #define HAVE_ASPRINTF 1
| #define HAVE_FWPRINTF 1
| #define HAVE_NEWLOCALE 1
| #define HAVE_PUTENV 1
| #define HAVE_SETENV 1
| #define HAVE_SETLOCALE 1
| #define HAVE_SNPRINTF 1
| #define HAVE_STRNLEN 1
| #define HAVE_USELOCALE 1
| #define HAVE_WCSLEN 1
| #define HAVE_WCSNLEN 1
| #define HAVE_MBRTOWC 1
| #define HAVE_WCRTOMB 1
| #define HAVE_DECL__SNPRINTF 0
| #define HAVE_DECL__SNWPRINTF 0
| #define HAVE_DECL_GETC_UNLOCKED 1
| #define HAVE_LANGINFO_CODESET 1
| #define HAVE_LC_MESSAGES 1
| #define ENABLE_NLS 1
| #define HAVE_GETTEXT 1
| #define HAVE_DCGETTEXT 1
| #define HAVE_DIRENT_H 1
| #define MAJOR_IN_SYSMACROS 1
| #define HAVE_INTTYPES_H 1
| #define HAVE_UNISTD_H 1
| #define HAVE_STDLIB_H 1
| #define HAVE_STDARG_H 1
| #define HAVE_LIMITS_H 1
| #define HAVE_STRING_H 1
| #define HAVE_MEMORY_H 1
| #define HAVE_LOCALE_H 1
| #define HAVE_TERMCAP_H 1
| #define HAVE_TERMIO_H 1
| #define HAVE_TERMIOS_H 1
| #define HAVE_DLFCN_H 1
| #define HAVE_STDBOOL_H 1
| #define HAVE_STDDEF_H 1
| #define HAVE_STDINT_H 1
| #define HAVE_NETDB_H 1
| #define HAVE_PWD_H 1
| #define HAVE_GRP_H 1
| #define HAVE_STRINGS_H 1
| #define HAVE_REGEX_H 1
| #define HAVE_SYSLOG_H 1
| #define HAVE_ULIMIT_H 1
| /* end confdefs.h.  */
| #include <stddef.h>
| #ifdef HAVE_STDIO_H
| # include <stdio.h>
| #endif
| #ifdef HAVE_STDLIB_H
| # include <stdlib.h>
| #endif
| #ifdef HAVE_STRING_H
| # include <string.h>
| #endif
| #ifdef HAVE_INTTYPES_H
| # include <inttypes.h>
| #endif
| #ifdef HAVE_STDINT_H
| # include <stdint.h>
| #endif
| #ifdef HAVE_STRINGS_H
| # include <strings.h>
| #endif
| #ifdef HAVE_SYS_TYPES_H
| # include <sys/types.h>
| #endif
| #ifdef HAVE_SYS_STAT_H
| # include <sys/stat.h>
| #endif
| #ifdef HAVE_UNISTD_H
| # include <unistd.h>
| #endif
| #include <sys/stream.h>
configure:14359: result: no
configure:14365: checking for sys/select.h
configure:14365: /usr/bin/clang -c -g -O2  conftest.c >&5
configure:14365: $? = 0
configure:14365: result: yes
configure:14371: checking for sys/file.h
configure:14371: /usr/bin/clang -c -g -O2  conftest.c >&5
configure:14371: $? = 0
configure:14371: result: yes
configure:14377: checking for sys/ioctl.h
configure:14377: /usr/bin/clang -c -g -O2  conftest.c >&5
configure:14377: $? = 0
configure:14377: result: yes
configure:14383: checking for sys/mman.h
configure:14383: /usr/bin/clang -c -g -O2  conftest.c >&5
configure:14383: $? = 0
configure:14383: result: yes
configure:14389: checking for sys/param.h
configure:14389: result: yes
configure:14395: checking for sys/random.h
configure:14395: /usr/bin/clang -c -g -O2  conftest.c >&5
configure:14395: $? = 0
configure:14395: result: yes
configure:14401: checking for sys/socket.h
configure:14401: /usr/bin/clang -c -g -O2  conftest.c >&5
configure:14401: $? = 0
configure:14401: result: yes
configure:14407: checking for sys/stat.h
configure:14407: result: yes
configure:14413: checking for sys/time.h
configure:14413: result: yes
configure:14419: checking for sys/times.h
configure:14419: /usr/bin/clang -c -g -O2  conftest.c >&5
configure:14419: $? = 0
configure:14419: result: yes
configure:14425: checking for sys/types.h
configure:14425: result: yes
configure:14431: checking for sys/wait.h
configure:14431: /usr/bin/clang -c -g -O2  conftest.c >&5
configure:14431: $? = 0
configure:14431: result: yes
configure:14438: checking for netinet/in.h
configure:14438: /usr/bin/clang -c -g -O2  conftest.c >&5
configure:14438: $? = 0
configure:14438: result: yes
configure:14444: checking for arpa/inet.h
configure:14444: /usr/bin/clang -c -g -O2  conftest.c >&5
configure:14444: $? = 0
configure:14444: result: yes
configure:14452: checking for sys/ptem.h
configure:14452: /usr/bin/clang -c -g -O2  conftest.c >&5
conftest.c:202:10: fatal error: 'sys/ptem.h' file not found
  202 | #include <sys/ptem.h>
      |          ^~~~~~~~~~~~
1 error generated.
configure:14452: $? = 1
configure: failed program was:
| /* confdefs.h */
| #define PACKAGE_NAME "bash"
| #define PACKAGE_TARNAME "bash"
| #define PACKAGE_VERSION "5.2-release"
| #define PACKAGE_STRING "bash 5.2-release"
| #define PACKAGE_BUGREPORT "bug-bash@gnu.org"
| #define PACKAGE_URL ""
| #define USING_BASH_MALLOC 1
| #define ALIAS 1
| #define PUSHD_AND_POPD 1
| #define RESTRICTED_SHELL 1
| #define PROCESS_SUBSTITUTION 1
| #define PROMPT_STRING_DECODE 1
| #define SELECT_COMMAND 1
| #define HELP_BUILTIN 1
| #define ARRAY_VARS 1
| #define DPAREN_ARITHMETIC 1
| #define BRACE_EXPANSION 1
| #define COMMAND_TIMING 1
| #define EXTENDED_GLOB 1
| #define EXTGLOB_DEFAULT 0
| #define COND_COMMAND 1
| #define COND_REGEXP 1
| #define COPROCESS_SUPPORT 1
| #define ARITH_FOR_COMMAND 1
| #define NETWORK_REDIRECTIONS 1
| #define PROGRAMMABLE_COMPLETION 1
| #define DEBUGGER 1
| #define CASEMOD_ATTRS 1
| #define CASEMOD_EXPANSIONS 1
| #define GLOBASCII_DEFAULT 1
| #define FUNCTION_IMPORT 1
| #define TRANSLATABLE_STRINGS 1
| #define MEMSCRAMBLE 1
| #define HAVE_STDIO_H 1
| #define HAVE_STDLIB_H 1
| #define HAVE_STRING_H 1
| #define HAVE_INTTYPES_H 1
| #define HAVE_STDINT_H 1
| #define HAVE_STRINGS_H 1
| #define HAVE_SYS_STAT_H 1
| #define HAVE_SYS_TYPES_H 1
| #define HAVE_UNISTD_H 1
| #define HAVE_WCHAR_H 1
| #define HAVE_SYS_PARAM_H 1
| #define HAVE_SYS_TIME_H 1
| #define STDC_HEADERS 1
| #define _ALL_SOURCE 1
| #define _DARWIN_C_SOURCE 1
| #define _GNU_SOURCE 1
| #define _HPUX_ALT_XOPEN_SOCKET_API 1
| #define _NETBSD_SOURCE 1
| #define _OPENBSD_SOURCE 1
| #define _POSIX_PTHREAD_SEMANTICS 1
| #define __STDC_WANT_IEC_60559_ATTRIBS_EXT__ 1
| #define __STDC_WANT_IEC_60559_BFP_EXT__ 1
| #define __STDC_WANT_IEC_60559_DFP_EXT__ 1
| #define __STDC_WANT_IEC_60559_FUNCS_EXT__ 1
| #define __STDC_WANT_IEC_60559_TYPES_EXT__ 1
| #define __STDC_WANT_LIB_EXT2__ 1
| #define __STDC_WANT_MATH_SPEC_FUNCS__ 1
| #define _TANDEM_SOURCE 1
| #define __EXTENSIONS__ 1
| #define READLINE 1
| #define HISTORY 1
| #define BANG_HISTORY 1
| #define HAVE_STRINGIZE 1
| #define HAVE_LONG_DOUBLE 1
| #define PROTOTYPES 1
| #define __PROTOTYPES 1
| #define restrict __restrict__
| #define HAVE_VISIBILITY 1
| #define HAVE_STDINT_H_WITH_UINTMAX 1
| #define HAVE_ALLOCA_H 1
| #define HAVE_ALLOCA 1
| #define HAVE_GETPAGESIZE 1
| #define HAVE_SYMLINK 1
| #define HAVE_USELOCALE 1
| #define HAVE_VPRINTF 1
| #define HAVE_ALARM 1
| #define HAVE___FPURGE 1
| #define HAVE_SNPRINTF 1
| #define HAVE_VSNPRINTF 1
| #define HAVE_MMAP 1
| #define INTDIV0_RAISES_SIGFPE 1
| #define HAVE_INTTYPES_H_WITH_UINTMAX 1
| #define HAVE_UNSIGNED_LONG_LONG_INT 1
| #define HAVE_UINTMAX_T 1
| #define HAVE_INTTYPES_H 1
| #define USE_POSIX_THREADS 1
| #define USE_POSIX_THREADS_WEAK 1
| #define HAVE_PTHREAD_RWLOCK 1
| #define HAVE_PTHREAD_MUTEX_RECURSIVE 1
| #define HAVE_ICONV 1
| #define ICONV_CONST 
| #define HAVE_BUILTIN_EXPECT 1
| #define HAVE_ARGZ_H 1
| #define HAVE_INTTYPES_H 1
| #define HAVE_LIMITS_H 1
| #define HAVE_UNISTD_H 1
| #define HAVE_SYS_PARAM_H 1
| #define HAVE_GETCWD 1
| #define HAVE_GETEGID 1
| #define HAVE_GETEUID 1
| #define HAVE_GETGID 1
| #define HAVE_GETUID 1
| #define HAVE_MEMPCPY 1
| #define HAVE_MUNMAP 1
| #define HAVE_STPCPY 1
| #define HAVE_STRCASECMP 1
| #define HAVE_STRDUP 1
| #define HAVE_STRTOUL 1
| #define HAVE_TSEARCH 1
| #define HAVE_ARGZ_COUNT 1
| #define HAVE_ARGZ_STRINGIFY 1
| #define HAVE_ARGZ_NEXT 1
| #define HAVE___FSETLOCKING 1
| #define HAVE_LOCALECONV 1
| #define HAVE_DECL_FEOF_UNLOCKED 1
| #define HAVE_DECL_FGETS_UNLOCKED 1
| #define HAVE_LONG_LONG_INT 1
| #define HAVE_WCHAR_T 1
| #define HAVE_WINT_T 1
| #define HAVE_INTMAX_T 1
| #define HAVE_POSIX_PRINTF 1
| #define HAVE_STDINT_H 1
| #define HAVE_STDINT_H 1
| #define HAVE_WORKING_O_NOATIME 1
| #define HAVE_WORKING_O_NOFOLLOW 1
| #define HAVE_WORKING_USELOCALE 1
| #define FLEXIBLE_ARRAY_MEMBER /**/
| #define HAVE_FEATURES_H 1
| #define HAVE_STDDEF_H 1
| #define HAVE_STDLIB_H 1
| #define HAVE_STRING_H 1
| #define HAVE_ASPRINTF 1
| #define HAVE_FWPRINTF 1
| #define HAVE_NEWLOCALE 1
| #define HAVE_PUTENV 1
| #define HAVE_SETENV 1
| #define HAVE_SETLOCALE 1
| #define HAVE_SNPRINTF 1
| #define HAVE_STRNLEN 1
| #define HAVE_USELOCALE 1
| #define HAVE_WCSLEN 1
| #define HAVE_WCSNLEN 1
| #define HAVE_MBRTOWC 1
| #define HAVE_WCRTOMB 1
| #define HAVE_DECL__SNPRINTF 0
| #define HAVE_DECL__SNWPRINTF 0
| #define HAVE_DECL_GETC_UNLOCKED 1
| #define HAVE_LANGINFO_CODESET 1
| #define HAVE_LC_MESSAGES 1
| #define ENABLE_NLS 1
| #define HAVE_GETTEXT 1
| #define HAVE_DCGETTEXT 1
| #define HAVE_DIRENT_H 1
| #define MAJOR_IN_SYSMACROS 1
| #define HAVE_INTTYPES_H 1
| #define HAVE_UNISTD_H 1
| #define HAVE_STDLIB_H 1
| #define HAVE_STDARG_H 1
| #define HAVE_LIMITS_H 1
| #define HAVE_STRING_H 1
| #define HAVE_MEMORY_H 1
| #define HAVE_LOCALE_H 1
| #define HAVE_TERMCAP_H 1
| #define HAVE_TERMIO_H 1
| #define HAVE_TERMIOS_H 1
| #define HAVE_DLFCN_H 1
| #define HAVE_STDBOOL_H 1
| #define HAVE_STDDEF_H 1
| #define HAVE_STDINT_H 1
| #define HAVE_NETDB_H 1
| #define HAVE_PWD_H 1
| #define HAVE_GRP_H 1
| #define HAVE_STRINGS_H 1
| #define HAVE_REGEX_H 1
| #define HAVE_SYSLOG_H 1
| #define HAVE_ULIMIT_H 1
| #define HAVE_SYS_SELECT_H 1
| #define HAVE_SYS_FILE_H 1
| #define HAVE_SYS_IOCTL_H 1
| #define HAVE_SYS_MMAN_H 1
| #define HAVE_SYS_PARAM_H 1
| #define HAVE_SYS_RANDOM_H 1
| #define HAVE_SYS_SOCKET_H 1
| #define HAVE_SYS_STAT_H 1
| #define HAVE_SYS_TIME_H 1
| #define HAVE_SYS_TIMES_H 1
| #define HAVE_SYS_TYPES_H 1
| #define HAVE_SYS_WAIT_H 1
| #define HAVE_NETINET_IN_H 1
| #define HAVE_ARPA_INET_H 1
| /* end confdefs.h.  */
| 
| #if HAVE_SYS_STREAM_H
| #  include <sys/stream.h>
| #endif
| 
| 
| #include <sys/ptem.h>
configure:14452: result: no
configure:14464: checking for sys/resource.h
configure:14464: /usr/bin/clang -c -g -O2  conftest.c >&5
configure:14464: $? = 0
configure:14464: result: yes
configure:14479: checking for working alloca.h
configure:14506: result: yes
configure:14514: checking for alloca
configure:14626: checking for uid_t in sys/types.h
configure:14647: result: yes
configure:14658: checking for working chown
configure:14698: /usr/bin/clang -o conftest -g -O2   conftest.c  >&5
configure:14698: $? = 0
configure:14698: ./conftest
configure:14698: $? = 0
configure:14711: result: yes
configure:14719: checking whether getpgrp requires zero arguments
configure:14737: /usr/bin/clang -c -g -O2  conftest.c >&5
conftest.c:231:10: error: too many arguments to function call, expected 0, have 1
  231 | getpgrp (0);
      | ~~~~~~~  ^
/usr/include/unistd.h:656:16: note: 'getpgrp' declared here
  656 | extern __pid_t getpgrp (void) __THROW;
      |                ^
1 error generated.
configure:14737: $? = 1
configure: failed program was:
| /* confdefs.h */
| #define PACKAGE_NAME "bash"
| #define PACKAGE_TARNAME "bash"
| #define PACKAGE_VERSION "5.2-release"
| #define PACKAGE_STRING "bash 5.2-release"
| #define PACKAGE_BUGREPORT "bug-bash@gnu.org"
| #define PACKAGE_URL ""
| #define USING_BASH_MALLOC 1
| #define ALIAS 1
| #define PUSHD_AND_POPD 1
| #define RESTRICTED_SHELL 1
| #define PROCESS_SUBSTITUTION 1
| #define PROMPT_STRING_DECODE 1
| #define SELECT_COMMAND 1
| #define HELP_BUILTIN 1
| #define ARRAY_VARS 1
| #define DPAREN_ARITHMETIC 1
| #define BRACE_EXPANSION 1
| #define COMMAND_TIMING 1
| #define EXTENDED_GLOB 1
| #define EXTGLOB_DEFAULT 0
| #define COND_COMMAND 1
| #define COND_REGEXP 1
| #define COPROCESS_SUPPORT 1
| #define ARITH_FOR_COMMAND 1
| #define NETWORK_REDIRECTIONS 1
| #define PROGRAMMABLE_COMPLETION 1
| #define DEBUGGER 1
| #define CASEMOD_ATTRS 1
| #define CASEMOD_EXPANSIONS 1
| #define GLOBASCII_DEFAULT 1
| #define FUNCTION_IMPORT 1
| #define TRANSLATABLE_STRINGS 1
| #define MEMSCRAMBLE 1
| #define HAVE_STDIO_H 1
| #define HAVE_STDLIB_H 1
| #define HAVE_STRING_H 1
| #define HAVE_INTTYPES_H 1
| #define HAVE_STDINT_H 1
| #define HAVE_STRINGS_H 1
| #define HAVE_SYS_STAT_H 1
| #define HAVE_SYS_TYPES_H 1
| #define HAVE_UNISTD_H 1
| #define HAVE_WCHAR_H 1
| #define HAVE_SYS_PARAM_H 1
| #define HAVE_SYS_TIME_H 1
| #define STDC_HEADERS 1
| #define _ALL_SOURCE 1
| #define _DARWIN_C_SOURCE 1
| #define _GNU_SOURCE 1
| #define _HPUX_ALT_XOPEN_SOCKET_API 1
| #define _NETBSD_SOURCE 1
| #define _OPENBSD_SOURCE 1
| #define _POSIX_PTHREAD_SEMANTICS 1
| #define __STDC_WANT_IEC_60559_ATTRIBS_EXT__ 1
| #define __STDC_WANT_IEC_60559_BFP_EXT__ 1
| #define __STDC_WANT_IEC_60559_DFP_EXT__ 1
| #define __STDC_WANT_IEC_60559_FUNCS_EXT__ 1
| #define __STDC_WANT_IEC_60559_TYPES_EXT__ 1
| #define __STDC_WANT_LIB_EXT2__ 1
| #define __STDC_WANT_MATH_SPEC_FUNCS__ 1
| #define _TANDEM_SOURCE 1
| #define __EXTENSIONS__ 1
| #define READLINE 1
| #define HISTORY 1
| #define BANG_HISTORY 1
| #define HAVE_STRINGIZE 1
| #define HAVE_LONG_DOUBLE 1
| #define PROTOTYPES 1
| #define __PROTOTYPES 1
| #define restrict __restrict__
| #define HAVE_VISIBILITY 1
| #define HAVE_STDINT_H_WITH_UINTMAX 1
| #define HAVE_ALLOCA_H 1
| #define HAVE_ALLOCA 1
| #define HAVE_GETPAGESIZE 1
| #define HAVE_SYMLINK 1
| #define HAVE_USELOCALE 1
| #define HAVE_VPRINTF 1
| #define HAVE_ALARM 1
| #define HAVE___FPURGE 1
| #define HAVE_SNPRINTF 1
| #define HAVE_VSNPRINTF 1
| #define HAVE_MMAP 1
| #define INTDIV0_RAISES_SIGFPE 1
| #define HAVE_INTTYPES_H_WITH_UINTMAX 1
| #define HAVE_UNSIGNED_LONG_LONG_INT 1
| #define HAVE_UINTMAX_T 1
| #define HAVE_INTTYPES_H 1
| #define USE_POSIX_THREADS 1
| #define USE_POSIX_THREADS_WEAK 1
| #define HAVE_PTHREAD_RWLOCK 1
| #define HAVE_PTHREAD_MUTEX_RECURSIVE 1
| #define HAVE_ICONV 1
| #define ICONV_CONST 
| #define HAVE_BUILTIN_EXPECT 1
| #define HAVE_ARGZ_H 1
| #define HAVE_INTTYPES_H 1
| #define HAVE_LIMITS_H 1
| #define HAVE_UNISTD_H 1
| #define HAVE_SYS_PARAM_H 1
| #define HAVE_GETCWD 1
| #define HAVE_GETEGID 1
| #define HAVE_GETEUID 1
| #define HAVE_GETGID 1
| #define HAVE_GETUID 1
| #define HAVE_MEMPCPY 1
| #define HAVE_MUNMAP 1
| #define HAVE_STPCPY 1
| #define HAVE_STRCASECMP 1
| #define HAVE_STRDUP 1
| #define HAVE_STRTOUL 1
| #define HAVE_TSEARCH 1
| #define HAVE_ARGZ_COUNT 1
| #define HAVE_ARGZ_STRINGIFY 1
| #define HAVE_ARGZ_NEXT 1
| #define HAVE___FSETLOCKING 1
| #define HAVE_LOCALECONV 1
| #define HAVE_DECL_FEOF_UNLOCKED 1
| #define HAVE_DECL_FGETS_UNLOCKED 1
| #define HAVE_LONG_LONG_INT 1
| #define HAVE_WCHAR_T 1
| #define HAVE_WINT_T 1
| #define HAVE_INTMAX_T 1
| #define HAVE_POSIX_PRINTF 1
| #define HAVE_STDINT_H 1
| #define HAVE_STDINT_H 1
| #define HAVE_WORKING_O_NOATIME 1
| #define HAVE_WORKING_O_NOFOLLOW 1
| #define HAVE_WORKING_USELOCALE 1
| #define FLEXIBLE_ARRAY_MEMBER /**/
| #define HAVE_FEATURES_H 1
| #define HAVE_STDDEF_H 1
| #define HAVE_STDLIB_H 1
| #define HAVE_STRING_H 1
| #define HAVE_ASPRINTF 1
| #define HAVE_FWPRINTF 1
| #define HAVE_NEWLOCALE 1
| #define HAVE_PUTENV 1
| #define HAVE_SETENV 1
| #define HAVE_SETLOCALE 1
| #define HAVE_SNPRINTF 1
| #define HAVE_STRNLEN 1
| #define HAVE_USELOCALE 1
| #define HAVE_WCSLEN 1
| #define HAVE_WCSNLEN 1
| #define HAVE_MBRTOWC 1
| #define HAVE_WCRTOMB 1
| #define HAVE_DECL__SNPRINTF 0
| #define HAVE_DECL__SNWPRINTF 0
| #define HAVE_DECL_GETC_UNLOCKED 1
| #define HAVE_LANGINFO_CODESET 1
| #define HAVE_LC_MESSAGES 1
| #define ENABLE_NLS 1
| #define HAVE_GETTEXT 1
| #define HAVE_DCGETTEXT 1
| #define HAVE_DIRENT_H 1
| #define MAJOR_IN_SYSMACROS 1
| #define HAVE_INTTYPES_H 1
| #define HAVE_UNISTD_H 1
| #define HAVE_STDLIB_H 1
| #define HAVE_STDARG_H 1
| #define HAVE_LIMITS_H 1
| #define HAVE_STRING_H 1
| #define HAVE_MEMORY_H 1
| #define HAVE_LOCALE_H 1
| #define HAVE_TERMCAP_H 1
| #define HAVE_TERMIO_H 1
| #define HAVE_TERMIOS_H 1
| #define HAVE_DLFCN_H 1
| #define HAVE_STDBOOL_H 1
| #define HAVE_STDDEF_H 1
| #define HAVE_STDINT_H 1
| #define HAVE_NETDB_H 1
| #define HAVE_PWD_H 1
| #define HAVE_GRP_H 1
| #define HAVE_STRINGS_H 1
| #define HAVE_REGEX_H 1
| #define HAVE_SYSLOG_H 1
| #define HAVE_ULIMIT_H 1
| #define HAVE_SYS_SELECT_H 1
| #define HAVE_SYS_FILE_H 1
| #define HAVE_SYS_IOCTL_H 1
| #define HAVE_SYS_MMAN_H 1
| #define HAVE_SYS_PARAM_H 1
| #define HAVE_SYS_RANDOM_H 1
| #define HAVE_SYS_SOCKET_H 1
| #define HAVE_SYS_STAT_H 1
| #define HAVE_SYS_TIME_H 1
| #define HAVE_SYS_TIMES_H 1
| #define HAVE_SYS_TYPES_H 1
| #define HAVE_SYS_WAIT_H 1
| #define HAVE_NETINET_IN_H 1
| #define HAVE_ARPA_INET_H 1
| #define HAVE_SYS_RESOURCE_H 1
| #define HAVE_ALLOCA_H 1
| #define HAVE_ALLOCA 1
| #define HAVE_CHOWN 1
| /* end confdefs.h.  */
| #include <stddef.h>
| #ifdef HAVE_STDIO_H
| # include <stdio.h>
| #endif
| #ifdef HAVE_STDLIB_H
| # include <stdlib.h>
| #endif
| #ifdef HAVE_STRING_H
| # include <string.h>
| #endif
| #ifdef HAVE_INTTYPES_H
| # include <inttypes.h>
| #endif
| #ifdef HAVE_STDINT_H
| # include <stdint.h>
| #endif
| #ifdef HAVE_STRINGS_H
| # include <strings.h>
| #endif
| #ifdef HAVE_SYS_TYPES_H
| # include <sys/types.h>
| #endif
| #ifdef HAVE_SYS_STAT_H
| # include <sys/stat.h>
| #endif
| #ifdef HAVE_UNISTD_H
| # include <unistd.h>
| #endif
| int
| main (void)
| {
| getpgrp (0);
|   ;
|   return 0;
| }
configure:14746: result: yes
configure:14767: checking for working strcoll
configure:14795: /usr/bin/clang -o conftest -g -O2   conftest.c  >&5
configure:14795: $? = 0
configure:14795: ./conftest
configure:14795: $? = 0
configure:14806: result: yes
configure:14858: checking for __setostype
configure:14858: /usr/bin/clang -o conftest -g -O2   conftest.c  >&5
/usr/bin/ld: /tmp/conftest-805d4a.o: in function `main':
/home/gandhi/jk-robotics/operating_system/bash/conftest.c:229:(.text+0x4): undefined reference to `__setostype'
clang: error: linker command failed with exit code 1 (use -v to see invocation)
configure:14858: $? = 1
configure: failed program was:
| /* confdefs.h */
| #define PACKAGE_NAME "bash"
| #define PACKAGE_TARNAME "bash"
| #define PACKAGE_VERSION "5.2-release"
| #define PACKAGE_STRING "bash 5.2-release"
| #define PACKAGE_BUGREPORT "bug-bash@gnu.org"
| #define PACKAGE_URL ""
| #define USING_BASH_MALLOC 1
| #define ALIAS 1
| #define PUSHD_AND_POPD 1
| #define RESTRICTED_SHELL 1
| #define PROCESS_SUBSTITUTION 1
| #define PROMPT_STRING_DECODE 1
| #define SELECT_COMMAND 1
| #define HELP_BUILTIN 1
| #define ARRAY_VARS 1
| #define DPAREN_ARITHMETIC 1
| #define BRACE_EXPANSION 1
| #define COMMAND_TIMING 1
| #define EXTENDED_GLOB 1
| #define EXTGLOB_DEFAULT 0
| #define COND_COMMAND 1
| #define COND_REGEXP 1
| #define COPROCESS_SUPPORT 1
| #define ARITH_FOR_COMMAND 1
| #define NETWORK_REDIRECTIONS 1
| #define PROGRAMMABLE_COMPLETION 1
| #define DEBUGGER 1
| #define CASEMOD_ATTRS 1
| #define CASEMOD_EXPANSIONS 1
| #define GLOBASCII_DEFAULT 1
| #define FUNCTION_IMPORT 1
| #define TRANSLATABLE_STRINGS 1
| #define MEMSCRAMBLE 1
| #define HAVE_STDIO_H 1
| #define HAVE_STDLIB_H 1
| #define HAVE_STRING_H 1
| #define HAVE_INTTYPES_H 1
| #define HAVE_STDINT_H 1
| #define HAVE_STRINGS_H 1
| #define HAVE_SYS_STAT_H 1
| #define HAVE_SYS_TYPES_H 1
| #define HAVE_UNISTD_H 1
| #define HAVE_WCHAR_H 1
| #define HAVE_SYS_PARAM_H 1
| #define HAVE_SYS_TIME_H 1
| #define STDC_HEADERS 1
| #define _ALL_SOURCE 1
| #define _DARWIN_C_SOURCE 1
| #define _GNU_SOURCE 1
| #define _HPUX_ALT_XOPEN_SOCKET_API 1
| #define _NETBSD_SOURCE 1
| #define _OPENBSD_SOURCE 1
| #define _POSIX_PTHREAD_SEMANTICS 1
| #define __STDC_WANT_IEC_60559_ATTRIBS_EXT__ 1
| #define __STDC_WANT_IEC_60559_BFP_EXT__ 1
| #define __STDC_WANT_IEC_60559_DFP_EXT__ 1
| #define __STDC_WANT_IEC_60559_FUNCS_EXT__ 1
| #define __STDC_WANT_IEC_60559_TYPES_EXT__ 1
| #define __STDC_WANT_LIB_EXT2__ 1
| #define __STDC_WANT_MATH_SPEC_FUNCS__ 1
| #define _TANDEM_SOURCE 1
| #define __EXTENSIONS__ 1
| #define READLINE 1
| #define HISTORY 1
| #define BANG_HISTORY 1
| #define HAVE_STRINGIZE 1
| #define HAVE_LONG_DOUBLE 1
| #define PROTOTYPES 1
| #define __PROTOTYPES 1
| #define restrict __restrict__
| #define HAVE_VISIBILITY 1
| #define HAVE_STDINT_H_WITH_UINTMAX 1
| #define HAVE_ALLOCA_H 1
| #define HAVE_ALLOCA 1
| #define HAVE_GETPAGESIZE 1
| #define HAVE_SYMLINK 1
| #define HAVE_USELOCALE 1
| #define HAVE_VPRINTF 1
| #define HAVE_ALARM 1
| #define HAVE___FPURGE 1
| #define HAVE_SNPRINTF 1
| #define HAVE_VSNPRINTF 1
| #define HAVE_MMAP 1
| #define INTDIV0_RAISES_SIGFPE 1
| #define HAVE_INTTYPES_H_WITH_UINTMAX 1
| #define HAVE_UNSIGNED_LONG_LONG_INT 1
| #define HAVE_UINTMAX_T 1
| #define HAVE_INTTYPES_H 1
| #define USE_POSIX_THREADS 1
| #define USE_POSIX_THREADS_WEAK 1
| #define HAVE_PTHREAD_RWLOCK 1
| #define HAVE_PTHREAD_MUTEX_RECURSIVE 1
| #define HAVE_ICONV 1
| #define ICONV_CONST 
| #define HAVE_BUILTIN_EXPECT 1
| #define HAVE_ARGZ_H 1
| #define HAVE_INTTYPES_H 1
| #define HAVE_LIMITS_H 1
| #define HAVE_UNISTD_H 1
| #define HAVE_SYS_PARAM_H 1
| #define HAVE_GETCWD 1
| #define HAVE_GETEGID 1
| #define HAVE_GETEUID 1
| #define HAVE_GETGID 1
| #define HAVE_GETUID 1
| #define HAVE_MEMPCPY 1
| #define HAVE_MUNMAP 1
| #define HAVE_STPCPY 1
| #define HAVE_STRCASECMP 1
| #define HAVE_STRDUP 1
| #define HAVE_STRTOUL 1
| #define HAVE_TSEARCH 1
| #define HAVE_ARGZ_COUNT 1
| #define HAVE_ARGZ_STRINGIFY 1
| #define HAVE_ARGZ_NEXT 1
| #define HAVE___FSETLOCKING 1
| #define HAVE_LOCALECONV 1
| #define HAVE_DECL_FEOF_UNLOCKED 1
| #define HAVE_DECL_FGETS_UNLOCKED 1
| #define HAVE_LONG_LONG_INT 1
| #define HAVE_WCHAR_T 1
| #define HAVE_WINT_T 1
| #define HAVE_INTMAX_T 1
| #define HAVE_POSIX_PRINTF 1
| #define HAVE_STDINT_H 1
| #define HAVE_STDINT_H 1
| #define HAVE_WORKING_O_NOATIME 1
| #define HAVE_WORKING_O_NOFOLLOW 1
| #define HAVE_WORKING_USELOCALE 1
| #define FLEXIBLE_ARRAY_MEMBER /**/
| #define HAVE_FEATURES_H 1
| #define HAVE_STDDEF_H 1
| #define HAVE_STDLIB_H 1
| #define HAVE_STRING_H 1
| #define HAVE_ASPRINTF 1
| #define HAVE_FWPRINTF 1
| #define HAVE_NEWLOCALE 1
| #define HAVE_PUTENV 1
| #define HAVE_SETENV 1
| #define HAVE_SETLOCALE 1
| #define HAVE_SNPRINTF 1
| #define HAVE_STRNLEN 1
| #define HAVE_USELOCALE 1
| #define HAVE_WCSLEN 1
| #define HAVE_WCSNLEN 1
| #define HAVE_MBRTOWC 1
| #define HAVE_WCRTOMB 1
| #define HAVE_DECL__SNPRINTF 0
| #define HAVE_DECL__SNWPRINTF 0
| #define HAVE_DECL_GETC_UNLOCKED 1
| #define HAVE_LANGINFO_CODESET 1
| #define HAVE_LC_MESSAGES 1
| #define ENABLE_NLS 1
| #define HAVE_GETTEXT 1
| #define HAVE_DCGETTEXT 1
| #define HAVE_DIRENT_H 1
| #define MAJOR_IN_SYSMACROS 1
| #define HAVE_INTTYPES_H 1
| #define HAVE_UNISTD_H 1
| #define HAVE_STDLIB_H 1
| #define HAVE_STDARG_H 1
| #define HAVE_LIMITS_H 1
| #define HAVE_STRING_H 1
| #define HAVE_MEMORY_H 1
| #define HAVE_LOCALE_H 1
| #define HAVE_TERMCAP_H 1
| #define HAVE_TERMIO_H 1
| #define HAVE_TERMIOS_H 1
| #define HAVE_DLFCN_H 1
| #define HAVE_STDBOOL_H 1
| #define HAVE_STDDEF_H 1
| #define HAVE_STDINT_H 1
| #define HAVE_NETDB_H 1
| #define HAVE_PWD_H 1
| #define HAVE_GRP_H 1
| #define HAVE_STRINGS_H 1
| #define HAVE_REGEX_H 1
| #define HAVE_SYSLOG_H 1
| #define HAVE_ULIMIT_H 1
| #define HAVE_SYS_SELECT_H 1
| #define HAVE_SYS_FILE_H 1
| #define HAVE_SYS_IOCTL_H 1
| #define HAVE_SYS_MMAN_H 1
| #define HAVE_SYS_PARAM_H 1
| #define HAVE_SYS_RANDOM_H 1
| #define HAVE_SYS_SOCKET_H 1
| #define HAVE_SYS_STAT_H 1
| #define HAVE_SYS_TIME_H 1
| #define HAVE_SYS_TIMES_H 1
| #define HAVE_SYS_TYPES_H 1
| #define HAVE_SYS_WAIT_H 1
| #define HAVE_NETINET_IN_H 1
| #define HAVE_ARPA_INET_H 1
| #define HAVE_SYS_RESOURCE_H 1
| #define HAVE_ALLOCA_H 1
| #define HAVE_ALLOCA 1
| #define HAVE_CHOWN 1
| #define GETPGRP_VOID 1
| #define HAVE_STRCOLL 1
| /* end confdefs.h.  */
| /* Define __setostype to an innocuous variant, in case <limits.h> declares __setostype.
|    For example, HP-UX 11i <limits.h> declares gettimeofday.  */
| #define __setostype innocuous___setostype
| 
| /* System header to define __stub macros and hopefully few prototypes,
|    which can conflict with char __setostype (); below.  */
| 
| #include <limits.h>
| #undef __setostype
| 
| /* Override any GCC internal prototype to avoid an error.
|    Use char because int might match the return type of a GCC
|    builtin and then its argument prototype would still apply.  */
| #ifdef __cplusplus
| extern "C"
| #endif
| char __setostype ();
| /* The GNU C library defines this for functions which it implements
|     to always fail with ENOSYS.  Some functions are actually named
|     something starting with __ and the normal name is an alias.  */
| #if defined __stub___setostype || defined __stub_____setostype
| choke me
| #endif
| 
| int
| main (void)
| {
| return __setostype ();
|   ;
|   return 0;
| }
configure:14858: result: no
configure:14865: checking for wait3
configure:14865: /usr/bin/clang -o conftest -g -O2   conftest.c  >&5
configure:14865: $? = 0
configure:14865: result: yes
configure:14873: checking for mkfifo
configure:14873: /usr/bin/clang -o conftest -g -O2   conftest.c  >&5
configure:14873: $? = 0
configure:14873: result: yes
configure:14884: checking for dup2
configure:14884: /usr/bin/clang -o conftest -g -O2   conftest.c  >&5
configure:14884: $? = 0
configure:14884: result: yes
configure:14890: checking for eaccess
configure:14890: /usr/bin/clang -o conftest -g -O2   conftest.c  >&5
configure:14890: $? = 0
configure:14890: result: yes
configure:14896: checking for fcntl
configure:14896: /usr/bin/clang -o conftest -g -O2   conftest.c  >&5
configure:14896: $? = 0
configure:14896: result: yes
configure:14902: checking for getdtablesize
configure:14902: /usr/bin/clang -o conftest -g -O2   conftest.c  >&5
configure:14902: $? = 0
configure:14902: result: yes
configure:14908: checking for getentropy
configure:14908: /usr/bin/clang -o conftest -g -O2   conftest.c  >&5
configure:14908: $? = 0
configure:14908: result: yes
configure:14914: checking for getgroups
configure:14914: /usr/bin/clang -o conftest -g -O2   conftest.c  >&5
configure:14914: $? = 0
configure:14914: result: yes
configure:14920: checking for gethostname
configure:14920: /usr/bin/clang -o conftest -g -O2   conftest.c  >&5
configure:14920: $? = 0
configure:14920: result: yes
configure:14926: checking for getpagesize
configure:14926: result: yes
configure:14932: checking for getpeername
configure:14932: /usr/bin/clang -o conftest -g -O2   conftest.c  >&5
configure:14932: $? = 0
configure:14932: result: yes
configure:14938: checking for getrandom
configure:14938: /usr/bin/clang -o conftest -g -O2   conftest.c  >&5
configure:14938: $? = 0
configure:14938: result: yes
configure:14944: checking for getrlimit
configure:14944: /usr/bin/clang -o conftest -g -O2   conftest.c  >&5
configure:14944: $? = 0
configure:14944: result: yes
configure:14950: checking for getrusage
configure:14950: /usr/bin/clang -o conftest -g -O2   conftest.c  >&5
configure:14950: $? = 0
configure:14950: result: yes
configure:14956: checking for gettimeofday
configure:14956: /usr/bin/clang -o conftest -g -O2   conftest.c  >&5
configure:14956: $? = 0
configure:14956: result: yes
configure:14962: checking for kill
configure:14962: /usr/bin/clang -o conftest -g -O2   conftest.c  >&5
configure:14962: $? = 0
configure:14962: result: yes
configure:14968: checking for killpg
configure:14968: /usr/bin/clang -o conftest -g -O2   conftest.c  >&5
configure:14968: $? = 0
configure:14968: result: yes
configure:14974: checking for lstat
configure:14974: /usr/bin/clang -o conftest -g -O2   conftest.c  >&5
configure:14974: $? = 0
configure:14974: result: yes
configure:14980: checking for pselect
configure:14980: /usr/bin/clang -o conftest -g -O2   conftest.c  >&5
configure:14980: $? = 0
configure:14980: result: yes
configure:14986: checking for readlink
configure:14986: /usr/bin/clang -o conftest -g -O2   conftest.c  >&5
configure:14986: $? = 0
configure:14986: result: yes
configure:14992: checking for select
configure:14992: /usr/bin/clang -o conftest -g -O2   conftest.c  >&5
configure:14992: $? = 0
configure:14992: result: yes
configure:14998: checking for setdtablesize
configure:14998: /usr/bin/clang -o conftest -g -O2   conftest.c  >&5
/usr/bin/ld: /tmp/conftest-9a9e22.o: in function `main':
/home/gandhi/jk-robotics/operating_system/bash/conftest.c:250:(.text+0x4): undefined reference to `setdtablesize'
clang: error: linker command failed with exit code 1 (use -v to see invocation)
configure:14998: $? = 1
configure: failed program was:
| /* confdefs.h */
| #define PACKAGE_NAME "bash"
| #define PACKAGE_TARNAME "bash"
| #define PACKAGE_VERSION "5.2-release"
| #define PACKAGE_STRING "bash 5.2-release"
| #define PACKAGE_BUGREPORT "bug-bash@gnu.org"
| #define PACKAGE_URL ""
| #define USING_BASH_MALLOC 1
| #define ALIAS 1
| #define PUSHD_AND_POPD 1
| #define RESTRICTED_SHELL 1
| #define PROCESS_SUBSTITUTION 1
| #define PROMPT_STRING_DECODE 1
| #define SELECT_COMMAND 1
| #define HELP_BUILTIN 1
| #define ARRAY_VARS 1
| #define DPAREN_ARITHMETIC 1
| #define BRACE_EXPANSION 1
| #define COMMAND_TIMING 1
| #define EXTENDED_GLOB 1
| #define EXTGLOB_DEFAULT 0
| #define COND_COMMAND 1
| #define COND_REGEXP 1
| #define COPROCESS_SUPPORT 1
| #define ARITH_FOR_COMMAND 1
| #define NETWORK_REDIRECTIONS 1
| #define PROGRAMMABLE_COMPLETION 1
| #define DEBUGGER 1
| #define CASEMOD_ATTRS 1
| #define CASEMOD_EXPANSIONS 1
| #define GLOBASCII_DEFAULT 1
| #define FUNCTION_IMPORT 1
| #define TRANSLATABLE_STRINGS 1
| #define MEMSCRAMBLE 1
| #define HAVE_STDIO_H 1
| #define HAVE_STDLIB_H 1
| #define HAVE_STRING_H 1
| #define HAVE_INTTYPES_H 1
| #define HAVE_STDINT_H 1
| #define HAVE_STRINGS_H 1
| #define HAVE_SYS_STAT_H 1
| #define HAVE_SYS_TYPES_H 1
| #define HAVE_UNISTD_H 1
| #define HAVE_WCHAR_H 1
| #define HAVE_SYS_PARAM_H 1
| #define HAVE_SYS_TIME_H 1
| #define STDC_HEADERS 1
| #define _ALL_SOURCE 1
| #define _DARWIN_C_SOURCE 1
| #define _GNU_SOURCE 1
| #define _HPUX_ALT_XOPEN_SOCKET_API 1
| #define _NETBSD_SOURCE 1
| #define _OPENBSD_SOURCE 1
| #define _POSIX_PTHREAD_SEMANTICS 1
| #define __STDC_WANT_IEC_60559_ATTRIBS_EXT__ 1
| #define __STDC_WANT_IEC_60559_BFP_EXT__ 1
| #define __STDC_WANT_IEC_60559_DFP_EXT__ 1
| #define __STDC_WANT_IEC_60559_FUNCS_EXT__ 1
| #define __STDC_WANT_IEC_60559_TYPES_EXT__ 1
| #define __STDC_WANT_LIB_EXT2__ 1
| #define __STDC_WANT_MATH_SPEC_FUNCS__ 1
| #define _TANDEM_SOURCE 1
| #define __EXTENSIONS__ 1
| #define READLINE 1
| #define HISTORY 1
| #define BANG_HISTORY 1
| #define HAVE_STRINGIZE 1
| #define HAVE_LONG_DOUBLE 1
| #define PROTOTYPES 1
| #define __PROTOTYPES 1
| #define restrict __restrict__
| #define HAVE_VISIBILITY 1
| #define HAVE_STDINT_H_WITH_UINTMAX 1
| #define HAVE_ALLOCA_H 1
| #define HAVE_ALLOCA 1
| #define HAVE_GETPAGESIZE 1
| #define HAVE_SYMLINK 1
| #define HAVE_USELOCALE 1
| #define HAVE_VPRINTF 1
| #define HAVE_ALARM 1
| #define HAVE___FPURGE 1
| #define HAVE_SNPRINTF 1
| #define HAVE_VSNPRINTF 1
| #define HAVE_MMAP 1
| #define INTDIV0_RAISES_SIGFPE 1
| #define HAVE_INTTYPES_H_WITH_UINTMAX 1
| #define HAVE_UNSIGNED_LONG_LONG_INT 1
| #define HAVE_UINTMAX_T 1
| #define HAVE_INTTYPES_H 1
| #define USE_POSIX_THREADS 1
| #define USE_POSIX_THREADS_WEAK 1
| #define HAVE_PTHREAD_RWLOCK 1
| #define HAVE_PTHREAD_MUTEX_RECURSIVE 1
| #define HAVE_ICONV 1
| #define ICONV_CONST 
| #define HAVE_BUILTIN_EXPECT 1
| #define HAVE_ARGZ_H 1
| #define HAVE_INTTYPES_H 1
| #define HAVE_LIMITS_H 1
| #define HAVE_UNISTD_H 1
| #define HAVE_SYS_PARAM_H 1
| #define HAVE_GETCWD 1
| #define HAVE_GETEGID 1
| #define HAVE_GETEUID 1
| #define HAVE_GETGID 1
| #define HAVE_GETUID 1
| #define HAVE_MEMPCPY 1
| #define HAVE_MUNMAP 1
| #define HAVE_STPCPY 1
| #define HAVE_STRCASECMP 1
| #define HAVE_STRDUP 1
| #define HAVE_STRTOUL 1
| #define HAVE_TSEARCH 1
| #define HAVE_ARGZ_COUNT 1
| #define HAVE_ARGZ_STRINGIFY 1
| #define HAVE_ARGZ_NEXT 1
| #define HAVE___FSETLOCKING 1
| #define HAVE_LOCALECONV 1
| #define HAVE_DECL_FEOF_UNLOCKED 1
| #define HAVE_DECL_FGETS_UNLOCKED 1
| #define HAVE_LONG_LONG_INT 1
| #define HAVE_WCHAR_T 1
| #define HAVE_WINT_T 1
| #define HAVE_INTMAX_T 1
| #define HAVE_POSIX_PRINTF 1
| #define HAVE_STDINT_H 1
| #define HAVE_STDINT_H 1
| #define HAVE_WORKING_O_NOATIME 1
| #define HAVE_WORKING_O_NOFOLLOW 1
| #define HAVE_WORKING_USELOCALE 1
| #define FLEXIBLE_ARRAY_MEMBER /**/
| #define HAVE_FEATURES_H 1
| #define HAVE_STDDEF_H 1
| #define HAVE_STDLIB_H 1
| #define HAVE_STRING_H 1
| #define HAVE_ASPRINTF 1
| #define HAVE_FWPRINTF 1
| #define HAVE_NEWLOCALE 1
| #define HAVE_PUTENV 1
| #define HAVE_SETENV 1
| #define HAVE_SETLOCALE 1
| #define HAVE_SNPRINTF 1
| #define HAVE_STRNLEN 1
| #define HAVE_USELOCALE 1
| #define HAVE_WCSLEN 1
| #define HAVE_WCSNLEN 1
| #define HAVE_MBRTOWC 1
| #define HAVE_WCRTOMB 1
| #define HAVE_DECL__SNPRINTF 0
| #define HAVE_DECL__SNWPRINTF 0
| #define HAVE_DECL_GETC_UNLOCKED 1
| #define HAVE_LANGINFO_CODESET 1
| #define HAVE_LC_MESSAGES 1
| #define ENABLE_NLS 1
| #define HAVE_GETTEXT 1
| #define HAVE_DCGETTEXT 1
| #define HAVE_DIRENT_H 1
| #define MAJOR_IN_SYSMACROS 1
| #define HAVE_INTTYPES_H 1
| #define HAVE_UNISTD_H 1
| #define HAVE_STDLIB_H 1
| #define HAVE_STDARG_H 1
| #define HAVE_LIMITS_H 1
| #define HAVE_STRING_H 1
| #define HAVE_MEMORY_H 1
| #define HAVE_LOCALE_H 1
| #define HAVE_TERMCAP_H 1
| #define HAVE_TERMIO_H 1
| #define HAVE_TERMIOS_H 1
| #define HAVE_DLFCN_H 1
| #define HAVE_STDBOOL_H 1
| #define HAVE_STDDEF_H 1
| #define HAVE_STDINT_H 1
| #define HAVE_NETDB_H 1
| #define HAVE_PWD_H 1
| #define HAVE_GRP_H 1
| #define HAVE_STRINGS_H 1
| #define HAVE_REGEX_H 1
| #define HAVE_SYSLOG_H 1
| #define HAVE_ULIMIT_H 1
| #define HAVE_SYS_SELECT_H 1
| #define HAVE_SYS_FILE_H 1
| #define HAVE_SYS_IOCTL_H 1
| #define HAVE_SYS_MMAN_H 1
| #define HAVE_SYS_PARAM_H 1
| #define HAVE_SYS_RANDOM_H 1
| #define HAVE_SYS_SOCKET_H 1
| #define HAVE_SYS_STAT_H 1
| #define HAVE_SYS_TIME_H 1
| #define HAVE_SYS_TIMES_H 1
| #define HAVE_SYS_TYPES_H 1
| #define HAVE_SYS_WAIT_H 1
| #define HAVE_NETINET_IN_H 1
| #define HAVE_ARPA_INET_H 1
| #define HAVE_SYS_RESOURCE_H 1
| #define HAVE_ALLOCA_H 1
| #define HAVE_ALLOCA 1
| #define HAVE_CHOWN 1
| #define GETPGRP_VOID 1
| #define HAVE_STRCOLL 1
| #define HAVE_WAIT3 1
| #define HAVE_MKFIFO 1
| #define HAVE_DUP2 1
| #define HAVE_EACCESS 1
| #define HAVE_FCNTL 1
| #define HAVE_GETDTABLESIZE 1
| #define HAVE_GETENTROPY 1
| #define HAVE_GETGROUPS 1
| #define HAVE_GETHOSTNAME 1
| #define HAVE_GETPAGESIZE 1
| #define HAVE_GETPEERNAME 1
| #define HAVE_GETRANDOM 1
| #define HAVE_GETRLIMIT 1
| #define HAVE_GETRUSAGE 1
| #define HAVE_GETTIMEOFDAY 1
| #define HAVE_KILL 1
| #define HAVE_KILLPG 1
| #define HAVE_LSTAT 1
| #define HAVE_PSELECT 1
| #define HAVE_READLINK 1
| #define HAVE_SELECT 1
| /* end confdefs.h.  */
| /* Define setdtablesize to an innocuous variant, in case <limits.h> declares setdtablesize.
|    For example, HP-UX 11i <limits.h> declares gettimeofday.  */
| #define setdtablesize innocuous_setdtablesize
| 
| /* System header to define __stub macros and hopefully few prototypes,
|    which can conflict with char setdtablesize (); below.  */
| 
| #include <limits.h>
| #undef setdtablesize
| 
| /* Override any GCC internal prototype to avoid an error.
|    Use char because int might match the return type of a GCC
|    builtin and then its argument prototype would still apply.  */
| #ifdef __cplusplus
| extern "C"
| #endif
| char setdtablesize ();
| /* The GNU C library defines this for functions which it implements
|     to always fail with ENOSYS.  Some functions are actually named
|     something starting with __ and the normal name is an alias.  */
| #if defined __stub_setdtablesize || defined __stub___setdtablesize
| choke me
| #endif
| 
| int
| main (void)
| {
| return setdtablesize ();
|   ;
|   return 0;
| }
configure:14998: result: no
configure:15004: checking for setitimer
configure:15004: /usr/bin/clang -o conftest -g -O2   conftest.c  >&5
configure:15004: $? = 0
configure:15004: result: yes
configure:15010: checking for tcgetpgrp
configure:15010: /usr/bin/clang -o conftest -g -O2   conftest.c  >&5
configure:15010: $? = 0
configure:15010: result: yes
configure:15016: checking for uname
configure:15016: /usr/bin/clang -o conftest -g -O2   conftest.c  >&5
configure:15016: $? = 0
configure:15016: result: yes
configure:15022: checking for ulimit
configure:15022: /usr/bin/clang -o conftest -g -O2   conftest.c  >&5
configure:15022: $? = 0
configure:15022: result: yes
configure:15028: checking for waitpid
configure:15028: /usr/bin/clang -o conftest -g -O2   conftest.c  >&5
configure:15028: $? = 0
configure:15028: result: yes
configure:15035: checking for rename
configure:15035: /usr/bin/clang -o conftest -g -O2   conftest.c  >&5
configure:15035: $? = 0
configure:15035: result: yes
configure:15050: checking for bcopy
configure:15050: /usr/bin/clang -o conftest -g -O2   conftest.c  >&5
conftest.c:245:6: warning: incompatible redeclaration of library function 'bcopy' [-Wincompatible-library-redeclaration]
  245 | char bcopy ();
      |      ^
conftest.c:245:6: note: 'bcopy' is a builtin with type 'void (const void *, void *, unsigned long)'
1 warning generated.
configure:15050: $? = 0
configure:15050: result: yes
configure:15056: checking for bzero
configure:15056: /usr/bin/clang -o conftest -g -O2   conftest.c  >&5
conftest.c:246:6: warning: incompatible redeclaration of library function 'bzero' [-Wincompatible-library-redeclaration]
  246 | char bzero ();
      |      ^
conftest.c:246:6: note: 'bzero' is a builtin with type 'void (void *, unsigned long)'
1 warning generated.
configure:15056: $? = 0
configure:15056: result: yes
configure:15062: checking for confstr
configure:15062: /usr/bin/clang -o conftest -g -O2   conftest.c  >&5
configure:15062: $? = 0
configure:15062: result: yes
configure:15068: checking for faccessat
configure:15068: /usr/bin/clang -o conftest -g -O2   conftest.c  >&5
configure:15068: $? = 0
configure:15068: result: yes
configure:15074: checking for fnmatch
configure:15074: /usr/bin/clang -o conftest -g -O2   conftest.c  >&5
configure:15074: $? = 0
configure:15074: result: yes
configure:15080: checking for getaddrinfo
configure:15080: /usr/bin/clang -o conftest -g -O2   conftest.c  >&5
configure:15080: $? = 0
configure:15080: result: yes
configure:15086: checking for gethostbyname
configure:15086: /usr/bin/clang -o conftest -g -O2   conftest.c  >&5
configure:15086: $? = 0
configure:15086: result: yes
configure:15092: checking for getservbyname
configure:15092: /usr/bin/clang -o conftest -g -O2   conftest.c  >&5
configure:15092: $? = 0
configure:15092: result: yes
configure:15098: checking for getservent
configure:15098: /usr/bin/clang -o conftest -g -O2   conftest.c  >&5
configure:15098: $? = 0
configure:15098: result: yes
configure:15104: checking for inet_aton
configure:15104: /usr/bin/clang -o conftest -g -O2   conftest.c  >&5
configure:15104: $? = 0
configure:15104: result: yes
configure:15110: checking for imaxdiv
configure:15110: /usr/bin/clang -o conftest -g -O2   conftest.c  >&5
configure:15110: $? = 0
configure:15110: result: yes
configure:15116: checking for memmove
configure:15116: /usr/bin/clang -o conftest -g -O2   conftest.c  >&5
conftest.c:256:6: warning: incompatible redeclaration of library function 'memmove' [-Wincompatible-library-redeclaration]
  256 | char memmove ();
      |      ^
conftest.c:256:6: note: 'memmove' is a builtin with type 'void *(void *, const void *, unsigned long)'
1 warning generated.
configure:15116: $? = 0
configure:15116: result: yes
configure:15122: checking for pathconf
configure:15122: /usr/bin/clang -o conftest -g -O2   conftest.c  >&5
configure:15122: $? = 0
configure:15122: result: yes
configure:15128: checking for putenv
configure:15128: result: yes
configure:15134: checking for raise
configure:15134: /usr/bin/clang -o conftest -g -O2   conftest.c  >&5
configure:15134: $? = 0
configure:15134: result: yes
configure:15140: checking for random
configure:15140: /usr/bin/clang -o conftest -g -O2   conftest.c  >&5
configure:15140: $? = 0
configure:15140: result: yes
configure:15146: checking for regcomp
configure:15146: /usr/bin/clang -o conftest -g -O2   conftest.c  >&5
configure:15146: $? = 0
configure:15146: result: yes
configure:15152: checking for regexec
configure:15152: /usr/bin/clang -o conftest -g -O2   conftest.c  >&5
configure:15152: $? = 0
configure:15152: result: yes
configure:15158: checking for setenv
configure:15158: result: yes
configure:15164: checking for setlinebuf
configure:15164: /usr/bin/clang -o conftest -g -O2   conftest.c  >&5
configure:15164: $? = 0
configure:15164: result: yes
configure:15170: checking for setlocale
configure:15170: result: yes
configure:15176: checking for setvbuf
configure:15176: /usr/bin/clang -o conftest -g -O2   conftest.c  >&5
configure:15176: $? = 0
configure:15176: result: yes
configure:15182: checking for siginterrupt
configure:15182: /usr/bin/clang -o conftest -g -O2   conftest.c  >&5
configure:15182: $? = 0
configure:15182: result: yes
configure:15188: checking for strchr
configure:15188: /usr/bin/clang -o conftest -g -O2   conftest.c  >&5
conftest.c:268:6: warning: incompatible redeclaration of library function 'strchr' [-Wincompatible-library-redeclaration]
  268 | char strchr ();
      |      ^
conftest.c:268:6: note: 'strchr' is a builtin with type 'char *(const char *, int)'
1 warning generated.
configure:15188: $? = 0
configure:15188: result: yes
configure:15194: checking for sysconf
configure:15194: /usr/bin/clang -o conftest -g -O2   conftest.c  >&5
configure:15194: $? = 0
configure:15194: result: yes
configure:15200: checking for syslog
configure:15200: /usr/bin/clang -o conftest -g -O2   conftest.c  >&5
configure:15200: $? = 0
configure:15200: result: yes
configure:15206: checking for tcgetattr
configure:15206: /usr/bin/clang -o conftest -g -O2   conftest.c  >&5
configure:15206: $? = 0
configure:15206: result: yes
configure:15212: checking for times
configure:15212: /usr/bin/clang -o conftest -g -O2   conftest.c  >&5
configure:15212: $? = 0
configure:15212: result: yes
configure:15218: checking for ttyname
configure:15218: /usr/bin/clang -o conftest -g -O2   conftest.c  >&5
configure:15218: $? = 0
configure:15218: result: yes
configure:15224: checking for tzset
configure:15224: /usr/bin/clang -o conftest -g -O2   conftest.c  >&5
configure:15224: $? = 0
configure:15224: result: yes
configure:15230: checking for unsetenv
configure:15230: /usr/bin/clang -o conftest -g -O2   conftest.c  >&5
configure:15230: $? = 0
configure:15230: result: yes
configure:15238: checking for vasprintf
configure:15238: /usr/bin/clang -o conftest -g -O2   conftest.c  >&5
conftest.c:287:19: warning: format string missing [-Wformat]
  287 | return vasprintf ();
      |        ~~~~~~~~~  ^
1 warning generated.
configure:15238: $? = 0
configure:15238: result: yes
configure:15244: checking for asprintf
configure:15244: result: yes
configure:15251: checking for isascii
configure:15251: /usr/bin/clang -o conftest -g -O2   conftest.c  >&5
configure:15251: $? = 0
configure:15251: result: yes
configure:15257: checking for isblank
configure:15257: /usr/bin/clang -o conftest -g -O2   conftest.c  >&5
conftest.c:279:6: warning: incompatible redeclaration of library function 'isblank' [-Wincompatible-library-redeclaration]
  279 | char isblank ();
      |      ^
conftest.c:279:6: note: 'isblank' is a builtin with type 'int (int)'
1 warning generated.
configure:15257: $? = 0
configure:15257: result: yes
configure:15263: checking for isgraph
configure:15263: /usr/bin/clang -o conftest -g -O2   conftest.c  >&5
conftest.c:280:6: warning: incompatible redeclaration of library function 'isgraph' [-Wincompatible-library-redeclaration]
  280 | char isgraph ();
      |      ^
conftest.c:280:6: note: 'isgraph' is a builtin with type 'int (int)'
1 warning generated.
configure:15263: $? = 0
configure:15263: result: yes
configure:15269: checking for isprint
configure:15269: /usr/bin/clang -o conftest -g -O2   conftest.c  >&5
conftest.c:281:6: warning: incompatible redeclaration of library function 'isprint' [-Wincompatible-library-redeclaration]
  281 | char isprint ();
      |      ^
conftest.c:281:6: note: 'isprint' is a builtin with type 'int (int)'
1 warning generated.
configure:15269: $? = 0
configure:15269: result: yes
configure:15275: checking for isspace
configure:15275: /usr/bin/clang -o conftest -g -O2   conftest.c  >&5
conftest.c:282:6: warning: incompatible redeclaration of library function 'isspace' [-Wincompatible-library-redeclaration]
  282 | char isspace ();
      |      ^
conftest.c:282:6: note: 'isspace' is a builtin with type 'int (int)'
1 warning generated.
configure:15275: $? = 0
configure:15275: result: yes
configure:15281: checking for isxdigit
configure:15281: /usr/bin/clang -o conftest -g -O2   conftest.c  >&5
conftest.c:283:6: warning: incompatible redeclaration of library function 'isxdigit' [-Wincompatible-library-redeclaration]
  283 | char isxdigit ();
      |      ^
conftest.c:283:6: note: 'isxdigit' is a builtin with type 'int (int)'
1 warning generated.
configure:15281: $? = 0
configure:15281: result: yes
configure:15288: checking for getpwent
configure:15288: /usr/bin/clang -o conftest -g -O2   conftest.c  >&5
configure:15288: $? = 0
configure:15288: result: yes
configure:15294: checking for getpwnam
configure:15294: /usr/bin/clang -o conftest -g -O2   conftest.c  >&5
configure:15294: $? = 0
configure:15294: result: yes
configure:15300: checking for getpwuid
configure:15300: /usr/bin/clang -o conftest -g -O2   conftest.c  >&5
configure:15300: $? = 0
configure:15300: result: yes
configure:15307: checking for mkstemp
configure:15307: /usr/bin/clang -o conftest -g -O2   conftest.c  >&5
configure:15307: $? = 0
configure:15307: result: yes
configure:15313: checking for mkdtemp
configure:15313: /usr/bin/clang -o conftest -g -O2   conftest.c  >&5
configure:15313: $? = 0
configure:15313: result: yes
configure:15320: checking for arc4random
configure:15320: /usr/bin/clang -o conftest -g -O2   conftest.c  >&5
configure:15320: $? = 0
configure:15320: result: yes
configure:15328: checking for getcwd
configure:15328: result: yes
configure:15341: checking for memset
configure:15341: /usr/bin/clang -o conftest -g -O2   conftest.c  >&5
conftest.c:291:6: warning: incompatible redeclaration of library function 'memset' [-Wincompatible-library-redeclaration]
  291 | char memset ();
      |      ^
conftest.c:291:6: note: 'memset' is a builtin with type 'void *(void *, int, unsigned long)'
1 warning generated.
configure:15341: $? = 0
configure:15341: result: yes
configure:15355: checking for strcasecmp
configure:15355: result: yes
configure:15368: checking for strcasestr
configure:15368: /usr/bin/clang -o conftest -g -O2   conftest.c  >&5
configure:15368: $? = 0
configure:15368: result: yes
configure:15381: checking for strerror
configure:15381: /usr/bin/clang -o conftest -g -O2   conftest.c  >&5
conftest.c:294:6: warning: incompatible redeclaration of library function 'strerror' [-Wincompatible-library-redeclaration]
  294 | char strerror ();
      |      ^
conftest.c:294:6: note: 'strerror' is a builtin with type 'char *(int)'
1 warning generated.
configure:15381: $? = 0
configure:15381: result: yes
configure:15394: checking for strftime
configure:15394: /usr/bin/clang -o conftest -g -O2   conftest.c  >&5
configure:15394: $? = 0
configure:15394: result: yes
configure:15407: checking for strnlen
configure:15407: result: yes
configure:15420: checking for strpbrk
configure:15420: /usr/bin/clang -o conftest -g -O2   conftest.c  >&5
conftest.c:297:6: warning: incompatible redeclaration of library function 'strpbrk' [-Wincompatible-library-redeclaration]
  297 | char strpbrk ();
      |      ^
conftest.c:297:6: note: 'strpbrk' is a builtin with type 'char *(const char *, const char *)'
1 warning generated.
configure:15420: $? = 0
configure:15420: result: yes
configure:15433: checking for strstr
configure:15433: /usr/bin/clang -o conftest -g -O2   conftest.c  >&5
conftest.c:298:6: warning: incompatible redeclaration of library function 'strstr' [-Wincompatible-library-redeclaration]
  298 | char strstr ();
      |      ^
conftest.c:298:6: note: 'strstr' is a builtin with type 'char *(const char *, const char *)'
1 warning generated.
configure:15433: $? = 0
configure:15433: result: yes
configure:15447: checking for strtod
configure:15447: /usr/bin/clang -o conftest -g -O2   conftest.c  >&5
conftest.c:299:6: warning: incompatible redeclaration of library function 'strtod' [-Wincompatible-library-redeclaration]
  299 | char strtod ();
      |      ^
conftest.c:299:6: note: 'strtod' is a builtin with type 'double (const char *, char **)'
1 warning generated.
configure:15447: $? = 0
configure:15447: result: yes
configure:15460: checking for strtol
configure:15460: /usr/bin/clang -o conftest -g -O2   conftest.c  >&5
conftest.c:300:6: warning: incompatible redeclaration of library function 'strtol' [-Wincompatible-library-redeclaration]
  300 | char strtol ();
      |      ^
conftest.c:300:6: note: 'strtol' is a builtin with type 'long (const char *, char **, int)'
1 warning generated.
configure:15460: $? = 0
configure:15460: result: yes
configure:15473: checking for strtoul
configure:15473: result: yes
configure:15486: checking for strtoll
configure:15486: /usr/bin/clang -o conftest -g -O2   conftest.c  >&5
conftest.c:302:6: warning: incompatible redeclaration of library function 'strtoll' [-Wincompatible-library-redeclaration]
  302 | char strtoll ();
      |      ^
conftest.c:302:6: note: 'strtoll' is a builtin with type 'long long (const char *, char **, int)'
1 warning generated.
configure:15486: $? = 0
configure:15486: result: yes
configure:15499: checking for strtoull
configure:15499: /usr/bin/clang -o conftest -g -O2   conftest.c  >&5
conftest.c:303:6: warning: incompatible redeclaration of library function 'strtoull' [-Wincompatible-library-redeclaration]
  303 | char strtoull ();
      |      ^
conftest.c:303:6: note: 'strtoull' is a builtin with type 'unsigned long long (const char *, char **, int)'
1 warning generated.
configure:15499: $? = 0
configure:15499: result: yes
configure:15512: checking for strtoumax
configure:15512: /usr/bin/clang -o conftest -g -O2   conftest.c  >&5
configure:15512: $? = 0
configure:15512: result: yes
configure:15526: checking for dprintf
configure:15526: /usr/bin/clang -o conftest -g -O2   conftest.c  >&5
configure:15526: $? = 0
configure:15526: result: yes
configure:15540: checking for strchrnul
configure:15540: /usr/bin/clang -o conftest -g -O2   conftest.c  >&5
configure:15540: $? = 0
configure:15540: result: yes
configure:15554: checking for strdup
configure:15554: result: yes
configure:15569: checking for libaudit.h
configure:15569: /usr/bin/clang -c -g -O2  conftest.c >&5
conftest.c:320:10: fatal error: 'libaudit.h' file not found
  320 | #include <libaudit.h>
      |          ^~~~~~~~~~~~
1 error generated.
configure:15569: $? = 1
configure: failed program was:
| /* confdefs.h */
| #define PACKAGE_NAME "bash"
| #define PACKAGE_TARNAME "bash"
| #define PACKAGE_VERSION "5.2-release"
| #define PACKAGE_STRING "bash 5.2-release"
| #define PACKAGE_BUGREPORT "bug-bash@gnu.org"
| #define PACKAGE_URL ""
| #define USING_BASH_MALLOC 1
| #define ALIAS 1
| #define PUSHD_AND_POPD 1
| #define RESTRICTED_SHELL 1
| #define PROCESS_SUBSTITUTION 1
| #define PROMPT_STRING_DECODE 1
| #define SELECT_COMMAND 1
| #define HELP_BUILTIN 1
| #define ARRAY_VARS 1
| #define DPAREN_ARITHMETIC 1
| #define BRACE_EXPANSION 1
| #define COMMAND_TIMING 1
| #define EXTENDED_GLOB 1
| #define EXTGLOB_DEFAULT 0
| #define COND_COMMAND 1
| #define COND_REGEXP 1
| #define COPROCESS_SUPPORT 1
| #define ARITH_FOR_COMMAND 1
| #define NETWORK_REDIRECTIONS 1
| #define PROGRAMMABLE_COMPLETION 1
| #define DEBUGGER 1
| #define CASEMOD_ATTRS 1
| #define CASEMOD_EXPANSIONS 1
| #define GLOBASCII_DEFAULT 1
| #define FUNCTION_IMPORT 1
| #define TRANSLATABLE_STRINGS 1
| #define MEMSCRAMBLE 1
| #define HAVE_STDIO_H 1
| #define HAVE_STDLIB_H 1
| #define HAVE_STRING_H 1
| #define HAVE_INTTYPES_H 1
| #define HAVE_STDINT_H 1
| #define HAVE_STRINGS_H 1
| #define HAVE_SYS_STAT_H 1
| #define HAVE_SYS_TYPES_H 1
| #define HAVE_UNISTD_H 1
| #define HAVE_WCHAR_H 1
| #define HAVE_SYS_PARAM_H 1
| #define HAVE_SYS_TIME_H 1
| #define STDC_HEADERS 1
| #define _ALL_SOURCE 1
| #define _DARWIN_C_SOURCE 1
| #define _GNU_SOURCE 1
| #define _HPUX_ALT_XOPEN_SOCKET_API 1
| #define _NETBSD_SOURCE 1
| #define _OPENBSD_SOURCE 1
| #define _POSIX_PTHREAD_SEMANTICS 1
| #define __STDC_WANT_IEC_60559_ATTRIBS_EXT__ 1
| #define __STDC_WANT_IEC_60559_BFP_EXT__ 1
| #define __STDC_WANT_IEC_60559_DFP_EXT__ 1
| #define __STDC_WANT_IEC_60559_FUNCS_EXT__ 1
| #define __STDC_WANT_IEC_60559_TYPES_EXT__ 1
| #define __STDC_WANT_LIB_EXT2__ 1
| #define __STDC_WANT_MATH_SPEC_FUNCS__ 1
| #define _TANDEM_SOURCE 1
| #define __EXTENSIONS__ 1
| #define READLINE 1
| #define HISTORY 1
| #define BANG_HISTORY 1
| #define HAVE_STRINGIZE 1
| #define HAVE_LONG_DOUBLE 1
| #define PROTOTYPES 1
| #define __PROTOTYPES 1
| #define restrict __restrict__
| #define HAVE_VISIBILITY 1
| #define HAVE_STDINT_H_WITH_UINTMAX 1
| #define HAVE_ALLOCA_H 1
| #define HAVE_ALLOCA 1
| #define HAVE_GETPAGESIZE 1
| #define HAVE_SYMLINK 1
| #define HAVE_USELOCALE 1
| #define HAVE_VPRINTF 1
| #define HAVE_ALARM 1
| #define HAVE___FPURGE 1
| #define HAVE_SNPRINTF 1
| #define HAVE_VSNPRINTF 1
| #define HAVE_MMAP 1
| #define INTDIV0_RAISES_SIGFPE 1
| #define HAVE_INTTYPES_H_WITH_UINTMAX 1
| #define HAVE_UNSIGNED_LONG_LONG_INT 1
| #define HAVE_UINTMAX_T 1
| #define HAVE_INTTYPES_H 1
| #define USE_POSIX_THREADS 1
| #define USE_POSIX_THREADS_WEAK 1
| #define HAVE_PTHREAD_RWLOCK 1
| #define HAVE_PTHREAD_MUTEX_RECURSIVE 1
| #define HAVE_ICONV 1
| #define ICONV_CONST 
| #define HAVE_BUILTIN_EXPECT 1
| #define HAVE_ARGZ_H 1
| #define HAVE_INTTYPES_H 1
| #define HAVE_LIMITS_H 1
| #define HAVE_UNISTD_H 1
| #define HAVE_SYS_PARAM_H 1
| #define HAVE_GETCWD 1
| #define HAVE_GETEGID 1
| #define HAVE_GETEUID 1
| #define HAVE_GETGID 1
| #define HAVE_GETUID 1
| #define HAVE_MEMPCPY 1
| #define HAVE_MUNMAP 1
| #define HAVE_STPCPY 1
| #define HAVE_STRCASECMP 1
| #define HAVE_STRDUP 1
| #define HAVE_STRTOUL 1
| #define HAVE_TSEARCH 1
| #define HAVE_ARGZ_COUNT 1
| #define HAVE_ARGZ_STRINGIFY 1
| #define HAVE_ARGZ_NEXT 1
| #define HAVE___FSETLOCKING 1
| #define HAVE_LOCALECONV 1
| #define HAVE_DECL_FEOF_UNLOCKED 1
| #define HAVE_DECL_FGETS_UNLOCKED 1
| #define HAVE_LONG_LONG_INT 1
| #define HAVE_WCHAR_T 1
| #define HAVE_WINT_T 1
| #define HAVE_INTMAX_T 1
| #define HAVE_POSIX_PRINTF 1
| #define HAVE_STDINT_H 1
| #define HAVE_STDINT_H 1
| #define HAVE_WORKING_O_NOATIME 1
| #define HAVE_WORKING_O_NOFOLLOW 1
| #define HAVE_WORKING_USELOCALE 1
| #define FLEXIBLE_ARRAY_MEMBER /**/
| #define HAVE_FEATURES_H 1
| #define HAVE_STDDEF_H 1
| #define HAVE_STDLIB_H 1
| #define HAVE_STRING_H 1
| #define HAVE_ASPRINTF 1
| #define HAVE_FWPRINTF 1
| #define HAVE_NEWLOCALE 1
| #define HAVE_PUTENV 1
| #define HAVE_SETENV 1
| #define HAVE_SETLOCALE 1
| #define HAVE_SNPRINTF 1
| #define HAVE_STRNLEN 1
| #define HAVE_USELOCALE 1
| #define HAVE_WCSLEN 1
| #define HAVE_WCSNLEN 1
| #define HAVE_MBRTOWC 1
| #define HAVE_WCRTOMB 1
| #define HAVE_DECL__SNPRINTF 0
| #define HAVE_DECL__SNWPRINTF 0
| #define HAVE_DECL_GETC_UNLOCKED 1
| #define HAVE_LANGINFO_CODESET 1
| #define HAVE_LC_MESSAGES 1
| #define ENABLE_NLS 1
| #define HAVE_GETTEXT 1
| #define HAVE_DCGETTEXT 1
| #define HAVE_DIRENT_H 1
| #define MAJOR_IN_SYSMACROS 1
| #define HAVE_INTTYPES_H 1
| #define HAVE_UNISTD_H 1
| #define HAVE_STDLIB_H 1
| #define HAVE_STDARG_H 1
| #define HAVE_LIMITS_H 1
| #define HAVE_STRING_H 1
| #define HAVE_MEMORY_H 1
| #define HAVE_LOCALE_H 1
| #define HAVE_TERMCAP_H 1
| #define HAVE_TERMIO_H 1
| #define HAVE_TERMIOS_H 1
| #define HAVE_DLFCN_H 1
| #define HAVE_STDBOOL_H 1
| #define HAVE_STDDEF_H 1
| #define HAVE_STDINT_H 1
| #define HAVE_NETDB_H 1
| #define HAVE_PWD_H 1
| #define HAVE_GRP_H 1
| #define HAVE_STRINGS_H 1
| #define HAVE_REGEX_H 1
| #define HAVE_SYSLOG_H 1
| #define HAVE_ULIMIT_H 1
| #define HAVE_SYS_SELECT_H 1
| #define HAVE_SYS_FILE_H 1
| #define HAVE_SYS_IOCTL_H 1
| #define HAVE_SYS_MMAN_H 1
| #define HAVE_SYS_PARAM_H 1
| #define HAVE_SYS_RANDOM_H 1
| #define HAVE_SYS_SOCKET_H 1
| #define HAVE_SYS_STAT_H 1
| #define HAVE_SYS_TIME_H 1
| #define HAVE_SYS_TIMES_H 1
| #define HAVE_SYS_TYPES_H 1
| #define HAVE_SYS_WAIT_H 1
| #define HAVE_NETINET_IN_H 1
| #define HAVE_ARPA_INET_H 1
| #define HAVE_SYS_RESOURCE_H 1
| #define HAVE_ALLOCA_H 1
| #define HAVE_ALLOCA 1
| #define HAVE_CHOWN 1
| #define GETPGRP_VOID 1
| #define HAVE_STRCOLL 1
| #define HAVE_WAIT3 1
| #define HAVE_MKFIFO 1
| #define HAVE_DUP2 1
| #define HAVE_EACCESS 1
| #define HAVE_FCNTL 1
| #define HAVE_GETDTABLESIZE 1
| #define HAVE_GETENTROPY 1
| #define HAVE_GETGROUPS 1
| #define HAVE_GETHOSTNAME 1
| #define HAVE_GETPAGESIZE 1
| #define HAVE_GETPEERNAME 1
| #define HAVE_GETRANDOM 1
| #define HAVE_GETRLIMIT 1
| #define HAVE_GETRUSAGE 1
| #define HAVE_GETTIMEOFDAY 1
| #define HAVE_KILL 1
| #define HAVE_KILLPG 1
| #define HAVE_LSTAT 1
| #define HAVE_PSELECT 1
| #define HAVE_READLINK 1
| #define HAVE_SELECT 1
| #define HAVE_SETITIMER 1
| #define HAVE_TCGETPGRP 1
| #define HAVE_UNAME 1
| #define HAVE_ULIMIT 1
| #define HAVE_WAITPID 1
| #define HAVE_RENAME 1
| #define HAVE_BCOPY 1
| #define HAVE_BZERO 1
| #define HAVE_CONFSTR 1
| #define HAVE_FACCESSAT 1
| #define HAVE_FNMATCH 1
| #define HAVE_GETADDRINFO 1
| #define HAVE_GETHOSTBYNAME 1
| #define HAVE_GETSERVBYNAME 1
| #define HAVE_GETSERVENT 1
| #define HAVE_INET_ATON 1
| #define HAVE_IMAXDIV 1
| #define HAVE_MEMMOVE 1
| #define HAVE_PATHCONF 1
| #define HAVE_PUTENV 1
| #define HAVE_RAISE 1
| #define HAVE_RANDOM 1
| #define HAVE_REGCOMP 1
| #define HAVE_REGEXEC 1
| #define HAVE_SETENV 1
| #define HAVE_SETLINEBUF 1
| #define HAVE_SETLOCALE 1
| #define HAVE_SETVBUF 1
| #define HAVE_SIGINTERRUPT 1
| #define HAVE_STRCHR 1
| #define HAVE_SYSCONF 1
| #define HAVE_SYSLOG 1
| #define HAVE_TCGETATTR 1
| #define HAVE_TIMES 1
| #define HAVE_TTYNAME 1
| #define HAVE_TZSET 1
| #define HAVE_UNSETENV 1
| #define HAVE_VASPRINTF 1
| #define HAVE_ASPRINTF 1
| #define HAVE_ISASCII 1
| #define HAVE_ISBLANK 1
| #define HAVE_ISGRAPH 1
| #define HAVE_ISPRINT 1
| #define HAVE_ISSPACE 1
| #define HAVE_ISXDIGIT 1
| #define HAVE_GETPWENT 1
| #define HAVE_GETPWNAM 1
| #define HAVE_GETPWUID 1
| #define HAVE_MKSTEMP 1
| #define HAVE_MKDTEMP 1
| #define HAVE_ARC4RANDOM 1
| #define HAVE_GETCWD 1
| #define HAVE_MEMSET 1
| #define HAVE_STRCASECMP 1
| #define HAVE_STRCASESTR 1
| #define HAVE_STRERROR 1
| #define HAVE_STRFTIME 1
| #define HAVE_STRNLEN 1
| #define HAVE_STRPBRK 1
| #define HAVE_STRSTR 1
| #define HAVE_STRTOD 1
| #define HAVE_STRTOL 1
| #define HAVE_STRTOUL 1
| #define HAVE_STRTOLL 1
| #define HAVE_STRTOULL 1
| #define HAVE_STRTOUMAX 1
| #define HAVE_DPRINTF 1
| #define HAVE_STRCHRNUL 1
| #define HAVE_STRDUP 1
| /* end confdefs.h.  */
| #include <stddef.h>
| #ifdef HAVE_STDIO_H
| # include <stdio.h>
| #endif
| #ifdef HAVE_STDLIB_H
| # include <stdlib.h>
| #endif
| #ifdef HAVE_STRING_H
| # include <string.h>
| #endif
| #ifdef HAVE_INTTYPES_H
| # include <inttypes.h>
| #endif
| #ifdef HAVE_STDINT_H
| # include <stdint.h>
| #endif
| #ifdef HAVE_STRINGS_H
| # include <strings.h>
| #endif
| #ifdef HAVE_SYS_TYPES_H
| # include <sys/types.h>
| #endif
| #ifdef HAVE_SYS_STAT_H
| # include <sys/stat.h>
| #endif
| #ifdef HAVE_UNISTD_H
| # include <unistd.h>
| #endif
| #include <libaudit.h>
configure:15569: result: no
configure:15576: checking whether AUDIT_USER_TTY is declared
configure:15576: /usr/bin/clang -c -g -O2   conftest.c >&5
configure:15576: $? = 0
configure:15576: result: yes
configure:15587: checking whether confstr is declared
configure:15587: /usr/bin/clang -c -g -O2   conftest.c >&5
configure:15587: $? = 0
configure:15587: result: yes
configure:15596: checking whether printf is declared
configure:15596: /usr/bin/clang -c -g -O2   conftest.c >&5
configure:15596: $? = 0
configure:15596: result: yes
configure:15605: checking whether sbrk is declared
configure:15605: /usr/bin/clang -c -g -O2   conftest.c >&5
configure:15605: $? = 0
configure:15605: result: yes
configure:15614: checking whether setregid is declared
configure:15614: /usr/bin/clang -c -g -O2   conftest.c >&5
configure:15614: $? = 0
configure:15614: result: yes
configure:15623: checking whether strcpy is declared
configure:15623: /usr/bin/clang -c -g -O2   conftest.c >&5
configure:15623: $? = 0
configure:15623: result: yes
configure:15632: checking whether strsignal is declared
configure:15632: /usr/bin/clang -c -g -O2   conftest.c >&5
configure:15632: $? = 0
configure:15632: result: yes
configure:15642: checking for setresuid
configure:15642: /usr/bin/clang -o conftest -g -O2   conftest.c  >&5
configure:15642: $? = 0
configure:15642: result: yes
configure:15648: checking for setresgid
configure:15648: /usr/bin/clang -o conftest -g -O2   conftest.c  >&5
configure:15648: $? = 0
configure:15648: result: yes
configure:15656: checking whether strtold is declared
configure:15656: /usr/bin/clang -c -g -O2   conftest.c >&5
configure:15656: $? = 0
configure:15656: result: yes
configure:15667: checking for broken strtold
configure:15685: /usr/bin/clang -c -g -O2  conftest.c >&5
configure:15685: $? = 0
configure:15696: result: no
configure:15706: checking whether strtol is declared
configure:15706: /usr/bin/clang -c -g -O2   conftest.c >&5
configure:15706: $? = 0
configure:15706: result: yes
configure:15715: checking whether strtoll is declared
configure:15715: /usr/bin/clang -c -g -O2   conftest.c >&5
configure:15715: $? = 0
configure:15715: result: yes
configure:15724: checking whether strtoul is declared
configure:15724: /usr/bin/clang -c -g -O2   conftest.c >&5
configure:15724: $? = 0
configure:15724: result: yes
configure:15733: checking whether strtoull is declared
configure:15733: /usr/bin/clang -c -g -O2   conftest.c >&5
configure:15733: $? = 0
configure:15733: result: yes
configure:15742: checking whether strtoumax is declared
configure:15742: /usr/bin/clang -c -g -O2   conftest.c >&5
configure:15742: $? = 0
configure:15742: result: yes
configure:15756: checking for working mktime
configure:15954: /usr/bin/clang -o conftest -g -O2   conftest.c  >&5
configure:15954: $? = 0
configure:15954: ./conftest
configure:15954: $? = 0
configure:15965: result: yes
configure:15978: checking for argz.h
configure:15978: result: yes
configure:15984: checking for errno.h
configure:15984: /usr/bin/clang -c -g -O2  conftest.c >&5
configure:15984: $? = 0
configure:15984: result: yes
configure:15990: checking for fcntl.h
configure:15990: /usr/bin/clang -c -g -O2  conftest.c >&5
configure:15990: $? = 0
configure:15990: result: yes
configure:15996: checking for malloc.h
configure:15996: /usr/bin/clang -c -g -O2  conftest.c >&5
configure:15996: $? = 0
configure:15996: result: yes
configure:16002: checking for stdio_ext.h
configure:16002: /usr/bin/clang -c -g -O2  conftest.c >&5
configure:16002: $? = 0
configure:16002: result: yes
configure:16012: checking for working mmap
configure:16175: result: yes
configure:16184: checking for __argz_count
configure:16184: /usr/bin/clang -o conftest -g -O2   conftest.c  >&5
configure:16184: $? = 0
configure:16184: result: yes
configure:16190: checking for __argz_next
configure:16190: /usr/bin/clang -o conftest -g -O2   conftest.c  >&5
configure:16190: $? = 0
configure:16190: result: yes
configure:16196: checking for __argz_stringify
configure:16196: /usr/bin/clang -o conftest -g -O2   conftest.c  >&5
configure:16196: $? = 0
configure:16196: result: yes
configure:16202: checking for dcgettext
configure:16202: /usr/bin/clang -o conftest -g -O2   conftest.c  >&5
configure:16202: $? = 0
configure:16202: result: yes
configure:16208: checking for mempcpy
configure:16208: result: yes
configure:16214: checking for munmap
configure:16214: result: yes
configure:16220: checking for mremap
configure:16220: /usr/bin/clang -o conftest -g -O2   conftest.c  >&5
configure:16220: $? = 0
configure:16220: result: yes
configure:16226: checking for stpcpy
configure:16226: result: yes
configure:16232: checking for strcspn
configure:16232: /usr/bin/clang -o conftest -g -O2   conftest.c  >&5
conftest.c:337:6: warning: incompatible redeclaration of library function 'strcspn' [-Wincompatible-library-redeclaration]
  337 | char strcspn ();
      |      ^
conftest.c:337:6: note: 'strcspn' is a builtin with type 'unsigned long (const char *, const char *)'
1 warning generated.
configure:16232: $? = 0
configure:16232: result: yes
configure:16252: checking for wctype.h
configure:16252: /usr/bin/clang -c -g -O2  conftest.c >&5
configure:16252: $? = 0
configure:16252: result: yes
configure:16259: checking for wchar.h
configure:16259: result: yes
configure:16266: checking for langinfo.h
configure:16266: /usr/bin/clang -c -g -O2  conftest.c >&5
configure:16266: $? = 0
configure:16266: result: yes
configure:16274: checking for mbstr.h
configure:16274: /usr/bin/clang -c -g -O2  conftest.c >&5
conftest.c:353:10: fatal error: 'mbstr.h' file not found
  353 | #include <mbstr.h>
      |          ^~~~~~~~~
1 error generated.
configure:16274: $? = 1
configure: failed program was:
| /* confdefs.h */
| #define PACKAGE_NAME "bash"
| #define PACKAGE_TARNAME "bash"
| #define PACKAGE_VERSION "5.2-release"
| #define PACKAGE_STRING "bash 5.2-release"
| #define PACKAGE_BUGREPORT "bug-bash@gnu.org"
| #define PACKAGE_URL ""
| #define USING_BASH_MALLOC 1
| #define ALIAS 1
| #define PUSHD_AND_POPD 1
| #define RESTRICTED_SHELL 1
| #define PROCESS_SUBSTITUTION 1
| #define PROMPT_STRING_DECODE 1
| #define SELECT_COMMAND 1
| #define HELP_BUILTIN 1
| #define ARRAY_VARS 1
| #define DPAREN_ARITHMETIC 1
| #define BRACE_EXPANSION 1
| #define COMMAND_TIMING 1
| #define EXTENDED_GLOB 1
| #define EXTGLOB_DEFAULT 0
| #define COND_COMMAND 1
| #define COND_REGEXP 1
| #define COPROCESS_SUPPORT 1
| #define ARITH_FOR_COMMAND 1
| #define NETWORK_REDIRECTIONS 1
| #define PROGRAMMABLE_COMPLETION 1
| #define DEBUGGER 1
| #define CASEMOD_ATTRS 1
| #define CASEMOD_EXPANSIONS 1
| #define GLOBASCII_DEFAULT 1
| #define FUNCTION_IMPORT 1
| #define TRANSLATABLE_STRINGS 1
| #define MEMSCRAMBLE 1
| #define HAVE_STDIO_H 1
| #define HAVE_STDLIB_H 1
| #define HAVE_STRING_H 1
| #define HAVE_INTTYPES_H 1
| #define HAVE_STDINT_H 1
| #define HAVE_STRINGS_H 1
| #define HAVE_SYS_STAT_H 1
| #define HAVE_SYS_TYPES_H 1
| #define HAVE_UNISTD_H 1
| #define HAVE_WCHAR_H 1
| #define HAVE_SYS_PARAM_H 1
| #define HAVE_SYS_TIME_H 1
| #define STDC_HEADERS 1
| #define _ALL_SOURCE 1
| #define _DARWIN_C_SOURCE 1
| #define _GNU_SOURCE 1
| #define _HPUX_ALT_XOPEN_SOCKET_API 1
| #define _NETBSD_SOURCE 1
| #define _OPENBSD_SOURCE 1
| #define _POSIX_PTHREAD_SEMANTICS 1
| #define __STDC_WANT_IEC_60559_ATTRIBS_EXT__ 1
| #define __STDC_WANT_IEC_60559_BFP_EXT__ 1
| #define __STDC_WANT_IEC_60559_DFP_EXT__ 1
| #define __STDC_WANT_IEC_60559_FUNCS_EXT__ 1
| #define __STDC_WANT_IEC_60559_TYPES_EXT__ 1
| #define __STDC_WANT_LIB_EXT2__ 1
| #define __STDC_WANT_MATH_SPEC_FUNCS__ 1
| #define _TANDEM_SOURCE 1
| #define __EXTENSIONS__ 1
| #define READLINE 1
| #define HISTORY 1
| #define BANG_HISTORY 1
| #define HAVE_STRINGIZE 1
| #define HAVE_LONG_DOUBLE 1
| #define PROTOTYPES 1
| #define __PROTOTYPES 1
| #define restrict __restrict__
| #define HAVE_VISIBILITY 1
| #define HAVE_STDINT_H_WITH_UINTMAX 1
| #define HAVE_ALLOCA_H 1
| #define HAVE_ALLOCA 1
| #define HAVE_GETPAGESIZE 1
| #define HAVE_SYMLINK 1
| #define HAVE_USELOCALE 1
| #define HAVE_VPRINTF 1
| #define HAVE_ALARM 1
| #define HAVE___FPURGE 1
| #define HAVE_SNPRINTF 1
| #define HAVE_VSNPRINTF 1
| #define HAVE_MMAP 1
| #define INTDIV0_RAISES_SIGFPE 1
| #define HAVE_INTTYPES_H_WITH_UINTMAX 1
| #define HAVE_UNSIGNED_LONG_LONG_INT 1
| #define HAVE_UINTMAX_T 1
| #define HAVE_INTTYPES_H 1
| #define USE_POSIX_THREADS 1
| #define USE_POSIX_THREADS_WEAK 1
| #define HAVE_PTHREAD_RWLOCK 1
| #define HAVE_PTHREAD_MUTEX_RECURSIVE 1
| #define HAVE_ICONV 1
| #define ICONV_CONST 
| #define HAVE_BUILTIN_EXPECT 1
| #define HAVE_ARGZ_H 1
| #define HAVE_INTTYPES_H 1
| #define HAVE_LIMITS_H 1
| #define HAVE_UNISTD_H 1
| #define HAVE_SYS_PARAM_H 1
| #define HAVE_GETCWD 1
| #define HAVE_GETEGID 1
| #define HAVE_GETEUID 1
| #define HAVE_GETGID 1
| #define HAVE_GETUID 1
| #define HAVE_MEMPCPY 1
| #define HAVE_MUNMAP 1
| #define HAVE_STPCPY 1
| #define HAVE_STRCASECMP 1
| #define HAVE_STRDUP 1
| #define HAVE_STRTOUL 1
| #define HAVE_TSEARCH 1
| #define HAVE_ARGZ_COUNT 1
| #define HAVE_ARGZ_STRINGIFY 1
| #define HAVE_ARGZ_NEXT 1
| #define HAVE___FSETLOCKING 1
| #define HAVE_LOCALECONV 1
| #define HAVE_DECL_FEOF_UNLOCKED 1
| #define HAVE_DECL_FGETS_UNLOCKED 1
| #define HAVE_LONG_LONG_INT 1
| #define HAVE_WCHAR_T 1
| #define HAVE_WINT_T 1
| #define HAVE_INTMAX_T 1
| #define HAVE_POSIX_PRINTF 1
| #define HAVE_STDINT_H 1
| #define HAVE_STDINT_H 1
| #define HAVE_WORKING_O_NOATIME 1
| #define HAVE_WORKING_O_NOFOLLOW 1
| #define HAVE_WORKING_USELOCALE 1
| #define FLEXIBLE_ARRAY_MEMBER /**/
| #define HAVE_FEATURES_H 1
| #define HAVE_STDDEF_H 1
| #define HAVE_STDLIB_H 1
| #define HAVE_STRING_H 1
| #define HAVE_ASPRINTF 1
| #define HAVE_FWPRINTF 1
| #define HAVE_NEWLOCALE 1
| #define HAVE_PUTENV 1
| #define HAVE_SETENV 1
| #define HAVE_SETLOCALE 1
| #define HAVE_SNPRINTF 1
| #define HAVE_STRNLEN 1
| #define HAVE_USELOCALE 1
| #define HAVE_WCSLEN 1
| #define HAVE_WCSNLEN 1
| #define HAVE_MBRTOWC 1
| #define HAVE_WCRTOMB 1
| #define HAVE_DECL__SNPRINTF 0
| #define HAVE_DECL__SNWPRINTF 0
| #define HAVE_DECL_GETC_UNLOCKED 1
| #define HAVE_LANGINFO_CODESET 1
| #define HAVE_LC_MESSAGES 1
| #define ENABLE_NLS 1
| #define HAVE_GETTEXT 1
| #define HAVE_DCGETTEXT 1
| #define HAVE_DIRENT_H 1
| #define MAJOR_IN_SYSMACROS 1
| #define HAVE_INTTYPES_H 1
| #define HAVE_UNISTD_H 1
| #define HAVE_STDLIB_H 1
| #define HAVE_STDARG_H 1
| #define HAVE_LIMITS_H 1
| #define HAVE_STRING_H 1
| #define HAVE_MEMORY_H 1
| #define HAVE_LOCALE_H 1
| #define HAVE_TERMCAP_H 1
| #define HAVE_TERMIO_H 1
| #define HAVE_TERMIOS_H 1
| #define HAVE_DLFCN_H 1
| #define HAVE_STDBOOL_H 1
| #define HAVE_STDDEF_H 1
| #define HAVE_STDINT_H 1
| #define HAVE_NETDB_H 1
| #define HAVE_PWD_H 1
| #define HAVE_GRP_H 1
| #define HAVE_STRINGS_H 1
| #define HAVE_REGEX_H 1
| #define HAVE_SYSLOG_H 1
| #define HAVE_ULIMIT_H 1
| #define HAVE_SYS_SELECT_H 1
| #define HAVE_SYS_FILE_H 1
| #define HAVE_SYS_IOCTL_H 1
| #define HAVE_SYS_MMAN_H 1
| #define HAVE_SYS_PARAM_H 1
| #define HAVE_SYS_RANDOM_H 1
| #define HAVE_SYS_SOCKET_H 1
| #define HAVE_SYS_STAT_H 1
| #define HAVE_SYS_TIME_H 1
| #define HAVE_SYS_TIMES_H 1
| #define HAVE_SYS_TYPES_H 1
| #define HAVE_SYS_WAIT_H 1
| #define HAVE_NETINET_IN_H 1
| #define HAVE_ARPA_INET_H 1
| #define HAVE_SYS_RESOURCE_H 1
| #define HAVE_ALLOCA_H 1
| #define HAVE_ALLOCA 1
| #define HAVE_CHOWN 1
| #define GETPGRP_VOID 1
| #define HAVE_STRCOLL 1
| #define HAVE_WAIT3 1
| #define HAVE_MKFIFO 1
| #define HAVE_DUP2 1
| #define HAVE_EACCESS 1
| #define HAVE_FCNTL 1
| #define HAVE_GETDTABLESIZE 1
| #define HAVE_GETENTROPY 1
| #define HAVE_GETGROUPS 1
| #define HAVE_GETHOSTNAME 1
| #define HAVE_GETPAGESIZE 1
| #define HAVE_GETPEERNAME 1
| #define HAVE_GETRANDOM 1
| #define HAVE_GETRLIMIT 1
| #define HAVE_GETRUSAGE 1
| #define HAVE_GETTIMEOFDAY 1
| #define HAVE_KILL 1
| #define HAVE_KILLPG 1
| #define HAVE_LSTAT 1
| #define HAVE_PSELECT 1
| #define HAVE_READLINK 1
| #define HAVE_SELECT 1
| #define HAVE_SETITIMER 1
| #define HAVE_TCGETPGRP 1
| #define HAVE_UNAME 1
| #define HAVE_ULIMIT 1
| #define HAVE_WAITPID 1
| #define HAVE_RENAME 1
| #define HAVE_BCOPY 1
| #define HAVE_BZERO 1
| #define HAVE_CONFSTR 1
| #define HAVE_FACCESSAT 1
| #define HAVE_FNMATCH 1
| #define HAVE_GETADDRINFO 1
| #define HAVE_GETHOSTBYNAME 1
| #define HAVE_GETSERVBYNAME 1
| #define HAVE_GETSERVENT 1
| #define HAVE_INET_ATON 1
| #define HAVE_IMAXDIV 1
| #define HAVE_MEMMOVE 1
| #define HAVE_PATHCONF 1
| #define HAVE_PUTENV 1
| #define HAVE_RAISE 1
| #define HAVE_RANDOM 1
| #define HAVE_REGCOMP 1
| #define HAVE_REGEXEC 1
| #define HAVE_SETENV 1
| #define HAVE_SETLINEBUF 1
| #define HAVE_SETLOCALE 1
| #define HAVE_SETVBUF 1
| #define HAVE_SIGINTERRUPT 1
| #define HAVE_STRCHR 1
| #define HAVE_SYSCONF 1
| #define HAVE_SYSLOG 1
| #define HAVE_TCGETATTR 1
| #define HAVE_TIMES 1
| #define HAVE_TTYNAME 1
| #define HAVE_TZSET 1
| #define HAVE_UNSETENV 1
| #define HAVE_VASPRINTF 1
| #define HAVE_ASPRINTF 1
| #define HAVE_ISASCII 1
| #define HAVE_ISBLANK 1
| #define HAVE_ISGRAPH 1
| #define HAVE_ISPRINT 1
| #define HAVE_ISSPACE 1
| #define HAVE_ISXDIGIT 1
| #define HAVE_GETPWENT 1
| #define HAVE_GETPWNAM 1
| #define HAVE_GETPWUID 1
| #define HAVE_MKSTEMP 1
| #define HAVE_MKDTEMP 1
| #define HAVE_ARC4RANDOM 1
| #define HAVE_GETCWD 1
| #define HAVE_MEMSET 1
| #define HAVE_STRCASECMP 1
| #define HAVE_STRCASESTR 1
| #define HAVE_STRERROR 1
| #define HAVE_STRFTIME 1
| #define HAVE_STRNLEN 1
| #define HAVE_STRPBRK 1
| #define HAVE_STRSTR 1
| #define HAVE_STRTOD 1
| #define HAVE_STRTOL 1
| #define HAVE_STRTOUL 1
| #define HAVE_STRTOLL 1
| #define HAVE_STRTOULL 1
| #define HAVE_STRTOUMAX 1
| #define HAVE_DPRINTF 1
| #define HAVE_STRCHRNUL 1
| #define HAVE_STRDUP 1
| #define HAVE_DECL_AUDIT_USER_TTY 1
| #define HAVE_DECL_CONFSTR 1
| #define HAVE_DECL_PRINTF 1
| #define HAVE_DECL_SBRK 1
| #define HAVE_DECL_SETREGID 1
| #define HAVE_DECL_STRCPY 1
| #define HAVE_DECL_STRSIGNAL 1
| #define HAVE_SETRESUID 1
| #define HAVE_SETRESGID 1
| #define HAVE_DECL_STRTOLD 1
| #define HAVE_DECL_STRTOL 1
| #define HAVE_DECL_STRTOLL 1
| #define HAVE_DECL_STRTOUL 1
| #define HAVE_DECL_STRTOULL 1
| #define HAVE_DECL_STRTOUMAX 1
| #define HAVE_ARGZ_H 1
| #define HAVE_ERRNO_H 1
| #define HAVE_FCNTL_H 1
| #define HAVE_MALLOC_H 1
| #define HAVE_STDIO_EXT_H 1
| #define HAVE_MMAP 1
| #define HAVE___ARGZ_COUNT 1
| #define HAVE___ARGZ_NEXT 1
| #define HAVE___ARGZ_STRINGIFY 1
| #define HAVE_DCGETTEXT 1
| #define HAVE_MEMPCPY 1
| #define HAVE_MUNMAP 1
| #define HAVE_MREMAP 1
| #define HAVE_STPCPY 1
| #define HAVE_STRCSPN 1
| #define HAVE_WCTYPE_H 1
| #define HAVE_WCHAR_H 1
| #define HAVE_LANGINFO_H 1
| /* end confdefs.h.  */
| #include <stddef.h>
| #ifdef HAVE_STDIO_H
| # include <stdio.h>
| #endif
| #ifdef HAVE_STDLIB_H
| # include <stdlib.h>
| #endif
| #ifdef HAVE_STRING_H
| # include <string.h>
| #endif
| #ifdef HAVE_INTTYPES_H
| # include <inttypes.h>
| #endif
| #ifdef HAVE_STDINT_H
| # include <stdint.h>
| #endif
| #ifdef HAVE_STRINGS_H
| # include <strings.h>
| #endif
| #ifdef HAVE_SYS_TYPES_H
| # include <sys/types.h>
| #endif
| #ifdef HAVE_SYS_STAT_H
| # include <sys/stat.h>
| #endif
| #ifdef HAVE_UNISTD_H
| # include <unistd.h>
| #endif
| #include <mbstr.h>
configure:16274: result: no
configure:16282: checking for mbrlen
configure:16282: /usr/bin/clang -o conftest -g -O2   conftest.c  >&5
configure:16282: $? = 0
configure:16282: result: yes
configure:16289: checking for mbscasecmp
configure:16289: /usr/bin/clang -o conftest -g -O2   conftest.c  >&5
/usr/bin/ld: /tmp/conftest-29200b.o: in function `main':
/home/gandhi/jk-robotics/operating_system/bash/conftest.c:353:(.text+0x4): undefined reference to `mbscasecmp'
clang: error: linker command failed with exit code 1 (use -v to see invocation)
configure:16289: $? = 1
configure: failed program was:
| /* confdefs.h */
| #define PACKAGE_NAME "bash"
| #define PACKAGE_TARNAME "bash"
| #define PACKAGE_VERSION "5.2-release"
| #define PACKAGE_STRING "bash 5.2-release"
| #define PACKAGE_BUGREPORT "bug-bash@gnu.org"
| #define PACKAGE_URL ""
| #define USING_BASH_MALLOC 1
| #define ALIAS 1
| #define PUSHD_AND_POPD 1
| #define RESTRICTED_SHELL 1
| #define PROCESS_SUBSTITUTION 1
| #define PROMPT_STRING_DECODE 1
| #define SELECT_COMMAND 1
| #define HELP_BUILTIN 1
| #define ARRAY_VARS 1
| #define DPAREN_ARITHMETIC 1
| #define BRACE_EXPANSION 1
| #define COMMAND_TIMING 1
| #define EXTENDED_GLOB 1
| #define EXTGLOB_DEFAULT 0
| #define COND_COMMAND 1
| #define COND_REGEXP 1
| #define COPROCESS_SUPPORT 1
| #define ARITH_FOR_COMMAND 1
| #define NETWORK_REDIRECTIONS 1
| #define PROGRAMMABLE_COMPLETION 1
| #define DEBUGGER 1
| #define CASEMOD_ATTRS 1
| #define CASEMOD_EXPANSIONS 1
| #define GLOBASCII_DEFAULT 1
| #define FUNCTION_IMPORT 1
| #define TRANSLATABLE_STRINGS 1
| #define MEMSCRAMBLE 1
| #define HAVE_STDIO_H 1
| #define HAVE_STDLIB_H 1
| #define HAVE_STRING_H 1
| #define HAVE_INTTYPES_H 1
| #define HAVE_STDINT_H 1
| #define HAVE_STRINGS_H 1
| #define HAVE_SYS_STAT_H 1
| #define HAVE_SYS_TYPES_H 1
| #define HAVE_UNISTD_H 1
| #define HAVE_WCHAR_H 1
| #define HAVE_SYS_PARAM_H 1
| #define HAVE_SYS_TIME_H 1
| #define STDC_HEADERS 1
| #define _ALL_SOURCE 1
| #define _DARWIN_C_SOURCE 1
| #define _GNU_SOURCE 1
| #define _HPUX_ALT_XOPEN_SOCKET_API 1
| #define _NETBSD_SOURCE 1
| #define _OPENBSD_SOURCE 1
| #define _POSIX_PTHREAD_SEMANTICS 1
| #define __STDC_WANT_IEC_60559_ATTRIBS_EXT__ 1
| #define __STDC_WANT_IEC_60559_BFP_EXT__ 1
| #define __STDC_WANT_IEC_60559_DFP_EXT__ 1
| #define __STDC_WANT_IEC_60559_FUNCS_EXT__ 1
| #define __STDC_WANT_IEC_60559_TYPES_EXT__ 1
| #define __STDC_WANT_LIB_EXT2__ 1
| #define __STDC_WANT_MATH_SPEC_FUNCS__ 1
| #define _TANDEM_SOURCE 1
| #define __EXTENSIONS__ 1
| #define READLINE 1
| #define HISTORY 1
| #define BANG_HISTORY 1
| #define HAVE_STRINGIZE 1
| #define HAVE_LONG_DOUBLE 1
| #define PROTOTYPES 1
| #define __PROTOTYPES 1
| #define restrict __restrict__
| #define HAVE_VISIBILITY 1
| #define HAVE_STDINT_H_WITH_UINTMAX 1
| #define HAVE_ALLOCA_H 1
| #define HAVE_ALLOCA 1
| #define HAVE_GETPAGESIZE 1
| #define HAVE_SYMLINK 1
| #define HAVE_USELOCALE 1
| #define HAVE_VPRINTF 1
| #define HAVE_ALARM 1
| #define HAVE___FPURGE 1
| #define HAVE_SNPRINTF 1
| #define HAVE_VSNPRINTF 1
| #define HAVE_MMAP 1
| #define INTDIV0_RAISES_SIGFPE 1
| #define HAVE_INTTYPES_H_WITH_UINTMAX 1
| #define HAVE_UNSIGNED_LONG_LONG_INT 1
| #define HAVE_UINTMAX_T 1
| #define HAVE_INTTYPES_H 1
| #define USE_POSIX_THREADS 1
| #define USE_POSIX_THREADS_WEAK 1
| #define HAVE_PTHREAD_RWLOCK 1
| #define HAVE_PTHREAD_MUTEX_RECURSIVE 1
| #define HAVE_ICONV 1
| #define ICONV_CONST 
| #define HAVE_BUILTIN_EXPECT 1
| #define HAVE_ARGZ_H 1
| #define HAVE_INTTYPES_H 1
| #define HAVE_LIMITS_H 1
| #define HAVE_UNISTD_H 1
| #define HAVE_SYS_PARAM_H 1
| #define HAVE_GETCWD 1
| #define HAVE_GETEGID 1
| #define HAVE_GETEUID 1
| #define HAVE_GETGID 1
| #define HAVE_GETUID 1
| #define HAVE_MEMPCPY 1
| #define HAVE_MUNMAP 1
| #define HAVE_STPCPY 1
| #define HAVE_STRCASECMP 1
| #define HAVE_STRDUP 1
| #define HAVE_STRTOUL 1
| #define HAVE_TSEARCH 1
| #define HAVE_ARGZ_COUNT 1
| #define HAVE_ARGZ_STRINGIFY 1
| #define HAVE_ARGZ_NEXT 1
| #define HAVE___FSETLOCKING 1
| #define HAVE_LOCALECONV 1
| #define HAVE_DECL_FEOF_UNLOCKED 1
| #define HAVE_DECL_FGETS_UNLOCKED 1
| #define HAVE_LONG_LONG_INT 1
| #define HAVE_WCHAR_T 1
| #define HAVE_WINT_T 1
| #define HAVE_INTMAX_T 1
| #define HAVE_POSIX_PRINTF 1
| #define HAVE_STDINT_H 1
| #define HAVE_STDINT_H 1
| #define HAVE_WORKING_O_NOATIME 1
| #define HAVE_WORKING_O_NOFOLLOW 1
| #define HAVE_WORKING_USELOCALE 1
| #define FLEXIBLE_ARRAY_MEMBER /**/
| #define HAVE_FEATURES_H 1
| #define HAVE_STDDEF_H 1
| #define HAVE_STDLIB_H 1
| #define HAVE_STRING_H 1
| #define HAVE_ASPRINTF 1
| #define HAVE_FWPRINTF 1
| #define HAVE_NEWLOCALE 1
| #define HAVE_PUTENV 1
| #define HAVE_SETENV 1
| #define HAVE_SETLOCALE 1
| #define HAVE_SNPRINTF 1
| #define HAVE_STRNLEN 1
| #define HAVE_USELOCALE 1
| #define HAVE_WCSLEN 1
| #define HAVE_WCSNLEN 1
| #define HAVE_MBRTOWC 1
| #define HAVE_WCRTOMB 1
| #define HAVE_DECL__SNPRINTF 0
| #define HAVE_DECL__SNWPRINTF 0
| #define HAVE_DECL_GETC_UNLOCKED 1
| #define HAVE_LANGINFO_CODESET 1
| #define HAVE_LC_MESSAGES 1
| #define ENABLE_NLS 1
| #define HAVE_GETTEXT 1
| #define HAVE_DCGETTEXT 1
| #define HAVE_DIRENT_H 1
| #define MAJOR_IN_SYSMACROS 1
| #define HAVE_INTTYPES_H 1
| #define HAVE_UNISTD_H 1
| #define HAVE_STDLIB_H 1
| #define HAVE_STDARG_H 1
| #define HAVE_LIMITS_H 1
| #define HAVE_STRING_H 1
| #define HAVE_MEMORY_H 1
| #define HAVE_LOCALE_H 1
| #define HAVE_TERMCAP_H 1
| #define HAVE_TERMIO_H 1
| #define HAVE_TERMIOS_H 1
| #define HAVE_DLFCN_H 1
| #define HAVE_STDBOOL_H 1
| #define HAVE_STDDEF_H 1
| #define HAVE_STDINT_H 1
| #define HAVE_NETDB_H 1
| #define HAVE_PWD_H 1
| #define HAVE_GRP_H 1
| #define HAVE_STRINGS_H 1
| #define HAVE_REGEX_H 1
| #define HAVE_SYSLOG_H 1
| #define HAVE_ULIMIT_H 1
| #define HAVE_SYS_SELECT_H 1
| #define HAVE_SYS_FILE_H 1
| #define HAVE_SYS_IOCTL_H 1
| #define HAVE_SYS_MMAN_H 1
| #define HAVE_SYS_PARAM_H 1
| #define HAVE_SYS_RANDOM_H 1
| #define HAVE_SYS_SOCKET_H 1
| #define HAVE_SYS_STAT_H 1
| #define HAVE_SYS_TIME_H 1
| #define HAVE_SYS_TIMES_H 1
| #define HAVE_SYS_TYPES_H 1
| #define HAVE_SYS_WAIT_H 1
| #define HAVE_NETINET_IN_H 1
| #define HAVE_ARPA_INET_H 1
| #define HAVE_SYS_RESOURCE_H 1
| #define HAVE_ALLOCA_H 1
| #define HAVE_ALLOCA 1
| #define HAVE_CHOWN 1
| #define GETPGRP_VOID 1
| #define HAVE_STRCOLL 1
| #define HAVE_WAIT3 1
| #define HAVE_MKFIFO 1
| #define HAVE_DUP2 1
| #define HAVE_EACCESS 1
| #define HAVE_FCNTL 1
| #define HAVE_GETDTABLESIZE 1
| #define HAVE_GETENTROPY 1
| #define HAVE_GETGROUPS 1
| #define HAVE_GETHOSTNAME 1
| #define HAVE_GETPAGESIZE 1
| #define HAVE_GETPEERNAME 1
| #define HAVE_GETRANDOM 1
| #define HAVE_GETRLIMIT 1
| #define HAVE_GETRUSAGE 1
| #define HAVE_GETTIMEOFDAY 1
| #define HAVE_KILL 1
| #define HAVE_KILLPG 1
| #define HAVE_LSTAT 1
| #define HAVE_PSELECT 1
| #define HAVE_READLINK 1
| #define HAVE_SELECT 1
| #define HAVE_SETITIMER 1
| #define HAVE_TCGETPGRP 1
| #define HAVE_UNAME 1
| #define HAVE_ULIMIT 1
| #define HAVE_WAITPID 1
| #define HAVE_RENAME 1
| #define HAVE_BCOPY 1
| #define HAVE_BZERO 1
| #define HAVE_CONFSTR 1
| #define HAVE_FACCESSAT 1
| #define HAVE_FNMATCH 1
| #define HAVE_GETADDRINFO 1
| #define HAVE_GETHOSTBYNAME 1
| #define HAVE_GETSERVBYNAME 1
| #define HAVE_GETSERVENT 1
| #define HAVE_INET_ATON 1
| #define HAVE_IMAXDIV 1
| #define HAVE_MEMMOVE 1
| #define HAVE_PATHCONF 1
| #define HAVE_PUTENV 1
| #define HAVE_RAISE 1
| #define HAVE_RANDOM 1
| #define HAVE_REGCOMP 1
| #define HAVE_REGEXEC 1
| #define HAVE_SETENV 1
| #define HAVE_SETLINEBUF 1
| #define HAVE_SETLOCALE 1
| #define HAVE_SETVBUF 1
| #define HAVE_SIGINTERRUPT 1
| #define HAVE_STRCHR 1
| #define HAVE_SYSCONF 1
| #define HAVE_SYSLOG 1
| #define HAVE_TCGETATTR 1
| #define HAVE_TIMES 1
| #define HAVE_TTYNAME 1
| #define HAVE_TZSET 1
| #define HAVE_UNSETENV 1
| #define HAVE_VASPRINTF 1
| #define HAVE_ASPRINTF 1
| #define HAVE_ISASCII 1
| #define HAVE_ISBLANK 1
| #define HAVE_ISGRAPH 1
| #define HAVE_ISPRINT 1
| #define HAVE_ISSPACE 1
| #define HAVE_ISXDIGIT 1
| #define HAVE_GETPWENT 1
| #define HAVE_GETPWNAM 1
| #define HAVE_GETPWUID 1
| #define HAVE_MKSTEMP 1
| #define HAVE_MKDTEMP 1
| #define HAVE_ARC4RANDOM 1
| #define HAVE_GETCWD 1
| #define HAVE_MEMSET 1
| #define HAVE_STRCASECMP 1
| #define HAVE_STRCASESTR 1
| #define HAVE_STRERROR 1
| #define HAVE_STRFTIME 1
| #define HAVE_STRNLEN 1
| #define HAVE_STRPBRK 1
| #define HAVE_STRSTR 1
| #define HAVE_STRTOD 1
| #define HAVE_STRTOL 1
| #define HAVE_STRTOUL 1
| #define HAVE_STRTOLL 1
| #define HAVE_STRTOULL 1
| #define HAVE_STRTOUMAX 1
| #define HAVE_DPRINTF 1
| #define HAVE_STRCHRNUL 1
| #define HAVE_STRDUP 1
| #define HAVE_DECL_AUDIT_USER_TTY 1
| #define HAVE_DECL_CONFSTR 1
| #define HAVE_DECL_PRINTF 1
| #define HAVE_DECL_SBRK 1
| #define HAVE_DECL_SETREGID 1
| #define HAVE_DECL_STRCPY 1
| #define HAVE_DECL_STRSIGNAL 1
| #define HAVE_SETRESUID 1
| #define HAVE_SETRESGID 1
| #define HAVE_DECL_STRTOLD 1
| #define HAVE_DECL_STRTOL 1
| #define HAVE_DECL_STRTOLL 1
| #define HAVE_DECL_STRTOUL 1
| #define HAVE_DECL_STRTOULL 1
| #define HAVE_DECL_STRTOUMAX 1
| #define HAVE_ARGZ_H 1
| #define HAVE_ERRNO_H 1
| #define HAVE_FCNTL_H 1
| #define HAVE_MALLOC_H 1
| #define HAVE_STDIO_EXT_H 1
| #define HAVE_MMAP 1
| #define HAVE___ARGZ_COUNT 1
| #define HAVE___ARGZ_NEXT 1
| #define HAVE___ARGZ_STRINGIFY 1
| #define HAVE_DCGETTEXT 1
| #define HAVE_MEMPCPY 1
| #define HAVE_MUNMAP 1
| #define HAVE_MREMAP 1
| #define HAVE_STPCPY 1
| #define HAVE_STRCSPN 1
| #define HAVE_WCTYPE_H 1
| #define HAVE_WCHAR_H 1
| #define HAVE_LANGINFO_H 1
| #define HAVE_MBRLEN 1
| /* end confdefs.h.  */
| /* Define mbscasecmp to an innocuous variant, in case <limits.h> declares mbscasecmp.
|    For example, HP-UX 11i <limits.h> declares gettimeofday.  */
| #define mbscasecmp innocuous_mbscasecmp
| 
| /* System header to define __stub macros and hopefully few prototypes,
|    which can conflict with char mbscasecmp (); below.  */
| 
| #include <limits.h>
| #undef mbscasecmp
| 
| /* Override any GCC internal prototype to avoid an error.
|    Use char because int might match the return type of a GCC
|    builtin and then its argument prototype would still apply.  */
| #ifdef __cplusplus
| extern "C"
| #endif
| char mbscasecmp ();
| /* The GNU C library defines this for functions which it implements
|     to always fail with ENOSYS.  Some functions are actually named
|     something starting with __ and the normal name is an alias.  */
| #if defined __stub_mbscasecmp || defined __stub___mbscasecmp
| choke me
| #endif
| 
| int
| main (void)
| {
| return mbscasecmp ();
|   ;
|   return 0;
| }
configure:16289: result: no
configure:16296: checking for mbscmp
configure:16296: /usr/bin/clang -o conftest -g -O2   conftest.c  >&5
/usr/bin/ld: /tmp/conftest-5425cf.o: in function `main':
/home/gandhi/jk-robotics/operating_system/bash/conftest.c:353:(.text+0x4): undefined reference to `mbscmp'
clang: error: linker command failed with exit code 1 (use -v to see invocation)
configure:16296: $? = 1
configure: failed program was:
| /* confdefs.h */
| #define PACKAGE_NAME "bash"
| #define PACKAGE_TARNAME "bash"
| #define PACKAGE_VERSION "5.2-release"
| #define PACKAGE_STRING "bash 5.2-release"
| #define PACKAGE_BUGREPORT "bug-bash@gnu.org"
| #define PACKAGE_URL ""
| #define USING_BASH_MALLOC 1
| #define ALIAS 1
| #define PUSHD_AND_POPD 1
| #define RESTRICTED_SHELL 1
| #define PROCESS_SUBSTITUTION 1
| #define PROMPT_STRING_DECODE 1
| #define SELECT_COMMAND 1
| #define HELP_BUILTIN 1
| #define ARRAY_VARS 1
| #define DPAREN_ARITHMETIC 1
| #define BRACE_EXPANSION 1
| #define COMMAND_TIMING 1
| #define EXTENDED_GLOB 1
| #define EXTGLOB_DEFAULT 0
| #define COND_COMMAND 1
| #define COND_REGEXP 1
| #define COPROCESS_SUPPORT 1
| #define ARITH_FOR_COMMAND 1
| #define NETWORK_REDIRECTIONS 1
| #define PROGRAMMABLE_COMPLETION 1
| #define DEBUGGER 1
| #define CASEMOD_ATTRS 1
| #define CASEMOD_EXPANSIONS 1
| #define GLOBASCII_DEFAULT 1
| #define FUNCTION_IMPORT 1
| #define TRANSLATABLE_STRINGS 1
| #define MEMSCRAMBLE 1
| #define HAVE_STDIO_H 1
| #define HAVE_STDLIB_H 1
| #define HAVE_STRING_H 1
| #define HAVE_INTTYPES_H 1
| #define HAVE_STDINT_H 1
| #define HAVE_STRINGS_H 1
| #define HAVE_SYS_STAT_H 1
| #define HAVE_SYS_TYPES_H 1
| #define HAVE_UNISTD_H 1
| #define HAVE_WCHAR_H 1
| #define HAVE_SYS_PARAM_H 1
| #define HAVE_SYS_TIME_H 1
| #define STDC_HEADERS 1
| #define _ALL_SOURCE 1
| #define _DARWIN_C_SOURCE 1
| #define _GNU_SOURCE 1
| #define _HPUX_ALT_XOPEN_SOCKET_API 1
| #define _NETBSD_SOURCE 1
| #define _OPENBSD_SOURCE 1
| #define _POSIX_PTHREAD_SEMANTICS 1
| #define __STDC_WANT_IEC_60559_ATTRIBS_EXT__ 1
| #define __STDC_WANT_IEC_60559_BFP_EXT__ 1
| #define __STDC_WANT_IEC_60559_DFP_EXT__ 1
| #define __STDC_WANT_IEC_60559_FUNCS_EXT__ 1
| #define __STDC_WANT_IEC_60559_TYPES_EXT__ 1
| #define __STDC_WANT_LIB_EXT2__ 1
| #define __STDC_WANT_MATH_SPEC_FUNCS__ 1
| #define _TANDEM_SOURCE 1
| #define __EXTENSIONS__ 1
| #define READLINE 1
| #define HISTORY 1
| #define BANG_HISTORY 1
| #define HAVE_STRINGIZE 1
| #define HAVE_LONG_DOUBLE 1
| #define PROTOTYPES 1
| #define __PROTOTYPES 1
| #define restrict __restrict__
| #define HAVE_VISIBILITY 1
| #define HAVE_STDINT_H_WITH_UINTMAX 1
| #define HAVE_ALLOCA_H 1
| #define HAVE_ALLOCA 1
| #define HAVE_GETPAGESIZE 1
| #define HAVE_SYMLINK 1
| #define HAVE_USELOCALE 1
| #define HAVE_VPRINTF 1
| #define HAVE_ALARM 1
| #define HAVE___FPURGE 1
| #define HAVE_SNPRINTF 1
| #define HAVE_VSNPRINTF 1
| #define HAVE_MMAP 1
| #define INTDIV0_RAISES_SIGFPE 1
| #define HAVE_INTTYPES_H_WITH_UINTMAX 1
| #define HAVE_UNSIGNED_LONG_LONG_INT 1
| #define HAVE_UINTMAX_T 1
| #define HAVE_INTTYPES_H 1
| #define USE_POSIX_THREADS 1
| #define USE_POSIX_THREADS_WEAK 1
| #define HAVE_PTHREAD_RWLOCK 1
| #define HAVE_PTHREAD_MUTEX_RECURSIVE 1
| #define HAVE_ICONV 1
| #define ICONV_CONST 
| #define HAVE_BUILTIN_EXPECT 1
| #define HAVE_ARGZ_H 1
| #define HAVE_INTTYPES_H 1
| #define HAVE_LIMITS_H 1
| #define HAVE_UNISTD_H 1
| #define HAVE_SYS_PARAM_H 1
| #define HAVE_GETCWD 1
| #define HAVE_GETEGID 1
| #define HAVE_GETEUID 1
| #define HAVE_GETGID 1
| #define HAVE_GETUID 1
| #define HAVE_MEMPCPY 1
| #define HAVE_MUNMAP 1
| #define HAVE_STPCPY 1
| #define HAVE_STRCASECMP 1
| #define HAVE_STRDUP 1
| #define HAVE_STRTOUL 1
| #define HAVE_TSEARCH 1
| #define HAVE_ARGZ_COUNT 1
| #define HAVE_ARGZ_STRINGIFY 1
| #define HAVE_ARGZ_NEXT 1
| #define HAVE___FSETLOCKING 1
| #define HAVE_LOCALECONV 1
| #define HAVE_DECL_FEOF_UNLOCKED 1
| #define HAVE_DECL_FGETS_UNLOCKED 1
| #define HAVE_LONG_LONG_INT 1
| #define HAVE_WCHAR_T 1
| #define HAVE_WINT_T 1
| #define HAVE_INTMAX_T 1
| #define HAVE_POSIX_PRINTF 1
| #define HAVE_STDINT_H 1
| #define HAVE_STDINT_H 1
| #define HAVE_WORKING_O_NOATIME 1
| #define HAVE_WORKING_O_NOFOLLOW 1
| #define HAVE_WORKING_USELOCALE 1
| #define FLEXIBLE_ARRAY_MEMBER /**/
| #define HAVE_FEATURES_H 1
| #define HAVE_STDDEF_H 1
| #define HAVE_STDLIB_H 1
| #define HAVE_STRING_H 1
| #define HAVE_ASPRINTF 1
| #define HAVE_FWPRINTF 1
| #define HAVE_NEWLOCALE 1
| #define HAVE_PUTENV 1
| #define HAVE_SETENV 1
| #define HAVE_SETLOCALE 1
| #define HAVE_SNPRINTF 1
| #define HAVE_STRNLEN 1
| #define HAVE_USELOCALE 1
| #define HAVE_WCSLEN 1
| #define HAVE_WCSNLEN 1
| #define HAVE_MBRTOWC 1
| #define HAVE_WCRTOMB 1
| #define HAVE_DECL__SNPRINTF 0
| #define HAVE_DECL__SNWPRINTF 0
| #define HAVE_DECL_GETC_UNLOCKED 1
| #define HAVE_LANGINFO_CODESET 1
| #define HAVE_LC_MESSAGES 1
| #define ENABLE_NLS 1
| #define HAVE_GETTEXT 1
| #define HAVE_DCGETTEXT 1
| #define HAVE_DIRENT_H 1
| #define MAJOR_IN_SYSMACROS 1
| #define HAVE_INTTYPES_H 1
| #define HAVE_UNISTD_H 1
| #define HAVE_STDLIB_H 1
| #define HAVE_STDARG_H 1
| #define HAVE_LIMITS_H 1
| #define HAVE_STRING_H 1
| #define HAVE_MEMORY_H 1
| #define HAVE_LOCALE_H 1
| #define HAVE_TERMCAP_H 1
| #define HAVE_TERMIO_H 1
| #define HAVE_TERMIOS_H 1
| #define HAVE_DLFCN_H 1
| #define HAVE_STDBOOL_H 1
| #define HAVE_STDDEF_H 1
| #define HAVE_STDINT_H 1
| #define HAVE_NETDB_H 1
| #define HAVE_PWD_H 1
| #define HAVE_GRP_H 1
| #define HAVE_STRINGS_H 1
| #define HAVE_REGEX_H 1
| #define HAVE_SYSLOG_H 1
| #define HAVE_ULIMIT_H 1
| #define HAVE_SYS_SELECT_H 1
| #define HAVE_SYS_FILE_H 1
| #define HAVE_SYS_IOCTL_H 1
| #define HAVE_SYS_MMAN_H 1
| #define HAVE_SYS_PARAM_H 1
| #define HAVE_SYS_RANDOM_H 1
| #define HAVE_SYS_SOCKET_H 1
| #define HAVE_SYS_STAT_H 1
| #define HAVE_SYS_TIME_H 1
| #define HAVE_SYS_TIMES_H 1
| #define HAVE_SYS_TYPES_H 1
| #define HAVE_SYS_WAIT_H 1
| #define HAVE_NETINET_IN_H 1
| #define HAVE_ARPA_INET_H 1
| #define HAVE_SYS_RESOURCE_H 1
| #define HAVE_ALLOCA_H 1
| #define HAVE_ALLOCA 1
| #define HAVE_CHOWN 1
| #define GETPGRP_VOID 1
| #define HAVE_STRCOLL 1
| #define HAVE_WAIT3 1
| #define HAVE_MKFIFO 1
| #define HAVE_DUP2 1
| #define HAVE_EACCESS 1
| #define HAVE_FCNTL 1
| #define HAVE_GETDTABLESIZE 1
| #define HAVE_GETENTROPY 1
| #define HAVE_GETGROUPS 1
| #define HAVE_GETHOSTNAME 1
| #define HAVE_GETPAGESIZE 1
| #define HAVE_GETPEERNAME 1
| #define HAVE_GETRANDOM 1
| #define HAVE_GETRLIMIT 1
| #define HAVE_GETRUSAGE 1
| #define HAVE_GETTIMEOFDAY 1
| #define HAVE_KILL 1
| #define HAVE_KILLPG 1
| #define HAVE_LSTAT 1
| #define HAVE_PSELECT 1
| #define HAVE_READLINK 1
| #define HAVE_SELECT 1
| #define HAVE_SETITIMER 1
| #define HAVE_TCGETPGRP 1
| #define HAVE_UNAME 1
| #define HAVE_ULIMIT 1
| #define HAVE_WAITPID 1
| #define HAVE_RENAME 1
| #define HAVE_BCOPY 1
| #define HAVE_BZERO 1
| #define HAVE_CONFSTR 1
| #define HAVE_FACCESSAT 1
| #define HAVE_FNMATCH 1
| #define HAVE_GETADDRINFO 1
| #define HAVE_GETHOSTBYNAME 1
| #define HAVE_GETSERVBYNAME 1
| #define HAVE_GETSERVENT 1
| #define HAVE_INET_ATON 1
| #define HAVE_IMAXDIV 1
| #define HAVE_MEMMOVE 1
| #define HAVE_PATHCONF 1
| #define HAVE_PUTENV 1
| #define HAVE_RAISE 1
| #define HAVE_RANDOM 1
| #define HAVE_REGCOMP 1
| #define HAVE_REGEXEC 1
| #define HAVE_SETENV 1
| #define HAVE_SETLINEBUF 1
| #define HAVE_SETLOCALE 1
| #define HAVE_SETVBUF 1
| #define HAVE_SIGINTERRUPT 1
| #define HAVE_STRCHR 1
| #define HAVE_SYSCONF 1
| #define HAVE_SYSLOG 1
| #define HAVE_TCGETATTR 1
| #define HAVE_TIMES 1
| #define HAVE_TTYNAME 1
| #define HAVE_TZSET 1
| #define HAVE_UNSETENV 1
| #define HAVE_VASPRINTF 1
| #define HAVE_ASPRINTF 1
| #define HAVE_ISASCII 1
| #define HAVE_ISBLANK 1
| #define HAVE_ISGRAPH 1
| #define HAVE_ISPRINT 1
| #define HAVE_ISSPACE 1
| #define HAVE_ISXDIGIT 1
| #define HAVE_GETPWENT 1
| #define HAVE_GETPWNAM 1
| #define HAVE_GETPWUID 1
| #define HAVE_MKSTEMP 1
| #define HAVE_MKDTEMP 1
| #define HAVE_ARC4RANDOM 1
| #define HAVE_GETCWD 1
| #define HAVE_MEMSET 1
| #define HAVE_STRCASECMP 1
| #define HAVE_STRCASESTR 1
| #define HAVE_STRERROR 1
| #define HAVE_STRFTIME 1
| #define HAVE_STRNLEN 1
| #define HAVE_STRPBRK 1
| #define HAVE_STRSTR 1
| #define HAVE_STRTOD 1
| #define HAVE_STRTOL 1
| #define HAVE_STRTOUL 1
| #define HAVE_STRTOLL 1
| #define HAVE_STRTOULL 1
| #define HAVE_STRTOUMAX 1
| #define HAVE_DPRINTF 1
| #define HAVE_STRCHRNUL 1
| #define HAVE_STRDUP 1
| #define HAVE_DECL_AUDIT_USER_TTY 1
| #define HAVE_DECL_CONFSTR 1
| #define HAVE_DECL_PRINTF 1
| #define HAVE_DECL_SBRK 1
| #define HAVE_DECL_SETREGID 1
| #define HAVE_DECL_STRCPY 1
| #define HAVE_DECL_STRSIGNAL 1
| #define HAVE_SETRESUID 1
| #define HAVE_SETRESGID 1
| #define HAVE_DECL_STRTOLD 1
| #define HAVE_DECL_STRTOL 1
| #define HAVE_DECL_STRTOLL 1
| #define HAVE_DECL_STRTOUL 1
| #define HAVE_DECL_STRTOULL 1
| #define HAVE_DECL_STRTOUMAX 1
| #define HAVE_ARGZ_H 1
| #define HAVE_ERRNO_H 1
| #define HAVE_FCNTL_H 1
| #define HAVE_MALLOC_H 1
| #define HAVE_STDIO_EXT_H 1
| #define HAVE_MMAP 1
| #define HAVE___ARGZ_COUNT 1
| #define HAVE___ARGZ_NEXT 1
| #define HAVE___ARGZ_STRINGIFY 1
| #define HAVE_DCGETTEXT 1
| #define HAVE_MEMPCPY 1
| #define HAVE_MUNMAP 1
| #define HAVE_MREMAP 1
| #define HAVE_STPCPY 1
| #define HAVE_STRCSPN 1
| #define HAVE_WCTYPE_H 1
| #define HAVE_WCHAR_H 1
| #define HAVE_LANGINFO_H 1
| #define HAVE_MBRLEN 1
| /* end confdefs.h.  */
| /* Define mbscmp to an innocuous variant, in case <limits.h> declares mbscmp.
|    For example, HP-UX 11i <limits.h> declares gettimeofday.  */
| #define mbscmp innocuous_mbscmp
| 
| /* System header to define __stub macros and hopefully few prototypes,
|    which can conflict with char mbscmp (); below.  */
| 
| #include <limits.h>
| #undef mbscmp
| 
| /* Override any GCC internal prototype to avoid an error.
|    Use char because int might match the return type of a GCC
|    builtin and then its argument prototype would still apply.  */
| #ifdef __cplusplus
| extern "C"
| #endif
| char mbscmp ();
| /* The GNU C library defines this for functions which it implements
|     to always fail with ENOSYS.  Some functions are actually named
|     something starting with __ and the normal name is an alias.  */
| #if defined __stub_mbscmp || defined __stub___mbscmp
| choke me
| #endif
| 
| int
| main (void)
| {
| return mbscmp ();
|   ;
|   return 0;
| }
configure:16296: result: no
configure:16303: checking for mbsnrtowcs
configure:16303: /usr/bin/clang -o conftest -g -O2   conftest.c  >&5
configure:16303: $? = 0
configure:16303: result: yes
configure:16310: checking for mbsrtowcs
configure:16310: /usr/bin/clang -o conftest -g -O2   conftest.c  >&5
configure:16310: $? = 0
configure:16310: result: yes
configure:16318: checking for mbschr
configure:16318: /usr/bin/clang -o conftest -g -O2   conftest.c  >&5
/usr/bin/ld: /tmp/conftest-c9b61c.o: in function `main':
/home/gandhi/jk-robotics/operating_system/bash/conftest.c:355:(.text+0x4): undefined reference to `mbschr'
clang: error: linker command failed with exit code 1 (use -v to see invocation)
configure:16318: $? = 1
configure: failed program was:
| /* confdefs.h */
| #define PACKAGE_NAME "bash"
| #define PACKAGE_TARNAME "bash"
| #define PACKAGE_VERSION "5.2-release"
| #define PACKAGE_STRING "bash 5.2-release"
| #define PACKAGE_BUGREPORT "bug-bash@gnu.org"
| #define PACKAGE_URL ""
| #define USING_BASH_MALLOC 1
| #define ALIAS 1
| #define PUSHD_AND_POPD 1
| #define RESTRICTED_SHELL 1
| #define PROCESS_SUBSTITUTION 1
| #define PROMPT_STRING_DECODE 1
| #define SELECT_COMMAND 1
| #define HELP_BUILTIN 1
| #define ARRAY_VARS 1
| #define DPAREN_ARITHMETIC 1
| #define BRACE_EXPANSION 1
| #define COMMAND_TIMING 1
| #define EXTENDED_GLOB 1
| #define EXTGLOB_DEFAULT 0
| #define COND_COMMAND 1
| #define COND_REGEXP 1
| #define COPROCESS_SUPPORT 1
| #define ARITH_FOR_COMMAND 1
| #define NETWORK_REDIRECTIONS 1
| #define PROGRAMMABLE_COMPLETION 1
| #define DEBUGGER 1
| #define CASEMOD_ATTRS 1
| #define CASEMOD_EXPANSIONS 1
| #define GLOBASCII_DEFAULT 1
| #define FUNCTION_IMPORT 1
| #define TRANSLATABLE_STRINGS 1
| #define MEMSCRAMBLE 1
| #define HAVE_STDIO_H 1
| #define HAVE_STDLIB_H 1
| #define HAVE_STRING_H 1
| #define HAVE_INTTYPES_H 1
| #define HAVE_STDINT_H 1
| #define HAVE_STRINGS_H 1
| #define HAVE_SYS_STAT_H 1
| #define HAVE_SYS_TYPES_H 1
| #define HAVE_UNISTD_H 1
| #define HAVE_WCHAR_H 1
| #define HAVE_SYS_PARAM_H 1
| #define HAVE_SYS_TIME_H 1
| #define STDC_HEADERS 1
| #define _ALL_SOURCE 1
| #define _DARWIN_C_SOURCE 1
| #define _GNU_SOURCE 1
| #define _HPUX_ALT_XOPEN_SOCKET_API 1
| #define _NETBSD_SOURCE 1
| #define _OPENBSD_SOURCE 1
| #define _POSIX_PTHREAD_SEMANTICS 1
| #define __STDC_WANT_IEC_60559_ATTRIBS_EXT__ 1
| #define __STDC_WANT_IEC_60559_BFP_EXT__ 1
| #define __STDC_WANT_IEC_60559_DFP_EXT__ 1
| #define __STDC_WANT_IEC_60559_FUNCS_EXT__ 1
| #define __STDC_WANT_IEC_60559_TYPES_EXT__ 1
| #define __STDC_WANT_LIB_EXT2__ 1
| #define __STDC_WANT_MATH_SPEC_FUNCS__ 1
| #define _TANDEM_SOURCE 1
| #define __EXTENSIONS__ 1
| #define READLINE 1
| #define HISTORY 1
| #define BANG_HISTORY 1
| #define HAVE_STRINGIZE 1
| #define HAVE_LONG_DOUBLE 1
| #define PROTOTYPES 1
| #define __PROTOTYPES 1
| #define restrict __restrict__
| #define HAVE_VISIBILITY 1
| #define HAVE_STDINT_H_WITH_UINTMAX 1
| #define HAVE_ALLOCA_H 1
| #define HAVE_ALLOCA 1
| #define HAVE_GETPAGESIZE 1
| #define HAVE_SYMLINK 1
| #define HAVE_USELOCALE 1
| #define HAVE_VPRINTF 1
| #define HAVE_ALARM 1
| #define HAVE___FPURGE 1
| #define HAVE_SNPRINTF 1
| #define HAVE_VSNPRINTF 1
| #define HAVE_MMAP 1
| #define INTDIV0_RAISES_SIGFPE 1
| #define HAVE_INTTYPES_H_WITH_UINTMAX 1
| #define HAVE_UNSIGNED_LONG_LONG_INT 1
| #define HAVE_UINTMAX_T 1
| #define HAVE_INTTYPES_H 1
| #define USE_POSIX_THREADS 1
| #define USE_POSIX_THREADS_WEAK 1
| #define HAVE_PTHREAD_RWLOCK 1
| #define HAVE_PTHREAD_MUTEX_RECURSIVE 1
| #define HAVE_ICONV 1
| #define ICONV_CONST 
| #define HAVE_BUILTIN_EXPECT 1
| #define HAVE_ARGZ_H 1
| #define HAVE_INTTYPES_H 1
| #define HAVE_LIMITS_H 1
| #define HAVE_UNISTD_H 1
| #define HAVE_SYS_PARAM_H 1
| #define HAVE_GETCWD 1
| #define HAVE_GETEGID 1
| #define HAVE_GETEUID 1
| #define HAVE_GETGID 1
| #define HAVE_GETUID 1
| #define HAVE_MEMPCPY 1
| #define HAVE_MUNMAP 1
| #define HAVE_STPCPY 1
| #define HAVE_STRCASECMP 1
| #define HAVE_STRDUP 1
| #define HAVE_STRTOUL 1
| #define HAVE_TSEARCH 1
| #define HAVE_ARGZ_COUNT 1
| #define HAVE_ARGZ_STRINGIFY 1
| #define HAVE_ARGZ_NEXT 1
| #define HAVE___FSETLOCKING 1
| #define HAVE_LOCALECONV 1
| #define HAVE_DECL_FEOF_UNLOCKED 1
| #define HAVE_DECL_FGETS_UNLOCKED 1
| #define HAVE_LONG_LONG_INT 1
| #define HAVE_WCHAR_T 1
| #define HAVE_WINT_T 1
| #define HAVE_INTMAX_T 1
| #define HAVE_POSIX_PRINTF 1
| #define HAVE_STDINT_H 1
| #define HAVE_STDINT_H 1
| #define HAVE_WORKING_O_NOATIME 1
| #define HAVE_WORKING_O_NOFOLLOW 1
| #define HAVE_WORKING_USELOCALE 1
| #define FLEXIBLE_ARRAY_MEMBER /**/
| #define HAVE_FEATURES_H 1
| #define HAVE_STDDEF_H 1
| #define HAVE_STDLIB_H 1
| #define HAVE_STRING_H 1
| #define HAVE_ASPRINTF 1
| #define HAVE_FWPRINTF 1
| #define HAVE_NEWLOCALE 1
| #define HAVE_PUTENV 1
| #define HAVE_SETENV 1
| #define HAVE_SETLOCALE 1
| #define HAVE_SNPRINTF 1
| #define HAVE_STRNLEN 1
| #define HAVE_USELOCALE 1
| #define HAVE_WCSLEN 1
| #define HAVE_WCSNLEN 1
| #define HAVE_MBRTOWC 1
| #define HAVE_WCRTOMB 1
| #define HAVE_DECL__SNPRINTF 0
| #define HAVE_DECL__SNWPRINTF 0
| #define HAVE_DECL_GETC_UNLOCKED 1
| #define HAVE_LANGINFO_CODESET 1
| #define HAVE_LC_MESSAGES 1
| #define ENABLE_NLS 1
| #define HAVE_GETTEXT 1
| #define HAVE_DCGETTEXT 1
| #define HAVE_DIRENT_H 1
| #define MAJOR_IN_SYSMACROS 1
| #define HAVE_INTTYPES_H 1
| #define HAVE_UNISTD_H 1
| #define HAVE_STDLIB_H 1
| #define HAVE_STDARG_H 1
| #define HAVE_LIMITS_H 1
| #define HAVE_STRING_H 1
| #define HAVE_MEMORY_H 1
| #define HAVE_LOCALE_H 1
| #define HAVE_TERMCAP_H 1
| #define HAVE_TERMIO_H 1
| #define HAVE_TERMIOS_H 1
| #define HAVE_DLFCN_H 1
| #define HAVE_STDBOOL_H 1
| #define HAVE_STDDEF_H 1
| #define HAVE_STDINT_H 1
| #define HAVE_NETDB_H 1
| #define HAVE_PWD_H 1
| #define HAVE_GRP_H 1
| #define HAVE_STRINGS_H 1
| #define HAVE_REGEX_H 1
| #define HAVE_SYSLOG_H 1
| #define HAVE_ULIMIT_H 1
| #define HAVE_SYS_SELECT_H 1
| #define HAVE_SYS_FILE_H 1
| #define HAVE_SYS_IOCTL_H 1
| #define HAVE_SYS_MMAN_H 1
| #define HAVE_SYS_PARAM_H 1
| #define HAVE_SYS_RANDOM_H 1
| #define HAVE_SYS_SOCKET_H 1
| #define HAVE_SYS_STAT_H 1
| #define HAVE_SYS_TIME_H 1
| #define HAVE_SYS_TIMES_H 1
| #define HAVE_SYS_TYPES_H 1
| #define HAVE_SYS_WAIT_H 1
| #define HAVE_NETINET_IN_H 1
| #define HAVE_ARPA_INET_H 1
| #define HAVE_SYS_RESOURCE_H 1
| #define HAVE_ALLOCA_H 1
| #define HAVE_ALLOCA 1
| #define HAVE_CHOWN 1
| #define GETPGRP_VOID 1
| #define HAVE_STRCOLL 1
| #define HAVE_WAIT3 1
| #define HAVE_MKFIFO 1
| #define HAVE_DUP2 1
| #define HAVE_EACCESS 1
| #define HAVE_FCNTL 1
| #define HAVE_GETDTABLESIZE 1
| #define HAVE_GETENTROPY 1
| #define HAVE_GETGROUPS 1
| #define HAVE_GETHOSTNAME 1
| #define HAVE_GETPAGESIZE 1
| #define HAVE_GETPEERNAME 1
| #define HAVE_GETRANDOM 1
| #define HAVE_GETRLIMIT 1
| #define HAVE_GETRUSAGE 1
| #define HAVE_GETTIMEOFDAY 1
| #define HAVE_KILL 1
| #define HAVE_KILLPG 1
| #define HAVE_LSTAT 1
| #define HAVE_PSELECT 1
| #define HAVE_READLINK 1
| #define HAVE_SELECT 1
| #define HAVE_SETITIMER 1
| #define HAVE_TCGETPGRP 1
| #define HAVE_UNAME 1
| #define HAVE_ULIMIT 1
| #define HAVE_WAITPID 1
| #define HAVE_RENAME 1
| #define HAVE_BCOPY 1
| #define HAVE_BZERO 1
| #define HAVE_CONFSTR 1
| #define HAVE_FACCESSAT 1
| #define HAVE_FNMATCH 1
| #define HAVE_GETADDRINFO 1
| #define HAVE_GETHOSTBYNAME 1
| #define HAVE_GETSERVBYNAME 1
| #define HAVE_GETSERVENT 1
| #define HAVE_INET_ATON 1
| #define HAVE_IMAXDIV 1
| #define HAVE_MEMMOVE 1
| #define HAVE_PATHCONF 1
| #define HAVE_PUTENV 1
| #define HAVE_RAISE 1
| #define HAVE_RANDOM 1
| #define HAVE_REGCOMP 1
| #define HAVE_REGEXEC 1
| #define HAVE_SETENV 1
| #define HAVE_SETLINEBUF 1
| #define HAVE_SETLOCALE 1
| #define HAVE_SETVBUF 1
| #define HAVE_SIGINTERRUPT 1
| #define HAVE_STRCHR 1
| #define HAVE_SYSCONF 1
| #define HAVE_SYSLOG 1
| #define HAVE_TCGETATTR 1
| #define HAVE_TIMES 1
| #define HAVE_TTYNAME 1
| #define HAVE_TZSET 1
| #define HAVE_UNSETENV 1
| #define HAVE_VASPRINTF 1
| #define HAVE_ASPRINTF 1
| #define HAVE_ISASCII 1
| #define HAVE_ISBLANK 1
| #define HAVE_ISGRAPH 1
| #define HAVE_ISPRINT 1
| #define HAVE_ISSPACE 1
| #define HAVE_ISXDIGIT 1
| #define HAVE_GETPWENT 1
| #define HAVE_GETPWNAM 1
| #define HAVE_GETPWUID 1
| #define HAVE_MKSTEMP 1
| #define HAVE_MKDTEMP 1
| #define HAVE_ARC4RANDOM 1
| #define HAVE_GETCWD 1
| #define HAVE_MEMSET 1
| #define HAVE_STRCASECMP 1
| #define HAVE_STRCASESTR 1
| #define HAVE_STRERROR 1
| #define HAVE_STRFTIME 1
| #define HAVE_STRNLEN 1
| #define HAVE_STRPBRK 1
| #define HAVE_STRSTR 1
| #define HAVE_STRTOD 1
| #define HAVE_STRTOL 1
| #define HAVE_STRTOUL 1
| #define HAVE_STRTOLL 1
| #define HAVE_STRTOULL 1
| #define HAVE_STRTOUMAX 1
| #define HAVE_DPRINTF 1
| #define HAVE_STRCHRNUL 1
| #define HAVE_STRDUP 1
| #define HAVE_DECL_AUDIT_USER_TTY 1
| #define HAVE_DECL_CONFSTR 1
| #define HAVE_DECL_PRINTF 1
| #define HAVE_DECL_SBRK 1
| #define HAVE_DECL_SETREGID 1
| #define HAVE_DECL_STRCPY 1
| #define HAVE_DECL_STRSIGNAL 1
| #define HAVE_SETRESUID 1
| #define HAVE_SETRESGID 1
| #define HAVE_DECL_STRTOLD 1
| #define HAVE_DECL_STRTOL 1
| #define HAVE_DECL_STRTOLL 1
| #define HAVE_DECL_STRTOUL 1
| #define HAVE_DECL_STRTOULL 1
| #define HAVE_DECL_STRTOUMAX 1
| #define HAVE_ARGZ_H 1
| #define HAVE_ERRNO_H 1
| #define HAVE_FCNTL_H 1
| #define HAVE_MALLOC_H 1
| #define HAVE_STDIO_EXT_H 1
| #define HAVE_MMAP 1
| #define HAVE___ARGZ_COUNT 1
| #define HAVE___ARGZ_NEXT 1
| #define HAVE___ARGZ_STRINGIFY 1
| #define HAVE_DCGETTEXT 1
| #define HAVE_MEMPCPY 1
| #define HAVE_MUNMAP 1
| #define HAVE_MREMAP 1
| #define HAVE_STPCPY 1
| #define HAVE_STRCSPN 1
| #define HAVE_WCTYPE_H 1
| #define HAVE_WCHAR_H 1
| #define HAVE_LANGINFO_H 1
| #define HAVE_MBRLEN 1
| #define HAVE_MBSNRTOWCS 1
| #define HAVE_MBSRTOWCS 1
| /* end confdefs.h.  */
| /* Define mbschr to an innocuous variant, in case <limits.h> declares mbschr.
|    For example, HP-UX 11i <limits.h> declares gettimeofday.  */
| #define mbschr innocuous_mbschr
| 
| /* System header to define __stub macros and hopefully few prototypes,
|    which can conflict with char mbschr (); below.  */
| 
| #include <limits.h>
| #undef mbschr
| 
| /* Override any GCC internal prototype to avoid an error.
|    Use char because int might match the return type of a GCC
|    builtin and then its argument prototype would still apply.  */
| #ifdef __cplusplus
| extern "C"
| #endif
| char mbschr ();
| /* The GNU C library defines this for functions which it implements
|     to always fail with ENOSYS.  Some functions are actually named
|     something starting with __ and the normal name is an alias.  */
| #if defined __stub_mbschr || defined __stub___mbschr
| choke me
| #endif
| 
| int
| main (void)
| {
| return mbschr ();
|   ;
|   return 0;
| }
configure:16318: result: no
configure:16333: checking for wcrtomb
configure:16333: result: yes
configure:16340: checking for wcscoll
configure:16340: /usr/bin/clang -o conftest -g -O2   conftest.c  >&5
configure:16340: $? = 0
configure:16340: result: yes
configure:16347: checking for wcsdup
configure:16347: /usr/bin/clang -o conftest -g -O2   conftest.c  >&5
configure:16347: $? = 0
configure:16347: result: yes
configure:16354: checking for wcwidth
configure:16354: /usr/bin/clang -o conftest -g -O2   conftest.c  >&5
configure:16354: $? = 0
configure:16354: result: yes
configure:16361: checking for wctype
configure:16361: /usr/bin/clang -o conftest -g -O2   conftest.c  >&5
configure:16361: $? = 0
configure:16361: result: yes
configure:16369: checking for wcswidth
configure:16369: /usr/bin/clang -o conftest -g -O2   conftest.c  >&5
configure:16369: $? = 0
configure:16369: result: yes
configure:16385: checking whether mbrtowc and mbstate_t are properly declared
configure:16415: result: yes
configure:16428: checking for iswlower
configure:16428: /usr/bin/clang -o conftest -g -O2   conftest.c  >&5
configure:16428: $? = 0
configure:16428: result: yes
configure:16434: checking for iswupper
configure:16434: /usr/bin/clang -o conftest -g -O2   conftest.c  >&5
configure:16434: $? = 0
configure:16434: result: yes
configure:16440: checking for towlower
configure:16440: /usr/bin/clang -o conftest -g -O2   conftest.c  >&5
configure:16440: $? = 0
configure:16440: result: yes
configure:16446: checking for towupper
configure:16446: /usr/bin/clang -o conftest -g -O2   conftest.c  >&5
configure:16446: $? = 0
configure:16446: result: yes
configure:16452: checking for iswctype
configure:16452: /usr/bin/clang -o conftest -g -O2   conftest.c  >&5
configure:16452: $? = 0
configure:16452: result: yes
configure:16462: checking for wchar_t in wchar.h
configure:16483: /usr/bin/clang -c -g -O2  conftest.c >&5
configure:16483: $? = 0
configure:16492: result: yes
configure:16500: checking for wctype_t in wctype.h
configure:16521: /usr/bin/clang -c -g -O2  conftest.c >&5
configure:16521: $? = 0
configure:16530: result: yes
configure:16538: checking for wint_t in wctype.h
configure:16559: /usr/bin/clang -c -g -O2  conftest.c >&5
configure:16559: $? = 0
configure:16568: result: yes
configure:16576: checking for wcwidth broken with unicode combining characters
configure:16610: /usr/bin/clang -o conftest -g -O2   conftest.c  >&5
conftest.c:353:1: warning: a function definition without a prototype is deprecated in all versions of C and is not supported in C23 [-Wdeprecated-non-prototype]
  353 | main(c, v)
      | ^
1 warning generated.
configure:16610: $? = 0
configure:16610: ./conftest
configure:16610: $? = 1
configure: program exited with status 1
configure: failed program was:
| /* confdefs.h */
| #define PACKAGE_NAME "bash"
| #define PACKAGE_TARNAME "bash"
| #define PACKAGE_VERSION "5.2-release"
| #define PACKAGE_STRING "bash 5.2-release"
| #define PACKAGE_BUGREPORT "bug-bash@gnu.org"
| #define PACKAGE_URL ""
| #define USING_BASH_MALLOC 1
| #define ALIAS 1
| #define PUSHD_AND_POPD 1
| #define RESTRICTED_SHELL 1
| #define PROCESS_SUBSTITUTION 1
| #define PROMPT_STRING_DECODE 1
| #define SELECT_COMMAND 1
| #define HELP_BUILTIN 1
| #define ARRAY_VARS 1
| #define DPAREN_ARITHMETIC 1
| #define BRACE_EXPANSION 1
| #define COMMAND_TIMING 1
| #define EXTENDED_GLOB 1
| #define EXTGLOB_DEFAULT 0
| #define COND_COMMAND 1
| #define COND_REGEXP 1
| #define COPROCESS_SUPPORT 1
| #define ARITH_FOR_COMMAND 1
| #define NETWORK_REDIRECTIONS 1
| #define PROGRAMMABLE_COMPLETION 1
| #define DEBUGGER 1
| #define CASEMOD_ATTRS 1
| #define CASEMOD_EXPANSIONS 1
| #define GLOBASCII_DEFAULT 1
| #define FUNCTION_IMPORT 1
| #define TRANSLATABLE_STRINGS 1
| #define MEMSCRAMBLE 1
| #define HAVE_STDIO_H 1
| #define HAVE_STDLIB_H 1
| #define HAVE_STRING_H 1
| #define HAVE_INTTYPES_H 1
| #define HAVE_STDINT_H 1
| #define HAVE_STRINGS_H 1
| #define HAVE_SYS_STAT_H 1
| #define HAVE_SYS_TYPES_H 1
| #define HAVE_UNISTD_H 1
| #define HAVE_WCHAR_H 1
| #define HAVE_SYS_PARAM_H 1
| #define HAVE_SYS_TIME_H 1
| #define STDC_HEADERS 1
| #define _ALL_SOURCE 1
| #define _DARWIN_C_SOURCE 1
| #define _GNU_SOURCE 1
| #define _HPUX_ALT_XOPEN_SOCKET_API 1
| #define _NETBSD_SOURCE 1
| #define _OPENBSD_SOURCE 1
| #define _POSIX_PTHREAD_SEMANTICS 1
| #define __STDC_WANT_IEC_60559_ATTRIBS_EXT__ 1
| #define __STDC_WANT_IEC_60559_BFP_EXT__ 1
| #define __STDC_WANT_IEC_60559_DFP_EXT__ 1
| #define __STDC_WANT_IEC_60559_FUNCS_EXT__ 1
| #define __STDC_WANT_IEC_60559_TYPES_EXT__ 1
| #define __STDC_WANT_LIB_EXT2__ 1
| #define __STDC_WANT_MATH_SPEC_FUNCS__ 1
| #define _TANDEM_SOURCE 1
| #define __EXTENSIONS__ 1
| #define READLINE 1
| #define HISTORY 1
| #define BANG_HISTORY 1
| #define HAVE_STRINGIZE 1
| #define HAVE_LONG_DOUBLE 1
| #define PROTOTYPES 1
| #define __PROTOTYPES 1
| #define restrict __restrict__
| #define HAVE_VISIBILITY 1
| #define HAVE_STDINT_H_WITH_UINTMAX 1
| #define HAVE_ALLOCA_H 1
| #define HAVE_ALLOCA 1
| #define HAVE_GETPAGESIZE 1
| #define HAVE_SYMLINK 1
| #define HAVE_USELOCALE 1
| #define HAVE_VPRINTF 1
| #define HAVE_ALARM 1
| #define HAVE___FPURGE 1
| #define HAVE_SNPRINTF 1
| #define HAVE_VSNPRINTF 1
| #define HAVE_MMAP 1
| #define INTDIV0_RAISES_SIGFPE 1
| #define HAVE_INTTYPES_H_WITH_UINTMAX 1
| #define HAVE_UNSIGNED_LONG_LONG_INT 1
| #define HAVE_UINTMAX_T 1
| #define HAVE_INTTYPES_H 1
| #define USE_POSIX_THREADS 1
| #define USE_POSIX_THREADS_WEAK 1
| #define HAVE_PTHREAD_RWLOCK 1
| #define HAVE_PTHREAD_MUTEX_RECURSIVE 1
| #define HAVE_ICONV 1
| #define ICONV_CONST 
| #define HAVE_BUILTIN_EXPECT 1
| #define HAVE_ARGZ_H 1
| #define HAVE_INTTYPES_H 1
| #define HAVE_LIMITS_H 1
| #define HAVE_UNISTD_H 1
| #define HAVE_SYS_PARAM_H 1
| #define HAVE_GETCWD 1
| #define HAVE_GETEGID 1
| #define HAVE_GETEUID 1
| #define HAVE_GETGID 1
| #define HAVE_GETUID 1
| #define HAVE_MEMPCPY 1
| #define HAVE_MUNMAP 1
| #define HAVE_STPCPY 1
| #define HAVE_STRCASECMP 1
| #define HAVE_STRDUP 1
| #define HAVE_STRTOUL 1
| #define HAVE_TSEARCH 1
| #define HAVE_ARGZ_COUNT 1
| #define HAVE_ARGZ_STRINGIFY 1
| #define HAVE_ARGZ_NEXT 1
| #define HAVE___FSETLOCKING 1
| #define HAVE_LOCALECONV 1
| #define HAVE_DECL_FEOF_UNLOCKED 1
| #define HAVE_DECL_FGETS_UNLOCKED 1
| #define HAVE_LONG_LONG_INT 1
| #define HAVE_WCHAR_T 1
| #define HAVE_WINT_T 1
| #define HAVE_INTMAX_T 1
| #define HAVE_POSIX_PRINTF 1
| #define HAVE_STDINT_H 1
| #define HAVE_STDINT_H 1
| #define HAVE_WORKING_O_NOATIME 1
| #define HAVE_WORKING_O_NOFOLLOW 1
| #define HAVE_WORKING_USELOCALE 1
| #define FLEXIBLE_ARRAY_MEMBER /**/
| #define HAVE_FEATURES_H 1
| #define HAVE_STDDEF_H 1
| #define HAVE_STDLIB_H 1
| #define HAVE_STRING_H 1
| #define HAVE_ASPRINTF 1
| #define HAVE_FWPRINTF 1
| #define HAVE_NEWLOCALE 1
| #define HAVE_PUTENV 1
| #define HAVE_SETENV 1
| #define HAVE_SETLOCALE 1
| #define HAVE_SNPRINTF 1
| #define HAVE_STRNLEN 1
| #define HAVE_USELOCALE 1
| #define HAVE_WCSLEN 1
| #define HAVE_WCSNLEN 1
| #define HAVE_MBRTOWC 1
| #define HAVE_WCRTOMB 1
| #define HAVE_DECL__SNPRINTF 0
| #define HAVE_DECL__SNWPRINTF 0
| #define HAVE_DECL_GETC_UNLOCKED 1
| #define HAVE_LANGINFO_CODESET 1
| #define HAVE_LC_MESSAGES 1
| #define ENABLE_NLS 1
| #define HAVE_GETTEXT 1
| #define HAVE_DCGETTEXT 1
| #define HAVE_DIRENT_H 1
| #define MAJOR_IN_SYSMACROS 1
| #define HAVE_INTTYPES_H 1
| #define HAVE_UNISTD_H 1
| #define HAVE_STDLIB_H 1
| #define HAVE_STDARG_H 1
| #define HAVE_LIMITS_H 1
| #define HAVE_STRING_H 1
| #define HAVE_MEMORY_H 1
| #define HAVE_LOCALE_H 1
| #define HAVE_TERMCAP_H 1
| #define HAVE_TERMIO_H 1
| #define HAVE_TERMIOS_H 1
| #define HAVE_DLFCN_H 1
| #define HAVE_STDBOOL_H 1
| #define HAVE_STDDEF_H 1
| #define HAVE_STDINT_H 1
| #define HAVE_NETDB_H 1
| #define HAVE_PWD_H 1
| #define HAVE_GRP_H 1
| #define HAVE_STRINGS_H 1
| #define HAVE_REGEX_H 1
| #define HAVE_SYSLOG_H 1
| #define HAVE_ULIMIT_H 1
| #define HAVE_SYS_SELECT_H 1
| #define HAVE_SYS_FILE_H 1
| #define HAVE_SYS_IOCTL_H 1
| #define HAVE_SYS_MMAN_H 1
| #define HAVE_SYS_PARAM_H 1
| #define HAVE_SYS_RANDOM_H 1
| #define HAVE_SYS_SOCKET_H 1
| #define HAVE_SYS_STAT_H 1
| #define HAVE_SYS_TIME_H 1
| #define HAVE_SYS_TIMES_H 1
| #define HAVE_SYS_TYPES_H 1
| #define HAVE_SYS_WAIT_H 1
| #define HAVE_NETINET_IN_H 1
| #define HAVE_ARPA_INET_H 1
| #define HAVE_SYS_RESOURCE_H 1
| #define HAVE_ALLOCA_H 1
| #define HAVE_ALLOCA 1
| #define HAVE_CHOWN 1
| #define GETPGRP_VOID 1
| #define HAVE_STRCOLL 1
| #define HAVE_WAIT3 1
| #define HAVE_MKFIFO 1
| #define HAVE_DUP2 1
| #define HAVE_EACCESS 1
| #define HAVE_FCNTL 1
| #define HAVE_GETDTABLESIZE 1
| #define HAVE_GETENTROPY 1
| #define HAVE_GETGROUPS 1
| #define HAVE_GETHOSTNAME 1
| #define HAVE_GETPAGESIZE 1
| #define HAVE_GETPEERNAME 1
| #define HAVE_GETRANDOM 1
| #define HAVE_GETRLIMIT 1
| #define HAVE_GETRUSAGE 1
| #define HAVE_GETTIMEOFDAY 1
| #define HAVE_KILL 1
| #define HAVE_KILLPG 1
| #define HAVE_LSTAT 1
| #define HAVE_PSELECT 1
| #define HAVE_READLINK 1
| #define HAVE_SELECT 1
| #define HAVE_SETITIMER 1
| #define HAVE_TCGETPGRP 1
| #define HAVE_UNAME 1
| #define HAVE_ULIMIT 1
| #define HAVE_WAITPID 1
| #define HAVE_RENAME 1
| #define HAVE_BCOPY 1
| #define HAVE_BZERO 1
| #define HAVE_CONFSTR 1
| #define HAVE_FACCESSAT 1
| #define HAVE_FNMATCH 1
| #define HAVE_GETADDRINFO 1
| #define HAVE_GETHOSTBYNAME 1
| #define HAVE_GETSERVBYNAME 1
| #define HAVE_GETSERVENT 1
| #define HAVE_INET_ATON 1
| #define HAVE_IMAXDIV 1
| #define HAVE_MEMMOVE 1
| #define HAVE_PATHCONF 1
| #define HAVE_PUTENV 1
| #define HAVE_RAISE 1
| #define HAVE_RANDOM 1
| #define HAVE_REGCOMP 1
| #define HAVE_REGEXEC 1
| #define HAVE_SETENV 1
| #define HAVE_SETLINEBUF 1
| #define HAVE_SETLOCALE 1
| #define HAVE_SETVBUF 1
| #define HAVE_SIGINTERRUPT 1
| #define HAVE_STRCHR 1
| #define HAVE_SYSCONF 1
| #define HAVE_SYSLOG 1
| #define HAVE_TCGETATTR 1
| #define HAVE_TIMES 1
| #define HAVE_TTYNAME 1
| #define HAVE_TZSET 1
| #define HAVE_UNSETENV 1
| #define HAVE_VASPRINTF 1
| #define HAVE_ASPRINTF 1
| #define HAVE_ISASCII 1
| #define HAVE_ISBLANK 1
| #define HAVE_ISGRAPH 1
| #define HAVE_ISPRINT 1
| #define HAVE_ISSPACE 1
| #define HAVE_ISXDIGIT 1
| #define HAVE_GETPWENT 1
| #define HAVE_GETPWNAM 1
| #define HAVE_GETPWUID 1
| #define HAVE_MKSTEMP 1
| #define HAVE_MKDTEMP 1
| #define HAVE_ARC4RANDOM 1
| #define HAVE_GETCWD 1
| #define HAVE_MEMSET 1
| #define HAVE_STRCASECMP 1
| #define HAVE_STRCASESTR 1
| #define HAVE_STRERROR 1
| #define HAVE_STRFTIME 1
| #define HAVE_STRNLEN 1
| #define HAVE_STRPBRK 1
| #define HAVE_STRSTR 1
| #define HAVE_STRTOD 1
| #define HAVE_STRTOL 1
| #define HAVE_STRTOUL 1
| #define HAVE_STRTOLL 1
| #define HAVE_STRTOULL 1
| #define HAVE_STRTOUMAX 1
| #define HAVE_DPRINTF 1
| #define HAVE_STRCHRNUL 1
| #define HAVE_STRDUP 1
| #define HAVE_DECL_AUDIT_USER_TTY 1
| #define HAVE_DECL_CONFSTR 1
| #define HAVE_DECL_PRINTF 1
| #define HAVE_DECL_SBRK 1
| #define HAVE_DECL_SETREGID 1
| #define HAVE_DECL_STRCPY 1
| #define HAVE_DECL_STRSIGNAL 1
| #define HAVE_SETRESUID 1
| #define HAVE_SETRESGID 1
| #define HAVE_DECL_STRTOLD 1
| #define HAVE_DECL_STRTOL 1
| #define HAVE_DECL_STRTOLL 1
| #define HAVE_DECL_STRTOUL 1
| #define HAVE_DECL_STRTOULL 1
| #define HAVE_DECL_STRTOUMAX 1
| #define HAVE_ARGZ_H 1
| #define HAVE_ERRNO_H 1
| #define HAVE_FCNTL_H 1
| #define HAVE_MALLOC_H 1
| #define HAVE_STDIO_EXT_H 1
| #define HAVE_MMAP 1
| #define HAVE___ARGZ_COUNT 1
| #define HAVE___ARGZ_NEXT 1
| #define HAVE___ARGZ_STRINGIFY 1
| #define HAVE_DCGETTEXT 1
| #define HAVE_MEMPCPY 1
| #define HAVE_MUNMAP 1
| #define HAVE_MREMAP 1
| #define HAVE_STPCPY 1
| #define HAVE_STRCSPN 1
| #define HAVE_WCTYPE_H 1
| #define HAVE_WCHAR_H 1
| #define HAVE_LANGINFO_H 1
| #define HAVE_MBRLEN 1
| #define HAVE_MBSNRTOWCS 1
| #define HAVE_MBSRTOWCS 1
| #define HAVE_WCRTOMB 1
| #define HAVE_WCSCOLL 1
| #define HAVE_WCSDUP 1
| #define HAVE_WCWIDTH 1
| #define HAVE_WCTYPE 1
| #define HAVE_WCSWIDTH 1
| #define HAVE_MBRTOWC 1
| #define HAVE_MBSTATE_T 1
| #define HAVE_ISWLOWER 1
| #define HAVE_ISWUPPER 1
| #define HAVE_TOWLOWER 1
| #define HAVE_TOWUPPER 1
| #define HAVE_ISWCTYPE 1
| #define HAVE_WCHAR_T 1
| #define HAVE_WCTYPE_T 1
| #define HAVE_WINT_T 1
| /* end confdefs.h.  */
| 
| #include <unistd.h>
| #include <stdlib.h>
| #include <stdio.h>
| 
| #include <locale.h>
| #include <wchar.h>
| 
| int
| main(c, v)
| int     c;
| char    **v;
| {
|         int     w;
| 
|         setlocale(LC_ALL, "en_US.UTF-8");
|         w = wcwidth (0x0301);
|         exit (w == 0);  /* exit 0 if wcwidth broken */
| }
| 
configure:16621: result: no
configure:16632: checking for locale_charset
configure:16632: /usr/bin/clang -o conftest -g -O2   conftest.c    >&5
/usr/bin/ld: /tmp/conftest-12b9be.o: in function `main':
/home/gandhi/jk-robotics/operating_system/bash/conftest.c:371:(.text+0x4): undefined reference to `locale_charset'
clang: error: linker command failed with exit code 1 (use -v to see invocation)
configure:16632: $? = 1
configure: failed program was:
| /* confdefs.h */
| #define PACKAGE_NAME "bash"
| #define PACKAGE_TARNAME "bash"
| #define PACKAGE_VERSION "5.2-release"
| #define PACKAGE_STRING "bash 5.2-release"
| #define PACKAGE_BUGREPORT "bug-bash@gnu.org"
| #define PACKAGE_URL ""
| #define USING_BASH_MALLOC 1
| #define ALIAS 1
| #define PUSHD_AND_POPD 1
| #define RESTRICTED_SHELL 1
| #define PROCESS_SUBSTITUTION 1
| #define PROMPT_STRING_DECODE 1
| #define SELECT_COMMAND 1
| #define HELP_BUILTIN 1
| #define ARRAY_VARS 1
| #define DPAREN_ARITHMETIC 1
| #define BRACE_EXPANSION 1
| #define COMMAND_TIMING 1
| #define EXTENDED_GLOB 1
| #define EXTGLOB_DEFAULT 0
| #define COND_COMMAND 1
| #define COND_REGEXP 1
| #define COPROCESS_SUPPORT 1
| #define ARITH_FOR_COMMAND 1
| #define NETWORK_REDIRECTIONS 1
| #define PROGRAMMABLE_COMPLETION 1
| #define DEBUGGER 1
| #define CASEMOD_ATTRS 1
| #define CASEMOD_EXPANSIONS 1
| #define GLOBASCII_DEFAULT 1
| #define FUNCTION_IMPORT 1
| #define TRANSLATABLE_STRINGS 1
| #define MEMSCRAMBLE 1
| #define HAVE_STDIO_H 1
| #define HAVE_STDLIB_H 1
| #define HAVE_STRING_H 1
| #define HAVE_INTTYPES_H 1
| #define HAVE_STDINT_H 1
| #define HAVE_STRINGS_H 1
| #define HAVE_SYS_STAT_H 1
| #define HAVE_SYS_TYPES_H 1
| #define HAVE_UNISTD_H 1
| #define HAVE_WCHAR_H 1
| #define HAVE_SYS_PARAM_H 1
| #define HAVE_SYS_TIME_H 1
| #define STDC_HEADERS 1
| #define _ALL_SOURCE 1
| #define _DARWIN_C_SOURCE 1
| #define _GNU_SOURCE 1
| #define _HPUX_ALT_XOPEN_SOCKET_API 1
| #define _NETBSD_SOURCE 1
| #define _OPENBSD_SOURCE 1
| #define _POSIX_PTHREAD_SEMANTICS 1
| #define __STDC_WANT_IEC_60559_ATTRIBS_EXT__ 1
| #define __STDC_WANT_IEC_60559_BFP_EXT__ 1
| #define __STDC_WANT_IEC_60559_DFP_EXT__ 1
| #define __STDC_WANT_IEC_60559_FUNCS_EXT__ 1
| #define __STDC_WANT_IEC_60559_TYPES_EXT__ 1
| #define __STDC_WANT_LIB_EXT2__ 1
| #define __STDC_WANT_MATH_SPEC_FUNCS__ 1
| #define _TANDEM_SOURCE 1
| #define __EXTENSIONS__ 1
| #define READLINE 1
| #define HISTORY 1
| #define BANG_HISTORY 1
| #define HAVE_STRINGIZE 1
| #define HAVE_LONG_DOUBLE 1
| #define PROTOTYPES 1
| #define __PROTOTYPES 1
| #define restrict __restrict__
| #define HAVE_VISIBILITY 1
| #define HAVE_STDINT_H_WITH_UINTMAX 1
| #define HAVE_ALLOCA_H 1
| #define HAVE_ALLOCA 1
| #define HAVE_GETPAGESIZE 1
| #define HAVE_SYMLINK 1
| #define HAVE_USELOCALE 1
| #define HAVE_VPRINTF 1
| #define HAVE_ALARM 1
| #define HAVE___FPURGE 1
| #define HAVE_SNPRINTF 1
| #define HAVE_VSNPRINTF 1
| #define HAVE_MMAP 1
| #define INTDIV0_RAISES_SIGFPE 1
| #define HAVE_INTTYPES_H_WITH_UINTMAX 1
| #define HAVE_UNSIGNED_LONG_LONG_INT 1
| #define HAVE_UINTMAX_T 1
| #define HAVE_INTTYPES_H 1
| #define USE_POSIX_THREADS 1
| #define USE_POSIX_THREADS_WEAK 1
| #define HAVE_PTHREAD_RWLOCK 1
| #define HAVE_PTHREAD_MUTEX_RECURSIVE 1
| #define HAVE_ICONV 1
| #define ICONV_CONST 
| #define HAVE_BUILTIN_EXPECT 1
| #define HAVE_ARGZ_H 1
| #define HAVE_INTTYPES_H 1
| #define HAVE_LIMITS_H 1
| #define HAVE_UNISTD_H 1
| #define HAVE_SYS_PARAM_H 1
| #define HAVE_GETCWD 1
| #define HAVE_GETEGID 1
| #define HAVE_GETEUID 1
| #define HAVE_GETGID 1
| #define HAVE_GETUID 1
| #define HAVE_MEMPCPY 1
| #define HAVE_MUNMAP 1
| #define HAVE_STPCPY 1
| #define HAVE_STRCASECMP 1
| #define HAVE_STRDUP 1
| #define HAVE_STRTOUL 1
| #define HAVE_TSEARCH 1
| #define HAVE_ARGZ_COUNT 1
| #define HAVE_ARGZ_STRINGIFY 1
| #define HAVE_ARGZ_NEXT 1
| #define HAVE___FSETLOCKING 1
| #define HAVE_LOCALECONV 1
| #define HAVE_DECL_FEOF_UNLOCKED 1
| #define HAVE_DECL_FGETS_UNLOCKED 1
| #define HAVE_LONG_LONG_INT 1
| #define HAVE_WCHAR_T 1
| #define HAVE_WINT_T 1
| #define HAVE_INTMAX_T 1
| #define HAVE_POSIX_PRINTF 1
| #define HAVE_STDINT_H 1
| #define HAVE_STDINT_H 1
| #define HAVE_WORKING_O_NOATIME 1
| #define HAVE_WORKING_O_NOFOLLOW 1
| #define HAVE_WORKING_USELOCALE 1
| #define FLEXIBLE_ARRAY_MEMBER /**/
| #define HAVE_FEATURES_H 1
| #define HAVE_STDDEF_H 1
| #define HAVE_STDLIB_H 1
| #define HAVE_STRING_H 1
| #define HAVE_ASPRINTF 1
| #define HAVE_FWPRINTF 1
| #define HAVE_NEWLOCALE 1
| #define HAVE_PUTENV 1
| #define HAVE_SETENV 1
| #define HAVE_SETLOCALE 1
| #define HAVE_SNPRINTF 1
| #define HAVE_STRNLEN 1
| #define HAVE_USELOCALE 1
| #define HAVE_WCSLEN 1
| #define HAVE_WCSNLEN 1
| #define HAVE_MBRTOWC 1
| #define HAVE_WCRTOMB 1
| #define HAVE_DECL__SNPRINTF 0
| #define HAVE_DECL__SNWPRINTF 0
| #define HAVE_DECL_GETC_UNLOCKED 1
| #define HAVE_LANGINFO_CODESET 1
| #define HAVE_LC_MESSAGES 1
| #define ENABLE_NLS 1
| #define HAVE_GETTEXT 1
| #define HAVE_DCGETTEXT 1
| #define HAVE_DIRENT_H 1
| #define MAJOR_IN_SYSMACROS 1
| #define HAVE_INTTYPES_H 1
| #define HAVE_UNISTD_H 1
| #define HAVE_STDLIB_H 1
| #define HAVE_STDARG_H 1
| #define HAVE_LIMITS_H 1
| #define HAVE_STRING_H 1
| #define HAVE_MEMORY_H 1
| #define HAVE_LOCALE_H 1
| #define HAVE_TERMCAP_H 1
| #define HAVE_TERMIO_H 1
| #define HAVE_TERMIOS_H 1
| #define HAVE_DLFCN_H 1
| #define HAVE_STDBOOL_H 1
| #define HAVE_STDDEF_H 1
| #define HAVE_STDINT_H 1
| #define HAVE_NETDB_H 1
| #define HAVE_PWD_H 1
| #define HAVE_GRP_H 1
| #define HAVE_STRINGS_H 1
| #define HAVE_REGEX_H 1
| #define HAVE_SYSLOG_H 1
| #define HAVE_ULIMIT_H 1
| #define HAVE_SYS_SELECT_H 1
| #define HAVE_SYS_FILE_H 1
| #define HAVE_SYS_IOCTL_H 1
| #define HAVE_SYS_MMAN_H 1
| #define HAVE_SYS_PARAM_H 1
| #define HAVE_SYS_RANDOM_H 1
| #define HAVE_SYS_SOCKET_H 1
| #define HAVE_SYS_STAT_H 1
| #define HAVE_SYS_TIME_H 1
| #define HAVE_SYS_TIMES_H 1
| #define HAVE_SYS_TYPES_H 1
| #define HAVE_SYS_WAIT_H 1
| #define HAVE_NETINET_IN_H 1
| #define HAVE_ARPA_INET_H 1
| #define HAVE_SYS_RESOURCE_H 1
| #define HAVE_ALLOCA_H 1
| #define HAVE_ALLOCA 1
| #define HAVE_CHOWN 1
| #define GETPGRP_VOID 1
| #define HAVE_STRCOLL 1
| #define HAVE_WAIT3 1
| #define HAVE_MKFIFO 1
| #define HAVE_DUP2 1
| #define HAVE_EACCESS 1
| #define HAVE_FCNTL 1
| #define HAVE_GETDTABLESIZE 1
| #define HAVE_GETENTROPY 1
| #define HAVE_GETGROUPS 1
| #define HAVE_GETHOSTNAME 1
| #define HAVE_GETPAGESIZE 1
| #define HAVE_GETPEERNAME 1
| #define HAVE_GETRANDOM 1
| #define HAVE_GETRLIMIT 1
| #define HAVE_GETRUSAGE 1
| #define HAVE_GETTIMEOFDAY 1
| #define HAVE_KILL 1
| #define HAVE_KILLPG 1
| #define HAVE_LSTAT 1
| #define HAVE_PSELECT 1
| #define HAVE_READLINK 1
| #define HAVE_SELECT 1
| #define HAVE_SETITIMER 1
| #define HAVE_TCGETPGRP 1
| #define HAVE_UNAME 1
| #define HAVE_ULIMIT 1
| #define HAVE_WAITPID 1
| #define HAVE_RENAME 1
| #define HAVE_BCOPY 1
| #define HAVE_BZERO 1
| #define HAVE_CONFSTR 1
| #define HAVE_FACCESSAT 1
| #define HAVE_FNMATCH 1
| #define HAVE_GETADDRINFO 1
| #define HAVE_GETHOSTBYNAME 1
| #define HAVE_GETSERVBYNAME 1
| #define HAVE_GETSERVENT 1
| #define HAVE_INET_ATON 1
| #define HAVE_IMAXDIV 1
| #define HAVE_MEMMOVE 1
| #define HAVE_PATHCONF 1
| #define HAVE_PUTENV 1
| #define HAVE_RAISE 1
| #define HAVE_RANDOM 1
| #define HAVE_REGCOMP 1
| #define HAVE_REGEXEC 1
| #define HAVE_SETENV 1
| #define HAVE_SETLINEBUF 1
| #define HAVE_SETLOCALE 1
| #define HAVE_SETVBUF 1
| #define HAVE_SIGINTERRUPT 1
| #define HAVE_STRCHR 1
| #define HAVE_SYSCONF 1
| #define HAVE_SYSLOG 1
| #define HAVE_TCGETATTR 1
| #define HAVE_TIMES 1
| #define HAVE_TTYNAME 1
| #define HAVE_TZSET 1
| #define HAVE_UNSETENV 1
| #define HAVE_VASPRINTF 1
| #define HAVE_ASPRINTF 1
| #define HAVE_ISASCII 1
| #define HAVE_ISBLANK 1
| #define HAVE_ISGRAPH 1
| #define HAVE_ISPRINT 1
| #define HAVE_ISSPACE 1
| #define HAVE_ISXDIGIT 1
| #define HAVE_GETPWENT 1
| #define HAVE_GETPWNAM 1
| #define HAVE_GETPWUID 1
| #define HAVE_MKSTEMP 1
| #define HAVE_MKDTEMP 1
| #define HAVE_ARC4RANDOM 1
| #define HAVE_GETCWD 1
| #define HAVE_MEMSET 1
| #define HAVE_STRCASECMP 1
| #define HAVE_STRCASESTR 1
| #define HAVE_STRERROR 1
| #define HAVE_STRFTIME 1
| #define HAVE_STRNLEN 1
| #define HAVE_STRPBRK 1
| #define HAVE_STRSTR 1
| #define HAVE_STRTOD 1
| #define HAVE_STRTOL 1
| #define HAVE_STRTOUL 1
| #define HAVE_STRTOLL 1
| #define HAVE_STRTOULL 1
| #define HAVE_STRTOUMAX 1
| #define HAVE_DPRINTF 1
| #define HAVE_STRCHRNUL 1
| #define HAVE_STRDUP 1
| #define HAVE_DECL_AUDIT_USER_TTY 1
| #define HAVE_DECL_CONFSTR 1
| #define HAVE_DECL_PRINTF 1
| #define HAVE_DECL_SBRK 1
| #define HAVE_DECL_SETREGID 1
| #define HAVE_DECL_STRCPY 1
| #define HAVE_DECL_STRSIGNAL 1
| #define HAVE_SETRESUID 1
| #define HAVE_SETRESGID 1
| #define HAVE_DECL_STRTOLD 1
| #define HAVE_DECL_STRTOL 1
| #define HAVE_DECL_STRTOLL 1
| #define HAVE_DECL_STRTOUL 1
| #define HAVE_DECL_STRTOULL 1
| #define HAVE_DECL_STRTOUMAX 1
| #define HAVE_ARGZ_H 1
| #define HAVE_ERRNO_H 1
| #define HAVE_FCNTL_H 1
| #define HAVE_MALLOC_H 1
| #define HAVE_STDIO_EXT_H 1
| #define HAVE_MMAP 1
| #define HAVE___ARGZ_COUNT 1
| #define HAVE___ARGZ_NEXT 1
| #define HAVE___ARGZ_STRINGIFY 1
| #define HAVE_DCGETTEXT 1
| #define HAVE_MEMPCPY 1
| #define HAVE_MUNMAP 1
| #define HAVE_MREMAP 1
| #define HAVE_STPCPY 1
| #define HAVE_STRCSPN 1
| #define HAVE_WCTYPE_H 1
| #define HAVE_WCHAR_H 1
| #define HAVE_LANGINFO_H 1
| #define HAVE_MBRLEN 1
| #define HAVE_MBSNRTOWCS 1
| #define HAVE_MBSRTOWCS 1
| #define HAVE_WCRTOMB 1
| #define HAVE_WCSCOLL 1
| #define HAVE_WCSDUP 1
| #define HAVE_WCWIDTH 1
| #define HAVE_WCTYPE 1
| #define HAVE_WCSWIDTH 1
| #define HAVE_MBRTOWC 1
| #define HAVE_MBSTATE_T 1
| #define HAVE_ISWLOWER 1
| #define HAVE_ISWUPPER 1
| #define HAVE_TOWLOWER 1
| #define HAVE_TOWUPPER 1
| #define HAVE_ISWCTYPE 1
| #define HAVE_WCHAR_T 1
| #define HAVE_WCTYPE_T 1
| #define HAVE_WINT_T 1
| /* end confdefs.h.  */
| /* Define locale_charset to an innocuous variant, in case <limits.h> declares locale_charset.
|    For example, HP-UX 11i <limits.h> declares gettimeofday.  */
| #define locale_charset innocuous_locale_charset
| 
| /* System header to define __stub macros and hopefully few prototypes,
|    which can conflict with char locale_charset (); below.  */
| 
| #include <limits.h>
| #undef locale_charset
| 
| /* Override any GCC internal prototype to avoid an error.
|    Use char because int might match the return type of a GCC
|    builtin and then its argument prototype would still apply.  */
| #ifdef __cplusplus
| extern "C"
| #endif
| char locale_charset ();
| /* The GNU C library defines this for functions which it implements
|     to always fail with ENOSYS.  Some functions are actually named
|     something starting with __ and the normal name is an alias.  */
| #if defined __stub_locale_charset || defined __stub___locale_charset
| choke me
| #endif
| 
| int
| main (void)
| {
| return locale_charset ();
|   ;
|   return 0;
| }
configure:16632: result: no
configure:16646: checking size of wchar_t
configure:16652: /usr/bin/clang -o conftest -g -O2   conftest.c  >&5
configure:16652: $? = 0
configure:16652: ./conftest
configure:16652: $? = 0
configure:16667: result: 4
configure:16679: checking for dlopen in -ldl
configure:16702: /usr/bin/clang -o conftest -g -O2   conftest.c -ldl   >&5
configure:16702: $? = 0
configure:16712: result: yes
configure:16722: checking for dlopen
configure:16722: /usr/bin/clang -o conftest -g -O2   conftest.c -ldl  >&5
configure:16722: $? = 0
configure:16722: result: yes
configure:16728: checking for dlclose
configure:16728: /usr/bin/clang -o conftest -g -O2   conftest.c -ldl  >&5
configure:16728: $? = 0
configure:16728: result: yes
configure:16734: checking for dlsym
configure:16734: /usr/bin/clang -o conftest -g -O2   conftest.c -ldl  >&5
configure:16734: $? = 0
configure:16734: result: yes
configure:17025: checking type of array argument to getgroups
configure:17061: /usr/bin/clang -o conftest -g -O2   conftest.c -ldl  >&5
configure:17061: $? = 0
configure:17061: ./conftest
configure:17061: $? = 0
configure:17088: result: gid_t
configure:17094: checking for off_t
configure:17094: /usr/bin/clang -c -g -O2  conftest.c >&5
configure:17094: $? = 0
configure:17094: /usr/bin/clang -c -g -O2  conftest.c >&5
conftest.c:381:20: error: expected expression
  381 | if (sizeof ((off_t)))
      |                    ^
1 error generated.
configure:17094: $? = 1
configure: failed program was:
| /* confdefs.h */
| #define PACKAGE_NAME "bash"
| #define PACKAGE_TARNAME "bash"
| #define PACKAGE_VERSION "5.2-release"
| #define PACKAGE_STRING "bash 5.2-release"
| #define PACKAGE_BUGREPORT "bug-bash@gnu.org"
| #define PACKAGE_URL ""
| #define USING_BASH_MALLOC 1
| #define ALIAS 1
| #define PUSHD_AND_POPD 1
| #define RESTRICTED_SHELL 1
| #define PROCESS_SUBSTITUTION 1
| #define PROMPT_STRING_DECODE 1
| #define SELECT_COMMAND 1
| #define HELP_BUILTIN 1
| #define ARRAY_VARS 1
| #define DPAREN_ARITHMETIC 1
| #define BRACE_EXPANSION 1
| #define COMMAND_TIMING 1
| #define EXTENDED_GLOB 1
| #define EXTGLOB_DEFAULT 0
| #define COND_COMMAND 1
| #define COND_REGEXP 1
| #define COPROCESS_SUPPORT 1
| #define ARITH_FOR_COMMAND 1
| #define NETWORK_REDIRECTIONS 1
| #define PROGRAMMABLE_COMPLETION 1
| #define DEBUGGER 1
| #define CASEMOD_ATTRS 1
| #define CASEMOD_EXPANSIONS 1
| #define GLOBASCII_DEFAULT 1
| #define FUNCTION_IMPORT 1
| #define TRANSLATABLE_STRINGS 1
| #define MEMSCRAMBLE 1
| #define HAVE_STDIO_H 1
| #define HAVE_STDLIB_H 1
| #define HAVE_STRING_H 1
| #define HAVE_INTTYPES_H 1
| #define HAVE_STDINT_H 1
| #define HAVE_STRINGS_H 1
| #define HAVE_SYS_STAT_H 1
| #define HAVE_SYS_TYPES_H 1
| #define HAVE_UNISTD_H 1
| #define HAVE_WCHAR_H 1
| #define HAVE_SYS_PARAM_H 1
| #define HAVE_SYS_TIME_H 1
| #define STDC_HEADERS 1
| #define _ALL_SOURCE 1
| #define _DARWIN_C_SOURCE 1
| #define _GNU_SOURCE 1
| #define _HPUX_ALT_XOPEN_SOCKET_API 1
| #define _NETBSD_SOURCE 1
| #define _OPENBSD_SOURCE 1
| #define _POSIX_PTHREAD_SEMANTICS 1
| #define __STDC_WANT_IEC_60559_ATTRIBS_EXT__ 1
| #define __STDC_WANT_IEC_60559_BFP_EXT__ 1
| #define __STDC_WANT_IEC_60559_DFP_EXT__ 1
| #define __STDC_WANT_IEC_60559_FUNCS_EXT__ 1
| #define __STDC_WANT_IEC_60559_TYPES_EXT__ 1
| #define __STDC_WANT_LIB_EXT2__ 1
| #define __STDC_WANT_MATH_SPEC_FUNCS__ 1
| #define _TANDEM_SOURCE 1
| #define __EXTENSIONS__ 1
| #define READLINE 1
| #define HISTORY 1
| #define BANG_HISTORY 1
| #define HAVE_STRINGIZE 1
| #define HAVE_LONG_DOUBLE 1
| #define PROTOTYPES 1
| #define __PROTOTYPES 1
| #define restrict __restrict__
| #define HAVE_VISIBILITY 1
| #define HAVE_STDINT_H_WITH_UINTMAX 1
| #define HAVE_ALLOCA_H 1
| #define HAVE_ALLOCA 1
| #define HAVE_GETPAGESIZE 1
| #define HAVE_SYMLINK 1
| #define HAVE_USELOCALE 1
| #define HAVE_VPRINTF 1
| #define HAVE_ALARM 1
| #define HAVE___FPURGE 1
| #define HAVE_SNPRINTF 1
| #define HAVE_VSNPRINTF 1
| #define HAVE_MMAP 1
| #define INTDIV0_RAISES_SIGFPE 1
| #define HAVE_INTTYPES_H_WITH_UINTMAX 1
| #define HAVE_UNSIGNED_LONG_LONG_INT 1
| #define HAVE_UINTMAX_T 1
| #define HAVE_INTTYPES_H 1
| #define USE_POSIX_THREADS 1
| #define USE_POSIX_THREADS_WEAK 1
| #define HAVE_PTHREAD_RWLOCK 1
| #define HAVE_PTHREAD_MUTEX_RECURSIVE 1
| #define HAVE_ICONV 1
| #define ICONV_CONST 
| #define HAVE_BUILTIN_EXPECT 1
| #define HAVE_ARGZ_H 1
| #define HAVE_INTTYPES_H 1
| #define HAVE_LIMITS_H 1
| #define HAVE_UNISTD_H 1
| #define HAVE_SYS_PARAM_H 1
| #define HAVE_GETCWD 1
| #define HAVE_GETEGID 1
| #define HAVE_GETEUID 1
| #define HAVE_GETGID 1
| #define HAVE_GETUID 1
| #define HAVE_MEMPCPY 1
| #define HAVE_MUNMAP 1
| #define HAVE_STPCPY 1
| #define HAVE_STRCASECMP 1
| #define HAVE_STRDUP 1
| #define HAVE_STRTOUL 1
| #define HAVE_TSEARCH 1
| #define HAVE_ARGZ_COUNT 1
| #define HAVE_ARGZ_STRINGIFY 1
| #define HAVE_ARGZ_NEXT 1
| #define HAVE___FSETLOCKING 1
| #define HAVE_LOCALECONV 1
| #define HAVE_DECL_FEOF_UNLOCKED 1
| #define HAVE_DECL_FGETS_UNLOCKED 1
| #define HAVE_LONG_LONG_INT 1
| #define HAVE_WCHAR_T 1
| #define HAVE_WINT_T 1
| #define HAVE_INTMAX_T 1
| #define HAVE_POSIX_PRINTF 1
| #define HAVE_STDINT_H 1
| #define HAVE_STDINT_H 1
| #define HAVE_WORKING_O_NOATIME 1
| #define HAVE_WORKING_O_NOFOLLOW 1
| #define HAVE_WORKING_USELOCALE 1
| #define FLEXIBLE_ARRAY_MEMBER /**/
| #define HAVE_FEATURES_H 1
| #define HAVE_STDDEF_H 1
| #define HAVE_STDLIB_H 1
| #define HAVE_STRING_H 1
| #define HAVE_ASPRINTF 1
| #define HAVE_FWPRINTF 1
| #define HAVE_NEWLOCALE 1
| #define HAVE_PUTENV 1
| #define HAVE_SETENV 1
| #define HAVE_SETLOCALE 1
| #define HAVE_SNPRINTF 1
| #define HAVE_STRNLEN 1
| #define HAVE_USELOCALE 1
| #define HAVE_WCSLEN 1
| #define HAVE_WCSNLEN 1
| #define HAVE_MBRTOWC 1
| #define HAVE_WCRTOMB 1
| #define HAVE_DECL__SNPRINTF 0
| #define HAVE_DECL__SNWPRINTF 0
| #define HAVE_DECL_GETC_UNLOCKED 1
| #define HAVE_LANGINFO_CODESET 1
| #define HAVE_LC_MESSAGES 1
| #define ENABLE_NLS 1
| #define HAVE_GETTEXT 1
| #define HAVE_DCGETTEXT 1
| #define HAVE_DIRENT_H 1
| #define MAJOR_IN_SYSMACROS 1
| #define HAVE_INTTYPES_H 1
| #define HAVE_UNISTD_H 1
| #define HAVE_STDLIB_H 1
| #define HAVE_STDARG_H 1
| #define HAVE_LIMITS_H 1
| #define HAVE_STRING_H 1
| #define HAVE_MEMORY_H 1
| #define HAVE_LOCALE_H 1
| #define HAVE_TERMCAP_H 1
| #define HAVE_TERMIO_H 1
| #define HAVE_TERMIOS_H 1
| #define HAVE_DLFCN_H 1
| #define HAVE_STDBOOL_H 1
| #define HAVE_STDDEF_H 1
| #define HAVE_STDINT_H 1
| #define HAVE_NETDB_H 1
| #define HAVE_PWD_H 1
| #define HAVE_GRP_H 1
| #define HAVE_STRINGS_H 1
| #define HAVE_REGEX_H 1
| #define HAVE_SYSLOG_H 1
| #define HAVE_ULIMIT_H 1
| #define HAVE_SYS_SELECT_H 1
| #define HAVE_SYS_FILE_H 1
| #define HAVE_SYS_IOCTL_H 1
| #define HAVE_SYS_MMAN_H 1
| #define HAVE_SYS_PARAM_H 1
| #define HAVE_SYS_RANDOM_H 1
| #define HAVE_SYS_SOCKET_H 1
| #define HAVE_SYS_STAT_H 1
| #define HAVE_SYS_TIME_H 1
| #define HAVE_SYS_TIMES_H 1
| #define HAVE_SYS_TYPES_H 1
| #define HAVE_SYS_WAIT_H 1
| #define HAVE_NETINET_IN_H 1
| #define HAVE_ARPA_INET_H 1
| #define HAVE_SYS_RESOURCE_H 1
| #define HAVE_ALLOCA_H 1
| #define HAVE_ALLOCA 1
| #define HAVE_CHOWN 1
| #define GETPGRP_VOID 1
| #define HAVE_STRCOLL 1
| #define HAVE_WAIT3 1
| #define HAVE_MKFIFO 1
| #define HAVE_DUP2 1
| #define HAVE_EACCESS 1
| #define HAVE_FCNTL 1
| #define HAVE_GETDTABLESIZE 1
| #define HAVE_GETENTROPY 1
| #define HAVE_GETGROUPS 1
| #define HAVE_GETHOSTNAME 1
| #define HAVE_GETPAGESIZE 1
| #define HAVE_GETPEERNAME 1
| #define HAVE_GETRANDOM 1
| #define HAVE_GETRLIMIT 1
| #define HAVE_GETRUSAGE 1
| #define HAVE_GETTIMEOFDAY 1
| #define HAVE_KILL 1
| #define HAVE_KILLPG 1
| #define HAVE_LSTAT 1
| #define HAVE_PSELECT 1
| #define HAVE_READLINK 1
| #define HAVE_SELECT 1
| #define HAVE_SETITIMER 1
| #define HAVE_TCGETPGRP 1
| #define HAVE_UNAME 1
| #define HAVE_ULIMIT 1
| #define HAVE_WAITPID 1
| #define HAVE_RENAME 1
| #define HAVE_BCOPY 1
| #define HAVE_BZERO 1
| #define HAVE_CONFSTR 1
| #define HAVE_FACCESSAT 1
| #define HAVE_FNMATCH 1
| #define HAVE_GETADDRINFO 1
| #define HAVE_GETHOSTBYNAME 1
| #define HAVE_GETSERVBYNAME 1
| #define HAVE_GETSERVENT 1
| #define HAVE_INET_ATON 1
| #define HAVE_IMAXDIV 1
| #define HAVE_MEMMOVE 1
| #define HAVE_PATHCONF 1
| #define HAVE_PUTENV 1
| #define HAVE_RAISE 1
| #define HAVE_RANDOM 1
| #define HAVE_REGCOMP 1
| #define HAVE_REGEXEC 1
| #define HAVE_SETENV 1
| #define HAVE_SETLINEBUF 1
| #define HAVE_SETLOCALE 1
| #define HAVE_SETVBUF 1
| #define HAVE_SIGINTERRUPT 1
| #define HAVE_STRCHR 1
| #define HAVE_SYSCONF 1
| #define HAVE_SYSLOG 1
| #define HAVE_TCGETATTR 1
| #define HAVE_TIMES 1
| #define HAVE_TTYNAME 1
| #define HAVE_TZSET 1
| #define HAVE_UNSETENV 1
| #define HAVE_VASPRINTF 1
| #define HAVE_ASPRINTF 1
| #define HAVE_ISASCII 1
| #define HAVE_ISBLANK 1
| #define HAVE_ISGRAPH 1
| #define HAVE_ISPRINT 1
| #define HAVE_ISSPACE 1
| #define HAVE_ISXDIGIT 1
| #define HAVE_GETPWENT 1
| #define HAVE_GETPWNAM 1
| #define HAVE_GETPWUID 1
| #define HAVE_MKSTEMP 1
| #define HAVE_MKDTEMP 1
| #define HAVE_ARC4RANDOM 1
| #define HAVE_GETCWD 1
| #define HAVE_MEMSET 1
| #define HAVE_STRCASECMP 1
| #define HAVE_STRCASESTR 1
| #define HAVE_STRERROR 1
| #define HAVE_STRFTIME 1
| #define HAVE_STRNLEN 1
| #define HAVE_STRPBRK 1
| #define HAVE_STRSTR 1
| #define HAVE_STRTOD 1
| #define HAVE_STRTOL 1
| #define HAVE_STRTOUL 1
| #define HAVE_STRTOLL 1
| #define HAVE_STRTOULL 1
| #define HAVE_STRTOUMAX 1
| #define HAVE_DPRINTF 1
| #define HAVE_STRCHRNUL 1
| #define HAVE_STRDUP 1
| #define HAVE_DECL_AUDIT_USER_TTY 1
| #define HAVE_DECL_CONFSTR 1
| #define HAVE_DECL_PRINTF 1
| #define HAVE_DECL_SBRK 1
| #define HAVE_DECL_SETREGID 1
| #define HAVE_DECL_STRCPY 1
| #define HAVE_DECL_STRSIGNAL 1
| #define HAVE_SETRESUID 1
| #define HAVE_SETRESGID 1
| #define HAVE_DECL_STRTOLD 1
| #define HAVE_DECL_STRTOL 1
| #define HAVE_DECL_STRTOLL 1
| #define HAVE_DECL_STRTOUL 1
| #define HAVE_DECL_STRTOULL 1
| #define HAVE_DECL_STRTOUMAX 1
| #define HAVE_ARGZ_H 1
| #define HAVE_ERRNO_H 1
| #define HAVE_FCNTL_H 1
| #define HAVE_MALLOC_H 1
| #define HAVE_STDIO_EXT_H 1
| #define HAVE_MMAP 1
| #define HAVE___ARGZ_COUNT 1
| #define HAVE___ARGZ_NEXT 1
| #define HAVE___ARGZ_STRINGIFY 1
| #define HAVE_DCGETTEXT 1
| #define HAVE_MEMPCPY 1
| #define HAVE_MUNMAP 1
| #define HAVE_MREMAP 1
| #define HAVE_STPCPY 1
| #define HAVE_STRCSPN 1
| #define HAVE_WCTYPE_H 1
| #define HAVE_WCHAR_H 1
| #define HAVE_LANGINFO_H 1
| #define HAVE_MBRLEN 1
| #define HAVE_MBSNRTOWCS 1
| #define HAVE_MBSRTOWCS 1
| #define HAVE_WCRTOMB 1
| #define HAVE_WCSCOLL 1
| #define HAVE_WCSDUP 1
| #define HAVE_WCWIDTH 1
| #define HAVE_WCTYPE 1
| #define HAVE_WCSWIDTH 1
| #define HAVE_MBRTOWC 1
| #define HAVE_MBSTATE_T 1
| #define HAVE_ISWLOWER 1
| #define HAVE_ISWUPPER 1
| #define HAVE_TOWLOWER 1
| #define HAVE_TOWUPPER 1
| #define HAVE_ISWCTYPE 1
| #define HAVE_WCHAR_T 1
| #define HAVE_WCTYPE_T 1
| #define HAVE_WINT_T 1
| #define SIZEOF_WCHAR_T 4
| #define HAVE_LIBDL 1
| #define HAVE_DLOPEN 1
| #define HAVE_DLCLOSE 1
| #define HAVE_DLSYM 1
| #define GETGROUPS_T gid_t
| /* end confdefs.h.  */
| #include <stddef.h>
| #ifdef HAVE_STDIO_H
| # include <stdio.h>
| #endif
| #ifdef HAVE_STDLIB_H
| # include <stdlib.h>
| #endif
| #ifdef HAVE_STRING_H
| # include <string.h>
| #endif
| #ifdef HAVE_INTTYPES_H
| # include <inttypes.h>
| #endif
| #ifdef HAVE_STDINT_H
| # include <stdint.h>
| #endif
| #ifdef HAVE_STRINGS_H
| # include <strings.h>
| #endif
| #ifdef HAVE_SYS_TYPES_H
| # include <sys/types.h>
| #endif
| #ifdef HAVE_SYS_STAT_H
| # include <sys/stat.h>
| #endif
| #ifdef HAVE_UNISTD_H
| # include <unistd.h>
| #endif
| int
| main (void)
| {
| if (sizeof ((off_t)))
| 	    return 0;
|   ;
|   return 0;
| }
configure:17094: result: yes
configure:17104: checking for mode_t
configure:17104: /usr/bin/clang -c -g -O2  conftest.c >&5
configure:17104: $? = 0
configure:17104: /usr/bin/clang -c -g -O2  conftest.c >&5
conftest.c:381:21: error: expected expression
  381 | if (sizeof ((mode_t)))
      |                     ^
1 error generated.
configure:17104: $? = 1
configure: failed program was:
| /* confdefs.h */
| #define PACKAGE_NAME "bash"
| #define PACKAGE_TARNAME "bash"
| #define PACKAGE_VERSION "5.2-release"
| #define PACKAGE_STRING "bash 5.2-release"
| #define PACKAGE_BUGREPORT "bug-bash@gnu.org"
| #define PACKAGE_URL ""
| #define USING_BASH_MALLOC 1
| #define ALIAS 1
| #define PUSHD_AND_POPD 1
| #define RESTRICTED_SHELL 1
| #define PROCESS_SUBSTITUTION 1
| #define PROMPT_STRING_DECODE 1
| #define SELECT_COMMAND 1
| #define HELP_BUILTIN 1
| #define ARRAY_VARS 1
| #define DPAREN_ARITHMETIC 1
| #define BRACE_EXPANSION 1
| #define COMMAND_TIMING 1
| #define EXTENDED_GLOB 1
| #define EXTGLOB_DEFAULT 0
| #define COND_COMMAND 1
| #define COND_REGEXP 1
| #define COPROCESS_SUPPORT 1
| #define ARITH_FOR_COMMAND 1
| #define NETWORK_REDIRECTIONS 1
| #define PROGRAMMABLE_COMPLETION 1
| #define DEBUGGER 1
| #define CASEMOD_ATTRS 1
| #define CASEMOD_EXPANSIONS 1
| #define GLOBASCII_DEFAULT 1
| #define FUNCTION_IMPORT 1
| #define TRANSLATABLE_STRINGS 1
| #define MEMSCRAMBLE 1
| #define HAVE_STDIO_H 1
| #define HAVE_STDLIB_H 1
| #define HAVE_STRING_H 1
| #define HAVE_INTTYPES_H 1
| #define HAVE_STDINT_H 1
| #define HAVE_STRINGS_H 1
| #define HAVE_SYS_STAT_H 1
| #define HAVE_SYS_TYPES_H 1
| #define HAVE_UNISTD_H 1
| #define HAVE_WCHAR_H 1
| #define HAVE_SYS_PARAM_H 1
| #define HAVE_SYS_TIME_H 1
| #define STDC_HEADERS 1
| #define _ALL_SOURCE 1
| #define _DARWIN_C_SOURCE 1
| #define _GNU_SOURCE 1
| #define _HPUX_ALT_XOPEN_SOCKET_API 1
| #define _NETBSD_SOURCE 1
| #define _OPENBSD_SOURCE 1
| #define _POSIX_PTHREAD_SEMANTICS 1
| #define __STDC_WANT_IEC_60559_ATTRIBS_EXT__ 1
| #define __STDC_WANT_IEC_60559_BFP_EXT__ 1
| #define __STDC_WANT_IEC_60559_DFP_EXT__ 1
| #define __STDC_WANT_IEC_60559_FUNCS_EXT__ 1
| #define __STDC_WANT_IEC_60559_TYPES_EXT__ 1
| #define __STDC_WANT_LIB_EXT2__ 1
| #define __STDC_WANT_MATH_SPEC_FUNCS__ 1
| #define _TANDEM_SOURCE 1
| #define __EXTENSIONS__ 1
| #define READLINE 1
| #define HISTORY 1
| #define BANG_HISTORY 1
| #define HAVE_STRINGIZE 1
| #define HAVE_LONG_DOUBLE 1
| #define PROTOTYPES 1
| #define __PROTOTYPES 1
| #define restrict __restrict__
| #define HAVE_VISIBILITY 1
| #define HAVE_STDINT_H_WITH_UINTMAX 1
| #define HAVE_ALLOCA_H 1
| #define HAVE_ALLOCA 1
| #define HAVE_GETPAGESIZE 1
| #define HAVE_SYMLINK 1
| #define HAVE_USELOCALE 1
| #define HAVE_VPRINTF 1
| #define HAVE_ALARM 1
| #define HAVE___FPURGE 1
| #define HAVE_SNPRINTF 1
| #define HAVE_VSNPRINTF 1
| #define HAVE_MMAP 1
| #define INTDIV0_RAISES_SIGFPE 1
| #define HAVE_INTTYPES_H_WITH_UINTMAX 1
| #define HAVE_UNSIGNED_LONG_LONG_INT 1
| #define HAVE_UINTMAX_T 1
| #define HAVE_INTTYPES_H 1
| #define USE_POSIX_THREADS 1
| #define USE_POSIX_THREADS_WEAK 1
| #define HAVE_PTHREAD_RWLOCK 1
| #define HAVE_PTHREAD_MUTEX_RECURSIVE 1
| #define HAVE_ICONV 1
| #define ICONV_CONST 
| #define HAVE_BUILTIN_EXPECT 1
| #define HAVE_ARGZ_H 1
| #define HAVE_INTTYPES_H 1
| #define HAVE_LIMITS_H 1
| #define HAVE_UNISTD_H 1
| #define HAVE_SYS_PARAM_H 1
| #define HAVE_GETCWD 1
| #define HAVE_GETEGID 1
| #define HAVE_GETEUID 1
| #define HAVE_GETGID 1
| #define HAVE_GETUID 1
| #define HAVE_MEMPCPY 1
| #define HAVE_MUNMAP 1
| #define HAVE_STPCPY 1
| #define HAVE_STRCASECMP 1
| #define HAVE_STRDUP 1
| #define HAVE_STRTOUL 1
| #define HAVE_TSEARCH 1
| #define HAVE_ARGZ_COUNT 1
| #define HAVE_ARGZ_STRINGIFY 1
| #define HAVE_ARGZ_NEXT 1
| #define HAVE___FSETLOCKING 1
| #define HAVE_LOCALECONV 1
| #define HAVE_DECL_FEOF_UNLOCKED 1
| #define HAVE_DECL_FGETS_UNLOCKED 1
| #define HAVE_LONG_LONG_INT 1
| #define HAVE_WCHAR_T 1
| #define HAVE_WINT_T 1
| #define HAVE_INTMAX_T 1
| #define HAVE_POSIX_PRINTF 1
| #define HAVE_STDINT_H 1
| #define HAVE_STDINT_H 1
| #define HAVE_WORKING_O_NOATIME 1
| #define HAVE_WORKING_O_NOFOLLOW 1
| #define HAVE_WORKING_USELOCALE 1
| #define FLEXIBLE_ARRAY_MEMBER /**/
| #define HAVE_FEATURES_H 1
| #define HAVE_STDDEF_H 1
| #define HAVE_STDLIB_H 1
| #define HAVE_STRING_H 1
| #define HAVE_ASPRINTF 1
| #define HAVE_FWPRINTF 1
| #define HAVE_NEWLOCALE 1
| #define HAVE_PUTENV 1
| #define HAVE_SETENV 1
| #define HAVE_SETLOCALE 1
| #define HAVE_SNPRINTF 1
| #define HAVE_STRNLEN 1
| #define HAVE_USELOCALE 1
| #define HAVE_WCSLEN 1
| #define HAVE_WCSNLEN 1
| #define HAVE_MBRTOWC 1
| #define HAVE_WCRTOMB 1
| #define HAVE_DECL__SNPRINTF 0
| #define HAVE_DECL__SNWPRINTF 0
| #define HAVE_DECL_GETC_UNLOCKED 1
| #define HAVE_LANGINFO_CODESET 1
| #define HAVE_LC_MESSAGES 1
| #define ENABLE_NLS 1
| #define HAVE_GETTEXT 1
| #define HAVE_DCGETTEXT 1
| #define HAVE_DIRENT_H 1
| #define MAJOR_IN_SYSMACROS 1
| #define HAVE_INTTYPES_H 1
| #define HAVE_UNISTD_H 1
| #define HAVE_STDLIB_H 1
| #define HAVE_STDARG_H 1
| #define HAVE_LIMITS_H 1
| #define HAVE_STRING_H 1
| #define HAVE_MEMORY_H 1
| #define HAVE_LOCALE_H 1
| #define HAVE_TERMCAP_H 1
| #define HAVE_TERMIO_H 1
| #define HAVE_TERMIOS_H 1
| #define HAVE_DLFCN_H 1
| #define HAVE_STDBOOL_H 1
| #define HAVE_STDDEF_H 1
| #define HAVE_STDINT_H 1
| #define HAVE_NETDB_H 1
| #define HAVE_PWD_H 1
| #define HAVE_GRP_H 1
| #define HAVE_STRINGS_H 1
| #define HAVE_REGEX_H 1
| #define HAVE_SYSLOG_H 1
| #define HAVE_ULIMIT_H 1
| #define HAVE_SYS_SELECT_H 1
| #define HAVE_SYS_FILE_H 1
| #define HAVE_SYS_IOCTL_H 1
| #define HAVE_SYS_MMAN_H 1
| #define HAVE_SYS_PARAM_H 1
| #define HAVE_SYS_RANDOM_H 1
| #define HAVE_SYS_SOCKET_H 1
| #define HAVE_SYS_STAT_H 1
| #define HAVE_SYS_TIME_H 1
| #define HAVE_SYS_TIMES_H 1
| #define HAVE_SYS_TYPES_H 1
| #define HAVE_SYS_WAIT_H 1
| #define HAVE_NETINET_IN_H 1
| #define HAVE_ARPA_INET_H 1
| #define HAVE_SYS_RESOURCE_H 1
| #define HAVE_ALLOCA_H 1
| #define HAVE_ALLOCA 1
| #define HAVE_CHOWN 1
| #define GETPGRP_VOID 1
| #define HAVE_STRCOLL 1
| #define HAVE_WAIT3 1
| #define HAVE_MKFIFO 1
| #define HAVE_DUP2 1
| #define HAVE_EACCESS 1
| #define HAVE_FCNTL 1
| #define HAVE_GETDTABLESIZE 1
| #define HAVE_GETENTROPY 1
| #define HAVE_GETGROUPS 1
| #define HAVE_GETHOSTNAME 1
| #define HAVE_GETPAGESIZE 1
| #define HAVE_GETPEERNAME 1
| #define HAVE_GETRANDOM 1
| #define HAVE_GETRLIMIT 1
| #define HAVE_GETRUSAGE 1
| #define HAVE_GETTIMEOFDAY 1
| #define HAVE_KILL 1
| #define HAVE_KILLPG 1
| #define HAVE_LSTAT 1
| #define HAVE_PSELECT 1
| #define HAVE_READLINK 1
| #define HAVE_SELECT 1
| #define HAVE_SETITIMER 1
| #define HAVE_TCGETPGRP 1
| #define HAVE_UNAME 1
| #define HAVE_ULIMIT 1
| #define HAVE_WAITPID 1
| #define HAVE_RENAME 1
| #define HAVE_BCOPY 1
| #define HAVE_BZERO 1
| #define HAVE_CONFSTR 1
| #define HAVE_FACCESSAT 1
| #define HAVE_FNMATCH 1
| #define HAVE_GETADDRINFO 1
| #define HAVE_GETHOSTBYNAME 1
| #define HAVE_GETSERVBYNAME 1
| #define HAVE_GETSERVENT 1
| #define HAVE_INET_ATON 1
| #define HAVE_IMAXDIV 1
| #define HAVE_MEMMOVE 1
| #define HAVE_PATHCONF 1
| #define HAVE_PUTENV 1
| #define HAVE_RAISE 1
| #define HAVE_RANDOM 1
| #define HAVE_REGCOMP 1
| #define HAVE_REGEXEC 1
| #define HAVE_SETENV 1
| #define HAVE_SETLINEBUF 1
| #define HAVE_SETLOCALE 1
| #define HAVE_SETVBUF 1
| #define HAVE_SIGINTERRUPT 1
| #define HAVE_STRCHR 1
| #define HAVE_SYSCONF 1
| #define HAVE_SYSLOG 1
| #define HAVE_TCGETATTR 1
| #define HAVE_TIMES 1
| #define HAVE_TTYNAME 1
| #define HAVE_TZSET 1
| #define HAVE_UNSETENV 1
| #define HAVE_VASPRINTF 1
| #define HAVE_ASPRINTF 1
| #define HAVE_ISASCII 1
| #define HAVE_ISBLANK 1
| #define HAVE_ISGRAPH 1
| #define HAVE_ISPRINT 1
| #define HAVE_ISSPACE 1
| #define HAVE_ISXDIGIT 1
| #define HAVE_GETPWENT 1
| #define HAVE_GETPWNAM 1
| #define HAVE_GETPWUID 1
| #define HAVE_MKSTEMP 1
| #define HAVE_MKDTEMP 1
| #define HAVE_ARC4RANDOM 1
| #define HAVE_GETCWD 1
| #define HAVE_MEMSET 1
| #define HAVE_STRCASECMP 1
| #define HAVE_STRCASESTR 1
| #define HAVE_STRERROR 1
| #define HAVE_STRFTIME 1
| #define HAVE_STRNLEN 1
| #define HAVE_STRPBRK 1
| #define HAVE_STRSTR 1
| #define HAVE_STRTOD 1
| #define HAVE_STRTOL 1
| #define HAVE_STRTOUL 1
| #define HAVE_STRTOLL 1
| #define HAVE_STRTOULL 1
| #define HAVE_STRTOUMAX 1
| #define HAVE_DPRINTF 1
| #define HAVE_STRCHRNUL 1
| #define HAVE_STRDUP 1
| #define HAVE_DECL_AUDIT_USER_TTY 1
| #define HAVE_DECL_CONFSTR 1
| #define HAVE_DECL_PRINTF 1
| #define HAVE_DECL_SBRK 1
| #define HAVE_DECL_SETREGID 1
| #define HAVE_DECL_STRCPY 1
| #define HAVE_DECL_STRSIGNAL 1
| #define HAVE_SETRESUID 1
| #define HAVE_SETRESGID 1
| #define HAVE_DECL_STRTOLD 1
| #define HAVE_DECL_STRTOL 1
| #define HAVE_DECL_STRTOLL 1
| #define HAVE_DECL_STRTOUL 1
| #define HAVE_DECL_STRTOULL 1
| #define HAVE_DECL_STRTOUMAX 1
| #define HAVE_ARGZ_H 1
| #define HAVE_ERRNO_H 1
| #define HAVE_FCNTL_H 1
| #define HAVE_MALLOC_H 1
| #define HAVE_STDIO_EXT_H 1
| #define HAVE_MMAP 1
| #define HAVE___ARGZ_COUNT 1
| #define HAVE___ARGZ_NEXT 1
| #define HAVE___ARGZ_STRINGIFY 1
| #define HAVE_DCGETTEXT 1
| #define HAVE_MEMPCPY 1
| #define HAVE_MUNMAP 1
| #define HAVE_MREMAP 1
| #define HAVE_STPCPY 1
| #define HAVE_STRCSPN 1
| #define HAVE_WCTYPE_H 1
| #define HAVE_WCHAR_H 1
| #define HAVE_LANGINFO_H 1
| #define HAVE_MBRLEN 1
| #define HAVE_MBSNRTOWCS 1
| #define HAVE_MBSRTOWCS 1
| #define HAVE_WCRTOMB 1
| #define HAVE_WCSCOLL 1
| #define HAVE_WCSDUP 1
| #define HAVE_WCWIDTH 1
| #define HAVE_WCTYPE 1
| #define HAVE_WCSWIDTH 1
| #define HAVE_MBRTOWC 1
| #define HAVE_MBSTATE_T 1
| #define HAVE_ISWLOWER 1
| #define HAVE_ISWUPPER 1
| #define HAVE_TOWLOWER 1
| #define HAVE_TOWUPPER 1
| #define HAVE_ISWCTYPE 1
| #define HAVE_WCHAR_T 1
| #define HAVE_WCTYPE_T 1
| #define HAVE_WINT_T 1
| #define SIZEOF_WCHAR_T 4
| #define HAVE_LIBDL 1
| #define HAVE_DLOPEN 1
| #define HAVE_DLCLOSE 1
| #define HAVE_DLSYM 1
| #define GETGROUPS_T gid_t
| /* end confdefs.h.  */
| #include <stddef.h>
| #ifdef HAVE_STDIO_H
| # include <stdio.h>
| #endif
| #ifdef HAVE_STDLIB_H
| # include <stdlib.h>
| #endif
| #ifdef HAVE_STRING_H
| # include <string.h>
| #endif
| #ifdef HAVE_INTTYPES_H
| # include <inttypes.h>
| #endif
| #ifdef HAVE_STDINT_H
| # include <stdint.h>
| #endif
| #ifdef HAVE_STRINGS_H
| # include <strings.h>
| #endif
| #ifdef HAVE_SYS_TYPES_H
| # include <sys/types.h>
| #endif
| #ifdef HAVE_SYS_STAT_H
| # include <sys/stat.h>
| #endif
| #ifdef HAVE_UNISTD_H
| # include <unistd.h>
| #endif
| int
| main (void)
| {
| if (sizeof ((mode_t)))
| 	    return 0;
|   ;
|   return 0;
| }
configure:17104: result: yes
configure:17114: checking for uid_t in sys/types.h
configure:17135: result: yes
configure:17147: checking for pid_t
configure:17147: /usr/bin/clang -c -g -O2  conftest.c >&5
configure:17147: $? = 0
configure:17147: /usr/bin/clang -c -g -O2  conftest.c >&5
conftest.c:382:20: error: expected expression
  382 | if (sizeof ((pid_t)))
      |                    ^
1 error generated.
configure:17147: $? = 1
configure: failed program was:
| /* confdefs.h */
| #define PACKAGE_NAME "bash"
| #define PACKAGE_TARNAME "bash"
| #define PACKAGE_VERSION "5.2-release"
| #define PACKAGE_STRING "bash 5.2-release"
| #define PACKAGE_BUGREPORT "bug-bash@gnu.org"
| #define PACKAGE_URL ""
| #define USING_BASH_MALLOC 1
| #define ALIAS 1
| #define PUSHD_AND_POPD 1
| #define RESTRICTED_SHELL 1
| #define PROCESS_SUBSTITUTION 1
| #define PROMPT_STRING_DECODE 1
| #define SELECT_COMMAND 1
| #define HELP_BUILTIN 1
| #define ARRAY_VARS 1
| #define DPAREN_ARITHMETIC 1
| #define BRACE_EXPANSION 1
| #define COMMAND_TIMING 1
| #define EXTENDED_GLOB 1
| #define EXTGLOB_DEFAULT 0
| #define COND_COMMAND 1
| #define COND_REGEXP 1
| #define COPROCESS_SUPPORT 1
| #define ARITH_FOR_COMMAND 1
| #define NETWORK_REDIRECTIONS 1
| #define PROGRAMMABLE_COMPLETION 1
| #define DEBUGGER 1
| #define CASEMOD_ATTRS 1
| #define CASEMOD_EXPANSIONS 1
| #define GLOBASCII_DEFAULT 1
| #define FUNCTION_IMPORT 1
| #define TRANSLATABLE_STRINGS 1
| #define MEMSCRAMBLE 1
| #define HAVE_STDIO_H 1
| #define HAVE_STDLIB_H 1
| #define HAVE_STRING_H 1
| #define HAVE_INTTYPES_H 1
| #define HAVE_STDINT_H 1
| #define HAVE_STRINGS_H 1
| #define HAVE_SYS_STAT_H 1
| #define HAVE_SYS_TYPES_H 1
| #define HAVE_UNISTD_H 1
| #define HAVE_WCHAR_H 1
| #define HAVE_SYS_PARAM_H 1
| #define HAVE_SYS_TIME_H 1
| #define STDC_HEADERS 1
| #define _ALL_SOURCE 1
| #define _DARWIN_C_SOURCE 1
| #define _GNU_SOURCE 1
| #define _HPUX_ALT_XOPEN_SOCKET_API 1
| #define _NETBSD_SOURCE 1
| #define _OPENBSD_SOURCE 1
| #define _POSIX_PTHREAD_SEMANTICS 1
| #define __STDC_WANT_IEC_60559_ATTRIBS_EXT__ 1
| #define __STDC_WANT_IEC_60559_BFP_EXT__ 1
| #define __STDC_WANT_IEC_60559_DFP_EXT__ 1
| #define __STDC_WANT_IEC_60559_FUNCS_EXT__ 1
| #define __STDC_WANT_IEC_60559_TYPES_EXT__ 1
| #define __STDC_WANT_LIB_EXT2__ 1
| #define __STDC_WANT_MATH_SPEC_FUNCS__ 1
| #define _TANDEM_SOURCE 1
| #define __EXTENSIONS__ 1
| #define READLINE 1
| #define HISTORY 1
| #define BANG_HISTORY 1
| #define HAVE_STRINGIZE 1
| #define HAVE_LONG_DOUBLE 1
| #define PROTOTYPES 1
| #define __PROTOTYPES 1
| #define restrict __restrict__
| #define HAVE_VISIBILITY 1
| #define HAVE_STDINT_H_WITH_UINTMAX 1
| #define HAVE_ALLOCA_H 1
| #define HAVE_ALLOCA 1
| #define HAVE_GETPAGESIZE 1
| #define HAVE_SYMLINK 1
| #define HAVE_USELOCALE 1
| #define HAVE_VPRINTF 1
| #define HAVE_ALARM 1
| #define HAVE___FPURGE 1
| #define HAVE_SNPRINTF 1
| #define HAVE_VSNPRINTF 1
| #define HAVE_MMAP 1
| #define INTDIV0_RAISES_SIGFPE 1
| #define HAVE_INTTYPES_H_WITH_UINTMAX 1
| #define HAVE_UNSIGNED_LONG_LONG_INT 1
| #define HAVE_UINTMAX_T 1
| #define HAVE_INTTYPES_H 1
| #define USE_POSIX_THREADS 1
| #define USE_POSIX_THREADS_WEAK 1
| #define HAVE_PTHREAD_RWLOCK 1
| #define HAVE_PTHREAD_MUTEX_RECURSIVE 1
| #define HAVE_ICONV 1
| #define ICONV_CONST 
| #define HAVE_BUILTIN_EXPECT 1
| #define HAVE_ARGZ_H 1
| #define HAVE_INTTYPES_H 1
| #define HAVE_LIMITS_H 1
| #define HAVE_UNISTD_H 1
| #define HAVE_SYS_PARAM_H 1
| #define HAVE_GETCWD 1
| #define HAVE_GETEGID 1
| #define HAVE_GETEUID 1
| #define HAVE_GETGID 1
| #define HAVE_GETUID 1
| #define HAVE_MEMPCPY 1
| #define HAVE_MUNMAP 1
| #define HAVE_STPCPY 1
| #define HAVE_STRCASECMP 1
| #define HAVE_STRDUP 1
| #define HAVE_STRTOUL 1
| #define HAVE_TSEARCH 1
| #define HAVE_ARGZ_COUNT 1
| #define HAVE_ARGZ_STRINGIFY 1
| #define HAVE_ARGZ_NEXT 1
| #define HAVE___FSETLOCKING 1
| #define HAVE_LOCALECONV 1
| #define HAVE_DECL_FEOF_UNLOCKED 1
| #define HAVE_DECL_FGETS_UNLOCKED 1
| #define HAVE_LONG_LONG_INT 1
| #define HAVE_WCHAR_T 1
| #define HAVE_WINT_T 1
| #define HAVE_INTMAX_T 1
| #define HAVE_POSIX_PRINTF 1
| #define HAVE_STDINT_H 1
| #define HAVE_STDINT_H 1
| #define HAVE_WORKING_O_NOATIME 1
| #define HAVE_WORKING_O_NOFOLLOW 1
| #define HAVE_WORKING_USELOCALE 1
| #define FLEXIBLE_ARRAY_MEMBER /**/
| #define HAVE_FEATURES_H 1
| #define HAVE_STDDEF_H 1
| #define HAVE_STDLIB_H 1
| #define HAVE_STRING_H 1
| #define HAVE_ASPRINTF 1
| #define HAVE_FWPRINTF 1
| #define HAVE_NEWLOCALE 1
| #define HAVE_PUTENV 1
| #define HAVE_SETENV 1
| #define HAVE_SETLOCALE 1
| #define HAVE_SNPRINTF 1
| #define HAVE_STRNLEN 1
| #define HAVE_USELOCALE 1
| #define HAVE_WCSLEN 1
| #define HAVE_WCSNLEN 1
| #define HAVE_MBRTOWC 1
| #define HAVE_WCRTOMB 1
| #define HAVE_DECL__SNPRINTF 0
| #define HAVE_DECL__SNWPRINTF 0
| #define HAVE_DECL_GETC_UNLOCKED 1
| #define HAVE_LANGINFO_CODESET 1
| #define HAVE_LC_MESSAGES 1
| #define ENABLE_NLS 1
| #define HAVE_GETTEXT 1
| #define HAVE_DCGETTEXT 1
| #define HAVE_DIRENT_H 1
| #define MAJOR_IN_SYSMACROS 1
| #define HAVE_INTTYPES_H 1
| #define HAVE_UNISTD_H 1
| #define HAVE_STDLIB_H 1
| #define HAVE_STDARG_H 1
| #define HAVE_LIMITS_H 1
| #define HAVE_STRING_H 1
| #define HAVE_MEMORY_H 1
| #define HAVE_LOCALE_H 1
| #define HAVE_TERMCAP_H 1
| #define HAVE_TERMIO_H 1
| #define HAVE_TERMIOS_H 1
| #define HAVE_DLFCN_H 1
| #define HAVE_STDBOOL_H 1
| #define HAVE_STDDEF_H 1
| #define HAVE_STDINT_H 1
| #define HAVE_NETDB_H 1
| #define HAVE_PWD_H 1
| #define HAVE_GRP_H 1
| #define HAVE_STRINGS_H 1
| #define HAVE_REGEX_H 1
| #define HAVE_SYSLOG_H 1
| #define HAVE_ULIMIT_H 1
| #define HAVE_SYS_SELECT_H 1
| #define HAVE_SYS_FILE_H 1
| #define HAVE_SYS_IOCTL_H 1
| #define HAVE_SYS_MMAN_H 1
| #define HAVE_SYS_PARAM_H 1
| #define HAVE_SYS_RANDOM_H 1
| #define HAVE_SYS_SOCKET_H 1
| #define HAVE_SYS_STAT_H 1
| #define HAVE_SYS_TIME_H 1
| #define HAVE_SYS_TIMES_H 1
| #define HAVE_SYS_TYPES_H 1
| #define HAVE_SYS_WAIT_H 1
| #define HAVE_NETINET_IN_H 1
| #define HAVE_ARPA_INET_H 1
| #define HAVE_SYS_RESOURCE_H 1
| #define HAVE_ALLOCA_H 1
| #define HAVE_ALLOCA 1
| #define HAVE_CHOWN 1
| #define GETPGRP_VOID 1
| #define HAVE_STRCOLL 1
| #define HAVE_WAIT3 1
| #define HAVE_MKFIFO 1
| #define HAVE_DUP2 1
| #define HAVE_EACCESS 1
| #define HAVE_FCNTL 1
| #define HAVE_GETDTABLESIZE 1
| #define HAVE_GETENTROPY 1
| #define HAVE_GETGROUPS 1
| #define HAVE_GETHOSTNAME 1
| #define HAVE_GETPAGESIZE 1
| #define HAVE_GETPEERNAME 1
| #define HAVE_GETRANDOM 1
| #define HAVE_GETRLIMIT 1
| #define HAVE_GETRUSAGE 1
| #define HAVE_GETTIMEOFDAY 1
| #define HAVE_KILL 1
| #define HAVE_KILLPG 1
| #define HAVE_LSTAT 1
| #define HAVE_PSELECT 1
| #define HAVE_READLINK 1
| #define HAVE_SELECT 1
| #define HAVE_SETITIMER 1
| #define HAVE_TCGETPGRP 1
| #define HAVE_UNAME 1
| #define HAVE_ULIMIT 1
| #define HAVE_WAITPID 1
| #define HAVE_RENAME 1
| #define HAVE_BCOPY 1
| #define HAVE_BZERO 1
| #define HAVE_CONFSTR 1
| #define HAVE_FACCESSAT 1
| #define HAVE_FNMATCH 1
| #define HAVE_GETADDRINFO 1
| #define HAVE_GETHOSTBYNAME 1
| #define HAVE_GETSERVBYNAME 1
| #define HAVE_GETSERVENT 1
| #define HAVE_INET_ATON 1
| #define HAVE_IMAXDIV 1
| #define HAVE_MEMMOVE 1
| #define HAVE_PATHCONF 1
| #define HAVE_PUTENV 1
| #define HAVE_RAISE 1
| #define HAVE_RANDOM 1
| #define HAVE_REGCOMP 1
| #define HAVE_REGEXEC 1
| #define HAVE_SETENV 1
| #define HAVE_SETLINEBUF 1
| #define HAVE_SETLOCALE 1
| #define HAVE_SETVBUF 1
| #define HAVE_SIGINTERRUPT 1
| #define HAVE_STRCHR 1
| #define HAVE_SYSCONF 1
| #define HAVE_SYSLOG 1
| #define HAVE_TCGETATTR 1
| #define HAVE_TIMES 1
| #define HAVE_TTYNAME 1
| #define HAVE_TZSET 1
| #define HAVE_UNSETENV 1
| #define HAVE_VASPRINTF 1
| #define HAVE_ASPRINTF 1
| #define HAVE_ISASCII 1
| #define HAVE_ISBLANK 1
| #define HAVE_ISGRAPH 1
| #define HAVE_ISPRINT 1
| #define HAVE_ISSPACE 1
| #define HAVE_ISXDIGIT 1
| #define HAVE_GETPWENT 1
| #define HAVE_GETPWNAM 1
| #define HAVE_GETPWUID 1
| #define HAVE_MKSTEMP 1
| #define HAVE_MKDTEMP 1
| #define HAVE_ARC4RANDOM 1
| #define HAVE_GETCWD 1
| #define HAVE_MEMSET 1
| #define HAVE_STRCASECMP 1
| #define HAVE_STRCASESTR 1
| #define HAVE_STRERROR 1
| #define HAVE_STRFTIME 1
| #define HAVE_STRNLEN 1
| #define HAVE_STRPBRK 1
| #define HAVE_STRSTR 1
| #define HAVE_STRTOD 1
| #define HAVE_STRTOL 1
| #define HAVE_STRTOUL 1
| #define HAVE_STRTOLL 1
| #define HAVE_STRTOULL 1
| #define HAVE_STRTOUMAX 1
| #define HAVE_DPRINTF 1
| #define HAVE_STRCHRNUL 1
| #define HAVE_STRDUP 1
| #define HAVE_DECL_AUDIT_USER_TTY 1
| #define HAVE_DECL_CONFSTR 1
| #define HAVE_DECL_PRINTF 1
| #define HAVE_DECL_SBRK 1
| #define HAVE_DECL_SETREGID 1
| #define HAVE_DECL_STRCPY 1
| #define HAVE_DECL_STRSIGNAL 1
| #define HAVE_SETRESUID 1
| #define HAVE_SETRESGID 1
| #define HAVE_DECL_STRTOLD 1
| #define HAVE_DECL_STRTOL 1
| #define HAVE_DECL_STRTOLL 1
| #define HAVE_DECL_STRTOUL 1
| #define HAVE_DECL_STRTOULL 1
| #define HAVE_DECL_STRTOUMAX 1
| #define HAVE_ARGZ_H 1
| #define HAVE_ERRNO_H 1
| #define HAVE_FCNTL_H 1
| #define HAVE_MALLOC_H 1
| #define HAVE_STDIO_EXT_H 1
| #define HAVE_MMAP 1
| #define HAVE___ARGZ_COUNT 1
| #define HAVE___ARGZ_NEXT 1
| #define HAVE___ARGZ_STRINGIFY 1
| #define HAVE_DCGETTEXT 1
| #define HAVE_MEMPCPY 1
| #define HAVE_MUNMAP 1
| #define HAVE_MREMAP 1
| #define HAVE_STPCPY 1
| #define HAVE_STRCSPN 1
| #define HAVE_WCTYPE_H 1
| #define HAVE_WCHAR_H 1
| #define HAVE_LANGINFO_H 1
| #define HAVE_MBRLEN 1
| #define HAVE_MBSNRTOWCS 1
| #define HAVE_MBSRTOWCS 1
| #define HAVE_WCRTOMB 1
| #define HAVE_WCSCOLL 1
| #define HAVE_WCSDUP 1
| #define HAVE_WCWIDTH 1
| #define HAVE_WCTYPE 1
| #define HAVE_WCSWIDTH 1
| #define HAVE_MBRTOWC 1
| #define HAVE_MBSTATE_T 1
| #define HAVE_ISWLOWER 1
| #define HAVE_ISWUPPER 1
| #define HAVE_TOWLOWER 1
| #define HAVE_TOWUPPER 1
| #define HAVE_ISWCTYPE 1
| #define HAVE_WCHAR_T 1
| #define HAVE_WCTYPE_T 1
| #define HAVE_WINT_T 1
| #define SIZEOF_WCHAR_T 4
| #define HAVE_LIBDL 1
| #define HAVE_DLOPEN 1
| #define HAVE_DLCLOSE 1
| #define HAVE_DLSYM 1
| #define GETGROUPS_T gid_t
| /* end confdefs.h.  */
| #include <stddef.h>
| #ifdef HAVE_STDIO_H
| # include <stdio.h>
| #endif
| #ifdef HAVE_STDLIB_H
| # include <stdlib.h>
| #endif
| #ifdef HAVE_STRING_H
| # include <string.h>
| #endif
| #ifdef HAVE_INTTYPES_H
| # include <inttypes.h>
| #endif
| #ifdef HAVE_STDINT_H
| # include <stdint.h>
| #endif
| #ifdef HAVE_STRINGS_H
| # include <strings.h>
| #endif
| #ifdef HAVE_SYS_TYPES_H
| # include <sys/types.h>
| #endif
| #ifdef HAVE_SYS_STAT_H
| # include <sys/stat.h>
| #endif
| #ifdef HAVE_UNISTD_H
| # include <unistd.h>
| #endif
| 
| int
| main (void)
| {
| if (sizeof ((pid_t)))
| 	    return 0;
|   ;
|   return 0;
| }
configure:17147: result: yes
configure:17183: checking for size_t
configure:17183: result: yes
configure:17194: checking for uintptr_t
configure:17194: /usr/bin/clang -c -g -O2  conftest.c >&5
configure:17194: $? = 0
configure:17194: /usr/bin/clang -c -g -O2  conftest.c >&5
conftest.c:381:24: error: expected expression
  381 | if (sizeof ((uintptr_t)))
      |                        ^
1 error generated.
configure:17194: $? = 1
configure: failed program was:
| /* confdefs.h */
| #define PACKAGE_NAME "bash"
| #define PACKAGE_TARNAME "bash"
| #define PACKAGE_VERSION "5.2-release"
| #define PACKAGE_STRING "bash 5.2-release"
| #define PACKAGE_BUGREPORT "bug-bash@gnu.org"
| #define PACKAGE_URL ""
| #define USING_BASH_MALLOC 1
| #define ALIAS 1
| #define PUSHD_AND_POPD 1
| #define RESTRICTED_SHELL 1
| #define PROCESS_SUBSTITUTION 1
| #define PROMPT_STRING_DECODE 1
| #define SELECT_COMMAND 1
| #define HELP_BUILTIN 1
| #define ARRAY_VARS 1
| #define DPAREN_ARITHMETIC 1
| #define BRACE_EXPANSION 1
| #define COMMAND_TIMING 1
| #define EXTENDED_GLOB 1
| #define EXTGLOB_DEFAULT 0
| #define COND_COMMAND 1
| #define COND_REGEXP 1
| #define COPROCESS_SUPPORT 1
| #define ARITH_FOR_COMMAND 1
| #define NETWORK_REDIRECTIONS 1
| #define PROGRAMMABLE_COMPLETION 1
| #define DEBUGGER 1
| #define CASEMOD_ATTRS 1
| #define CASEMOD_EXPANSIONS 1
| #define GLOBASCII_DEFAULT 1
| #define FUNCTION_IMPORT 1
| #define TRANSLATABLE_STRINGS 1
| #define MEMSCRAMBLE 1
| #define HAVE_STDIO_H 1
| #define HAVE_STDLIB_H 1
| #define HAVE_STRING_H 1
| #define HAVE_INTTYPES_H 1
| #define HAVE_STDINT_H 1
| #define HAVE_STRINGS_H 1
| #define HAVE_SYS_STAT_H 1
| #define HAVE_SYS_TYPES_H 1
| #define HAVE_UNISTD_H 1
| #define HAVE_WCHAR_H 1
| #define HAVE_SYS_PARAM_H 1
| #define HAVE_SYS_TIME_H 1
| #define STDC_HEADERS 1
| #define _ALL_SOURCE 1
| #define _DARWIN_C_SOURCE 1
| #define _GNU_SOURCE 1
| #define _HPUX_ALT_XOPEN_SOCKET_API 1
| #define _NETBSD_SOURCE 1
| #define _OPENBSD_SOURCE 1
| #define _POSIX_PTHREAD_SEMANTICS 1
| #define __STDC_WANT_IEC_60559_ATTRIBS_EXT__ 1
| #define __STDC_WANT_IEC_60559_BFP_EXT__ 1
| #define __STDC_WANT_IEC_60559_DFP_EXT__ 1
| #define __STDC_WANT_IEC_60559_FUNCS_EXT__ 1
| #define __STDC_WANT_IEC_60559_TYPES_EXT__ 1
| #define __STDC_WANT_LIB_EXT2__ 1
| #define __STDC_WANT_MATH_SPEC_FUNCS__ 1
| #define _TANDEM_SOURCE 1
| #define __EXTENSIONS__ 1
| #define READLINE 1
| #define HISTORY 1
| #define BANG_HISTORY 1
| #define HAVE_STRINGIZE 1
| #define HAVE_LONG_DOUBLE 1
| #define PROTOTYPES 1
| #define __PROTOTYPES 1
| #define restrict __restrict__
| #define HAVE_VISIBILITY 1
| #define HAVE_STDINT_H_WITH_UINTMAX 1
| #define HAVE_ALLOCA_H 1
| #define HAVE_ALLOCA 1
| #define HAVE_GETPAGESIZE 1
| #define HAVE_SYMLINK 1
| #define HAVE_USELOCALE 1
| #define HAVE_VPRINTF 1
| #define HAVE_ALARM 1
| #define HAVE___FPURGE 1
| #define HAVE_SNPRINTF 1
| #define HAVE_VSNPRINTF 1
| #define HAVE_MMAP 1
| #define INTDIV0_RAISES_SIGFPE 1
| #define HAVE_INTTYPES_H_WITH_UINTMAX 1
| #define HAVE_UNSIGNED_LONG_LONG_INT 1
| #define HAVE_UINTMAX_T 1
| #define HAVE_INTTYPES_H 1
| #define USE_POSIX_THREADS 1
| #define USE_POSIX_THREADS_WEAK 1
| #define HAVE_PTHREAD_RWLOCK 1
| #define HAVE_PTHREAD_MUTEX_RECURSIVE 1
| #define HAVE_ICONV 1
| #define ICONV_CONST 
| #define HAVE_BUILTIN_EXPECT 1
| #define HAVE_ARGZ_H 1
| #define HAVE_INTTYPES_H 1
| #define HAVE_LIMITS_H 1
| #define HAVE_UNISTD_H 1
| #define HAVE_SYS_PARAM_H 1
| #define HAVE_GETCWD 1
| #define HAVE_GETEGID 1
| #define HAVE_GETEUID 1
| #define HAVE_GETGID 1
| #define HAVE_GETUID 1
| #define HAVE_MEMPCPY 1
| #define HAVE_MUNMAP 1
| #define HAVE_STPCPY 1
| #define HAVE_STRCASECMP 1
| #define HAVE_STRDUP 1
| #define HAVE_STRTOUL 1
| #define HAVE_TSEARCH 1
| #define HAVE_ARGZ_COUNT 1
| #define HAVE_ARGZ_STRINGIFY 1
| #define HAVE_ARGZ_NEXT 1
| #define HAVE___FSETLOCKING 1
| #define HAVE_LOCALECONV 1
| #define HAVE_DECL_FEOF_UNLOCKED 1
| #define HAVE_DECL_FGETS_UNLOCKED 1
| #define HAVE_LONG_LONG_INT 1
| #define HAVE_WCHAR_T 1
| #define HAVE_WINT_T 1
| #define HAVE_INTMAX_T 1
| #define HAVE_POSIX_PRINTF 1
| #define HAVE_STDINT_H 1
| #define HAVE_STDINT_H 1
| #define HAVE_WORKING_O_NOATIME 1
| #define HAVE_WORKING_O_NOFOLLOW 1
| #define HAVE_WORKING_USELOCALE 1
| #define FLEXIBLE_ARRAY_MEMBER /**/
| #define HAVE_FEATURES_H 1
| #define HAVE_STDDEF_H 1
| #define HAVE_STDLIB_H 1
| #define HAVE_STRING_H 1
| #define HAVE_ASPRINTF 1
| #define HAVE_FWPRINTF 1
| #define HAVE_NEWLOCALE 1
| #define HAVE_PUTENV 1
| #define HAVE_SETENV 1
| #define HAVE_SETLOCALE 1
| #define HAVE_SNPRINTF 1
| #define HAVE_STRNLEN 1
| #define HAVE_USELOCALE 1
| #define HAVE_WCSLEN 1
| #define HAVE_WCSNLEN 1
| #define HAVE_MBRTOWC 1
| #define HAVE_WCRTOMB 1
| #define HAVE_DECL__SNPRINTF 0
| #define HAVE_DECL__SNWPRINTF 0
| #define HAVE_DECL_GETC_UNLOCKED 1
| #define HAVE_LANGINFO_CODESET 1
| #define HAVE_LC_MESSAGES 1
| #define ENABLE_NLS 1
| #define HAVE_GETTEXT 1
| #define HAVE_DCGETTEXT 1
| #define HAVE_DIRENT_H 1
| #define MAJOR_IN_SYSMACROS 1
| #define HAVE_INTTYPES_H 1
| #define HAVE_UNISTD_H 1
| #define HAVE_STDLIB_H 1
| #define HAVE_STDARG_H 1
| #define HAVE_LIMITS_H 1
| #define HAVE_STRING_H 1
| #define HAVE_MEMORY_H 1
| #define HAVE_LOCALE_H 1
| #define HAVE_TERMCAP_H 1
| #define HAVE_TERMIO_H 1
| #define HAVE_TERMIOS_H 1
| #define HAVE_DLFCN_H 1
| #define HAVE_STDBOOL_H 1
| #define HAVE_STDDEF_H 1
| #define HAVE_STDINT_H 1
| #define HAVE_NETDB_H 1
| #define HAVE_PWD_H 1
| #define HAVE_GRP_H 1
| #define HAVE_STRINGS_H 1
| #define HAVE_REGEX_H 1
| #define HAVE_SYSLOG_H 1
| #define HAVE_ULIMIT_H 1
| #define HAVE_SYS_SELECT_H 1
| #define HAVE_SYS_FILE_H 1
| #define HAVE_SYS_IOCTL_H 1
| #define HAVE_SYS_MMAN_H 1
| #define HAVE_SYS_PARAM_H 1
| #define HAVE_SYS_RANDOM_H 1
| #define HAVE_SYS_SOCKET_H 1
| #define HAVE_SYS_STAT_H 1
| #define HAVE_SYS_TIME_H 1
| #define HAVE_SYS_TIMES_H 1
| #define HAVE_SYS_TYPES_H 1
| #define HAVE_SYS_WAIT_H 1
| #define HAVE_NETINET_IN_H 1
| #define HAVE_ARPA_INET_H 1
| #define HAVE_SYS_RESOURCE_H 1
| #define HAVE_ALLOCA_H 1
| #define HAVE_ALLOCA 1
| #define HAVE_CHOWN 1
| #define GETPGRP_VOID 1
| #define HAVE_STRCOLL 1
| #define HAVE_WAIT3 1
| #define HAVE_MKFIFO 1
| #define HAVE_DUP2 1
| #define HAVE_EACCESS 1
| #define HAVE_FCNTL 1
| #define HAVE_GETDTABLESIZE 1
| #define HAVE_GETENTROPY 1
| #define HAVE_GETGROUPS 1
| #define HAVE_GETHOSTNAME 1
| #define HAVE_GETPAGESIZE 1
| #define HAVE_GETPEERNAME 1
| #define HAVE_GETRANDOM 1
| #define HAVE_GETRLIMIT 1
| #define HAVE_GETRUSAGE 1
| #define HAVE_GETTIMEOFDAY 1
| #define HAVE_KILL 1
| #define HAVE_KILLPG 1
| #define HAVE_LSTAT 1
| #define HAVE_PSELECT 1
| #define HAVE_READLINK 1
| #define HAVE_SELECT 1
| #define HAVE_SETITIMER 1
| #define HAVE_TCGETPGRP 1
| #define HAVE_UNAME 1
| #define HAVE_ULIMIT 1
| #define HAVE_WAITPID 1
| #define HAVE_RENAME 1
| #define HAVE_BCOPY 1
| #define HAVE_BZERO 1
| #define HAVE_CONFSTR 1
| #define HAVE_FACCESSAT 1
| #define HAVE_FNMATCH 1
| #define HAVE_GETADDRINFO 1
| #define HAVE_GETHOSTBYNAME 1
| #define HAVE_GETSERVBYNAME 1
| #define HAVE_GETSERVENT 1
| #define HAVE_INET_ATON 1
| #define HAVE_IMAXDIV 1
| #define HAVE_MEMMOVE 1
| #define HAVE_PATHCONF 1
| #define HAVE_PUTENV 1
| #define HAVE_RAISE 1
| #define HAVE_RANDOM 1
| #define HAVE_REGCOMP 1
| #define HAVE_REGEXEC 1
| #define HAVE_SETENV 1
| #define HAVE_SETLINEBUF 1
| #define HAVE_SETLOCALE 1
| #define HAVE_SETVBUF 1
| #define HAVE_SIGINTERRUPT 1
| #define HAVE_STRCHR 1
| #define HAVE_SYSCONF 1
| #define HAVE_SYSLOG 1
| #define HAVE_TCGETATTR 1
| #define HAVE_TIMES 1
| #define HAVE_TTYNAME 1
| #define HAVE_TZSET 1
| #define HAVE_UNSETENV 1
| #define HAVE_VASPRINTF 1
| #define HAVE_ASPRINTF 1
| #define HAVE_ISASCII 1
| #define HAVE_ISBLANK 1
| #define HAVE_ISGRAPH 1
| #define HAVE_ISPRINT 1
| #define HAVE_ISSPACE 1
| #define HAVE_ISXDIGIT 1
| #define HAVE_GETPWENT 1
| #define HAVE_GETPWNAM 1
| #define HAVE_GETPWUID 1
| #define HAVE_MKSTEMP 1
| #define HAVE_MKDTEMP 1
| #define HAVE_ARC4RANDOM 1
| #define HAVE_GETCWD 1
| #define HAVE_MEMSET 1
| #define HAVE_STRCASECMP 1
| #define HAVE_STRCASESTR 1
| #define HAVE_STRERROR 1
| #define HAVE_STRFTIME 1
| #define HAVE_STRNLEN 1
| #define HAVE_STRPBRK 1
| #define HAVE_STRSTR 1
| #define HAVE_STRTOD 1
| #define HAVE_STRTOL 1
| #define HAVE_STRTOUL 1
| #define HAVE_STRTOLL 1
| #define HAVE_STRTOULL 1
| #define HAVE_STRTOUMAX 1
| #define HAVE_DPRINTF 1
| #define HAVE_STRCHRNUL 1
| #define HAVE_STRDUP 1
| #define HAVE_DECL_AUDIT_USER_TTY 1
| #define HAVE_DECL_CONFSTR 1
| #define HAVE_DECL_PRINTF 1
| #define HAVE_DECL_SBRK 1
| #define HAVE_DECL_SETREGID 1
| #define HAVE_DECL_STRCPY 1
| #define HAVE_DECL_STRSIGNAL 1
| #define HAVE_SETRESUID 1
| #define HAVE_SETRESGID 1
| #define HAVE_DECL_STRTOLD 1
| #define HAVE_DECL_STRTOL 1
| #define HAVE_DECL_STRTOLL 1
| #define HAVE_DECL_STRTOUL 1
| #define HAVE_DECL_STRTOULL 1
| #define HAVE_DECL_STRTOUMAX 1
| #define HAVE_ARGZ_H 1
| #define HAVE_ERRNO_H 1
| #define HAVE_FCNTL_H 1
| #define HAVE_MALLOC_H 1
| #define HAVE_STDIO_EXT_H 1
| #define HAVE_MMAP 1
| #define HAVE___ARGZ_COUNT 1
| #define HAVE___ARGZ_NEXT 1
| #define HAVE___ARGZ_STRINGIFY 1
| #define HAVE_DCGETTEXT 1
| #define HAVE_MEMPCPY 1
| #define HAVE_MUNMAP 1
| #define HAVE_MREMAP 1
| #define HAVE_STPCPY 1
| #define HAVE_STRCSPN 1
| #define HAVE_WCTYPE_H 1
| #define HAVE_WCHAR_H 1
| #define HAVE_LANGINFO_H 1
| #define HAVE_MBRLEN 1
| #define HAVE_MBSNRTOWCS 1
| #define HAVE_MBSRTOWCS 1
| #define HAVE_WCRTOMB 1
| #define HAVE_WCSCOLL 1
| #define HAVE_WCSDUP 1
| #define HAVE_WCWIDTH 1
| #define HAVE_WCTYPE 1
| #define HAVE_WCSWIDTH 1
| #define HAVE_MBRTOWC 1
| #define HAVE_MBSTATE_T 1
| #define HAVE_ISWLOWER 1
| #define HAVE_ISWUPPER 1
| #define HAVE_TOWLOWER 1
| #define HAVE_TOWUPPER 1
| #define HAVE_ISWCTYPE 1
| #define HAVE_WCHAR_T 1
| #define HAVE_WCTYPE_T 1
| #define HAVE_WINT_T 1
| #define SIZEOF_WCHAR_T 4
| #define HAVE_LIBDL 1
| #define HAVE_DLOPEN 1
| #define HAVE_DLCLOSE 1
| #define HAVE_DLSYM 1
| #define GETGROUPS_T gid_t
| /* end confdefs.h.  */
| #include <stddef.h>
| #ifdef HAVE_STDIO_H
| # include <stdio.h>
| #endif
| #ifdef HAVE_STDLIB_H
| # include <stdlib.h>
| #endif
| #ifdef HAVE_STRING_H
| # include <string.h>
| #endif
| #ifdef HAVE_INTTYPES_H
| # include <inttypes.h>
| #endif
| #ifdef HAVE_STDINT_H
| # include <stdint.h>
| #endif
| #ifdef HAVE_STRINGS_H
| # include <strings.h>
| #endif
| #ifdef HAVE_SYS_TYPES_H
| # include <sys/types.h>
| #endif
| #ifdef HAVE_SYS_STAT_H
| # include <sys/stat.h>
| #endif
| #ifdef HAVE_UNISTD_H
| # include <unistd.h>
| #endif
| int
| main (void)
| {
| if (sizeof ((uintptr_t)))
| 	    return 0;
|   ;
|   return 0;
| }
configure:17194: result: yes
configure:17231: checking for ssize_t
configure:17231: /usr/bin/clang -c -g -O2  conftest.c >&5
configure:17231: $? = 0
configure:17231: /usr/bin/clang -c -g -O2  conftest.c >&5
conftest.c:382:22: error: expected expression
  382 | if (sizeof ((ssize_t)))
      |                      ^
1 error generated.
configure:17231: $? = 1
configure: failed program was:
| /* confdefs.h */
| #define PACKAGE_NAME "bash"
| #define PACKAGE_TARNAME "bash"
| #define PACKAGE_VERSION "5.2-release"
| #define PACKAGE_STRING "bash 5.2-release"
| #define PACKAGE_BUGREPORT "bug-bash@gnu.org"
| #define PACKAGE_URL ""
| #define USING_BASH_MALLOC 1
| #define ALIAS 1
| #define PUSHD_AND_POPD 1
| #define RESTRICTED_SHELL 1
| #define PROCESS_SUBSTITUTION 1
| #define PROMPT_STRING_DECODE 1
| #define SELECT_COMMAND 1
| #define HELP_BUILTIN 1
| #define ARRAY_VARS 1
| #define DPAREN_ARITHMETIC 1
| #define BRACE_EXPANSION 1
| #define COMMAND_TIMING 1
| #define EXTENDED_GLOB 1
| #define EXTGLOB_DEFAULT 0
| #define COND_COMMAND 1
| #define COND_REGEXP 1
| #define COPROCESS_SUPPORT 1
| #define ARITH_FOR_COMMAND 1
| #define NETWORK_REDIRECTIONS 1
| #define PROGRAMMABLE_COMPLETION 1
| #define DEBUGGER 1
| #define CASEMOD_ATTRS 1
| #define CASEMOD_EXPANSIONS 1
| #define GLOBASCII_DEFAULT 1
| #define FUNCTION_IMPORT 1
| #define TRANSLATABLE_STRINGS 1
| #define MEMSCRAMBLE 1
| #define HAVE_STDIO_H 1
| #define HAVE_STDLIB_H 1
| #define HAVE_STRING_H 1
| #define HAVE_INTTYPES_H 1
| #define HAVE_STDINT_H 1
| #define HAVE_STRINGS_H 1
| #define HAVE_SYS_STAT_H 1
| #define HAVE_SYS_TYPES_H 1
| #define HAVE_UNISTD_H 1
| #define HAVE_WCHAR_H 1
| #define HAVE_SYS_PARAM_H 1
| #define HAVE_SYS_TIME_H 1
| #define STDC_HEADERS 1
| #define _ALL_SOURCE 1
| #define _DARWIN_C_SOURCE 1
| #define _GNU_SOURCE 1
| #define _HPUX_ALT_XOPEN_SOCKET_API 1
| #define _NETBSD_SOURCE 1
| #define _OPENBSD_SOURCE 1
| #define _POSIX_PTHREAD_SEMANTICS 1
| #define __STDC_WANT_IEC_60559_ATTRIBS_EXT__ 1
| #define __STDC_WANT_IEC_60559_BFP_EXT__ 1
| #define __STDC_WANT_IEC_60559_DFP_EXT__ 1
| #define __STDC_WANT_IEC_60559_FUNCS_EXT__ 1
| #define __STDC_WANT_IEC_60559_TYPES_EXT__ 1
| #define __STDC_WANT_LIB_EXT2__ 1
| #define __STDC_WANT_MATH_SPEC_FUNCS__ 1
| #define _TANDEM_SOURCE 1
| #define __EXTENSIONS__ 1
| #define READLINE 1
| #define HISTORY 1
| #define BANG_HISTORY 1
| #define HAVE_STRINGIZE 1
| #define HAVE_LONG_DOUBLE 1
| #define PROTOTYPES 1
| #define __PROTOTYPES 1
| #define restrict __restrict__
| #define HAVE_VISIBILITY 1
| #define HAVE_STDINT_H_WITH_UINTMAX 1
| #define HAVE_ALLOCA_H 1
| #define HAVE_ALLOCA 1
| #define HAVE_GETPAGESIZE 1
| #define HAVE_SYMLINK 1
| #define HAVE_USELOCALE 1
| #define HAVE_VPRINTF 1
| #define HAVE_ALARM 1
| #define HAVE___FPURGE 1
| #define HAVE_SNPRINTF 1
| #define HAVE_VSNPRINTF 1
| #define HAVE_MMAP 1
| #define INTDIV0_RAISES_SIGFPE 1
| #define HAVE_INTTYPES_H_WITH_UINTMAX 1
| #define HAVE_UNSIGNED_LONG_LONG_INT 1
| #define HAVE_UINTMAX_T 1
| #define HAVE_INTTYPES_H 1
| #define USE_POSIX_THREADS 1
| #define USE_POSIX_THREADS_WEAK 1
| #define HAVE_PTHREAD_RWLOCK 1
| #define HAVE_PTHREAD_MUTEX_RECURSIVE 1
| #define HAVE_ICONV 1
| #define ICONV_CONST 
| #define HAVE_BUILTIN_EXPECT 1
| #define HAVE_ARGZ_H 1
| #define HAVE_INTTYPES_H 1
| #define HAVE_LIMITS_H 1
| #define HAVE_UNISTD_H 1
| #define HAVE_SYS_PARAM_H 1
| #define HAVE_GETCWD 1
| #define HAVE_GETEGID 1
| #define HAVE_GETEUID 1
| #define HAVE_GETGID 1
| #define HAVE_GETUID 1
| #define HAVE_MEMPCPY 1
| #define HAVE_MUNMAP 1
| #define HAVE_STPCPY 1
| #define HAVE_STRCASECMP 1
| #define HAVE_STRDUP 1
| #define HAVE_STRTOUL 1
| #define HAVE_TSEARCH 1
| #define HAVE_ARGZ_COUNT 1
| #define HAVE_ARGZ_STRINGIFY 1
| #define HAVE_ARGZ_NEXT 1
| #define HAVE___FSETLOCKING 1
| #define HAVE_LOCALECONV 1
| #define HAVE_DECL_FEOF_UNLOCKED 1
| #define HAVE_DECL_FGETS_UNLOCKED 1
| #define HAVE_LONG_LONG_INT 1
| #define HAVE_WCHAR_T 1
| #define HAVE_WINT_T 1
| #define HAVE_INTMAX_T 1
| #define HAVE_POSIX_PRINTF 1
| #define HAVE_STDINT_H 1
| #define HAVE_STDINT_H 1
| #define HAVE_WORKING_O_NOATIME 1
| #define HAVE_WORKING_O_NOFOLLOW 1
| #define HAVE_WORKING_USELOCALE 1
| #define FLEXIBLE_ARRAY_MEMBER /**/
| #define HAVE_FEATURES_H 1
| #define HAVE_STDDEF_H 1
| #define HAVE_STDLIB_H 1
| #define HAVE_STRING_H 1
| #define HAVE_ASPRINTF 1
| #define HAVE_FWPRINTF 1
| #define HAVE_NEWLOCALE 1
| #define HAVE_PUTENV 1
| #define HAVE_SETENV 1
| #define HAVE_SETLOCALE 1
| #define HAVE_SNPRINTF 1
| #define HAVE_STRNLEN 1
| #define HAVE_USELOCALE 1
| #define HAVE_WCSLEN 1
| #define HAVE_WCSNLEN 1
| #define HAVE_MBRTOWC 1
| #define HAVE_WCRTOMB 1
| #define HAVE_DECL__SNPRINTF 0
| #define HAVE_DECL__SNWPRINTF 0
| #define HAVE_DECL_GETC_UNLOCKED 1
| #define HAVE_LANGINFO_CODESET 1
| #define HAVE_LC_MESSAGES 1
| #define ENABLE_NLS 1
| #define HAVE_GETTEXT 1
| #define HAVE_DCGETTEXT 1
| #define HAVE_DIRENT_H 1
| #define MAJOR_IN_SYSMACROS 1
| #define HAVE_INTTYPES_H 1
| #define HAVE_UNISTD_H 1
| #define HAVE_STDLIB_H 1
| #define HAVE_STDARG_H 1
| #define HAVE_LIMITS_H 1
| #define HAVE_STRING_H 1
| #define HAVE_MEMORY_H 1
| #define HAVE_LOCALE_H 1
| #define HAVE_TERMCAP_H 1
| #define HAVE_TERMIO_H 1
| #define HAVE_TERMIOS_H 1
| #define HAVE_DLFCN_H 1
| #define HAVE_STDBOOL_H 1
| #define HAVE_STDDEF_H 1
| #define HAVE_STDINT_H 1
| #define HAVE_NETDB_H 1
| #define HAVE_PWD_H 1
| #define HAVE_GRP_H 1
| #define HAVE_STRINGS_H 1
| #define HAVE_REGEX_H 1
| #define HAVE_SYSLOG_H 1
| #define HAVE_ULIMIT_H 1
| #define HAVE_SYS_SELECT_H 1
| #define HAVE_SYS_FILE_H 1
| #define HAVE_SYS_IOCTL_H 1
| #define HAVE_SYS_MMAN_H 1
| #define HAVE_SYS_PARAM_H 1
| #define HAVE_SYS_RANDOM_H 1
| #define HAVE_SYS_SOCKET_H 1
| #define HAVE_SYS_STAT_H 1
| #define HAVE_SYS_TIME_H 1
| #define HAVE_SYS_TIMES_H 1
| #define HAVE_SYS_TYPES_H 1
| #define HAVE_SYS_WAIT_H 1
| #define HAVE_NETINET_IN_H 1
| #define HAVE_ARPA_INET_H 1
| #define HAVE_SYS_RESOURCE_H 1
| #define HAVE_ALLOCA_H 1
| #define HAVE_ALLOCA 1
| #define HAVE_CHOWN 1
| #define GETPGRP_VOID 1
| #define HAVE_STRCOLL 1
| #define HAVE_WAIT3 1
| #define HAVE_MKFIFO 1
| #define HAVE_DUP2 1
| #define HAVE_EACCESS 1
| #define HAVE_FCNTL 1
| #define HAVE_GETDTABLESIZE 1
| #define HAVE_GETENTROPY 1
| #define HAVE_GETGROUPS 1
| #define HAVE_GETHOSTNAME 1
| #define HAVE_GETPAGESIZE 1
| #define HAVE_GETPEERNAME 1
| #define HAVE_GETRANDOM 1
| #define HAVE_GETRLIMIT 1
| #define HAVE_GETRUSAGE 1
| #define HAVE_GETTIMEOFDAY 1
| #define HAVE_KILL 1
| #define HAVE_KILLPG 1
| #define HAVE_LSTAT 1
| #define HAVE_PSELECT 1
| #define HAVE_READLINK 1
| #define HAVE_SELECT 1
| #define HAVE_SETITIMER 1
| #define HAVE_TCGETPGRP 1
| #define HAVE_UNAME 1
| #define HAVE_ULIMIT 1
| #define HAVE_WAITPID 1
| #define HAVE_RENAME 1
| #define HAVE_BCOPY 1
| #define HAVE_BZERO 1
| #define HAVE_CONFSTR 1
| #define HAVE_FACCESSAT 1
| #define HAVE_FNMATCH 1
| #define HAVE_GETADDRINFO 1
| #define HAVE_GETHOSTBYNAME 1
| #define HAVE_GETSERVBYNAME 1
| #define HAVE_GETSERVENT 1
| #define HAVE_INET_ATON 1
| #define HAVE_IMAXDIV 1
| #define HAVE_MEMMOVE 1
| #define HAVE_PATHCONF 1
| #define HAVE_PUTENV 1
| #define HAVE_RAISE 1
| #define HAVE_RANDOM 1
| #define HAVE_REGCOMP 1
| #define HAVE_REGEXEC 1
| #define HAVE_SETENV 1
| #define HAVE_SETLINEBUF 1
| #define HAVE_SETLOCALE 1
| #define HAVE_SETVBUF 1
| #define HAVE_SIGINTERRUPT 1
| #define HAVE_STRCHR 1
| #define HAVE_SYSCONF 1
| #define HAVE_SYSLOG 1
| #define HAVE_TCGETATTR 1
| #define HAVE_TIMES 1
| #define HAVE_TTYNAME 1
| #define HAVE_TZSET 1
| #define HAVE_UNSETENV 1
| #define HAVE_VASPRINTF 1
| #define HAVE_ASPRINTF 1
| #define HAVE_ISASCII 1
| #define HAVE_ISBLANK 1
| #define HAVE_ISGRAPH 1
| #define HAVE_ISPRINT 1
| #define HAVE_ISSPACE 1
| #define HAVE_ISXDIGIT 1
| #define HAVE_GETPWENT 1
| #define HAVE_GETPWNAM 1
| #define HAVE_GETPWUID 1
| #define HAVE_MKSTEMP 1
| #define HAVE_MKDTEMP 1
| #define HAVE_ARC4RANDOM 1
| #define HAVE_GETCWD 1
| #define HAVE_MEMSET 1
| #define HAVE_STRCASECMP 1
| #define HAVE_STRCASESTR 1
| #define HAVE_STRERROR 1
| #define HAVE_STRFTIME 1
| #define HAVE_STRNLEN 1
| #define HAVE_STRPBRK 1
| #define HAVE_STRSTR 1
| #define HAVE_STRTOD 1
| #define HAVE_STRTOL 1
| #define HAVE_STRTOUL 1
| #define HAVE_STRTOLL 1
| #define HAVE_STRTOULL 1
| #define HAVE_STRTOUMAX 1
| #define HAVE_DPRINTF 1
| #define HAVE_STRCHRNUL 1
| #define HAVE_STRDUP 1
| #define HAVE_DECL_AUDIT_USER_TTY 1
| #define HAVE_DECL_CONFSTR 1
| #define HAVE_DECL_PRINTF 1
| #define HAVE_DECL_SBRK 1
| #define HAVE_DECL_SETREGID 1
| #define HAVE_DECL_STRCPY 1
| #define HAVE_DECL_STRSIGNAL 1
| #define HAVE_SETRESUID 1
| #define HAVE_SETRESGID 1
| #define HAVE_DECL_STRTOLD 1
| #define HAVE_DECL_STRTOL 1
| #define HAVE_DECL_STRTOLL 1
| #define HAVE_DECL_STRTOUL 1
| #define HAVE_DECL_STRTOULL 1
| #define HAVE_DECL_STRTOUMAX 1
| #define HAVE_ARGZ_H 1
| #define HAVE_ERRNO_H 1
| #define HAVE_FCNTL_H 1
| #define HAVE_MALLOC_H 1
| #define HAVE_STDIO_EXT_H 1
| #define HAVE_MMAP 1
| #define HAVE___ARGZ_COUNT 1
| #define HAVE___ARGZ_NEXT 1
| #define HAVE___ARGZ_STRINGIFY 1
| #define HAVE_DCGETTEXT 1
| #define HAVE_MEMPCPY 1
| #define HAVE_MUNMAP 1
| #define HAVE_MREMAP 1
| #define HAVE_STPCPY 1
| #define HAVE_STRCSPN 1
| #define HAVE_WCTYPE_H 1
| #define HAVE_WCHAR_H 1
| #define HAVE_LANGINFO_H 1
| #define HAVE_MBRLEN 1
| #define HAVE_MBSNRTOWCS 1
| #define HAVE_MBSRTOWCS 1
| #define HAVE_WCRTOMB 1
| #define HAVE_WCSCOLL 1
| #define HAVE_WCSDUP 1
| #define HAVE_WCWIDTH 1
| #define HAVE_WCTYPE 1
| #define HAVE_WCSWIDTH 1
| #define HAVE_MBRTOWC 1
| #define HAVE_MBSTATE_T 1
| #define HAVE_ISWLOWER 1
| #define HAVE_ISWUPPER 1
| #define HAVE_TOWLOWER 1
| #define HAVE_TOWUPPER 1
| #define HAVE_ISWCTYPE 1
| #define HAVE_WCHAR_T 1
| #define HAVE_WCTYPE_T 1
| #define HAVE_WINT_T 1
| #define SIZEOF_WCHAR_T 4
| #define HAVE_LIBDL 1
| #define HAVE_DLOPEN 1
| #define HAVE_DLCLOSE 1
| #define HAVE_DLSYM 1
| #define GETGROUPS_T gid_t
| #define HAVE_UINTPTR_T 1
| /* end confdefs.h.  */
| #include <stddef.h>
| #ifdef HAVE_STDIO_H
| # include <stdio.h>
| #endif
| #ifdef HAVE_STDLIB_H
| # include <stdlib.h>
| #endif
| #ifdef HAVE_STRING_H
| # include <string.h>
| #endif
| #ifdef HAVE_INTTYPES_H
| # include <inttypes.h>
| #endif
| #ifdef HAVE_STDINT_H
| # include <stdint.h>
| #endif
| #ifdef HAVE_STRINGS_H
| # include <strings.h>
| #endif
| #ifdef HAVE_SYS_TYPES_H
| # include <sys/types.h>
| #endif
| #ifdef HAVE_SYS_STAT_H
| # include <sys/stat.h>
| #endif
| #ifdef HAVE_UNISTD_H
| # include <unistd.h>
| #endif
| int
| main (void)
| {
| if (sizeof ((ssize_t)))
| 	    return 0;
|   ;
|   return 0;
| }
configure:17231: result: yes
configure:17241: checking for time_t
configure:17241: /usr/bin/clang -c -g -O2  conftest.c >&5
configure:17241: $? = 0
configure:17241: /usr/bin/clang -c -g -O2  conftest.c >&5
conftest.c:382:21: error: expected expression
  382 | if (sizeof ((time_t)))
      |                     ^
1 error generated.
configure:17241: $? = 1
configure: failed program was:
| /* confdefs.h */
| #define PACKAGE_NAME "bash"
| #define PACKAGE_TARNAME "bash"
| #define PACKAGE_VERSION "5.2-release"
| #define PACKAGE_STRING "bash 5.2-release"
| #define PACKAGE_BUGREPORT "bug-bash@gnu.org"
| #define PACKAGE_URL ""
| #define USING_BASH_MALLOC 1
| #define ALIAS 1
| #define PUSHD_AND_POPD 1
| #define RESTRICTED_SHELL 1
| #define PROCESS_SUBSTITUTION 1
| #define PROMPT_STRING_DECODE 1
| #define SELECT_COMMAND 1
| #define HELP_BUILTIN 1
| #define ARRAY_VARS 1
| #define DPAREN_ARITHMETIC 1
| #define BRACE_EXPANSION 1
| #define COMMAND_TIMING 1
| #define EXTENDED_GLOB 1
| #define EXTGLOB_DEFAULT 0
| #define COND_COMMAND 1
| #define COND_REGEXP 1
| #define COPROCESS_SUPPORT 1
| #define ARITH_FOR_COMMAND 1
| #define NETWORK_REDIRECTIONS 1
| #define PROGRAMMABLE_COMPLETION 1
| #define DEBUGGER 1
| #define CASEMOD_ATTRS 1
| #define CASEMOD_EXPANSIONS 1
| #define GLOBASCII_DEFAULT 1
| #define FUNCTION_IMPORT 1
| #define TRANSLATABLE_STRINGS 1
| #define MEMSCRAMBLE 1
| #define HAVE_STDIO_H 1
| #define HAVE_STDLIB_H 1
| #define HAVE_STRING_H 1
| #define HAVE_INTTYPES_H 1
| #define HAVE_STDINT_H 1
| #define HAVE_STRINGS_H 1
| #define HAVE_SYS_STAT_H 1
| #define HAVE_SYS_TYPES_H 1
| #define HAVE_UNISTD_H 1
| #define HAVE_WCHAR_H 1
| #define HAVE_SYS_PARAM_H 1
| #define HAVE_SYS_TIME_H 1
| #define STDC_HEADERS 1
| #define _ALL_SOURCE 1
| #define _DARWIN_C_SOURCE 1
| #define _GNU_SOURCE 1
| #define _HPUX_ALT_XOPEN_SOCKET_API 1
| #define _NETBSD_SOURCE 1
| #define _OPENBSD_SOURCE 1
| #define _POSIX_PTHREAD_SEMANTICS 1
| #define __STDC_WANT_IEC_60559_ATTRIBS_EXT__ 1
| #define __STDC_WANT_IEC_60559_BFP_EXT__ 1
| #define __STDC_WANT_IEC_60559_DFP_EXT__ 1
| #define __STDC_WANT_IEC_60559_FUNCS_EXT__ 1
| #define __STDC_WANT_IEC_60559_TYPES_EXT__ 1
| #define __STDC_WANT_LIB_EXT2__ 1
| #define __STDC_WANT_MATH_SPEC_FUNCS__ 1
| #define _TANDEM_SOURCE 1
| #define __EXTENSIONS__ 1
| #define READLINE 1
| #define HISTORY 1
| #define BANG_HISTORY 1
| #define HAVE_STRINGIZE 1
| #define HAVE_LONG_DOUBLE 1
| #define PROTOTYPES 1
| #define __PROTOTYPES 1
| #define restrict __restrict__
| #define HAVE_VISIBILITY 1
| #define HAVE_STDINT_H_WITH_UINTMAX 1
| #define HAVE_ALLOCA_H 1
| #define HAVE_ALLOCA 1
| #define HAVE_GETPAGESIZE 1
| #define HAVE_SYMLINK 1
| #define HAVE_USELOCALE 1
| #define HAVE_VPRINTF 1
| #define HAVE_ALARM 1
| #define HAVE___FPURGE 1
| #define HAVE_SNPRINTF 1
| #define HAVE_VSNPRINTF 1
| #define HAVE_MMAP 1
| #define INTDIV0_RAISES_SIGFPE 1
| #define HAVE_INTTYPES_H_WITH_UINTMAX 1
| #define HAVE_UNSIGNED_LONG_LONG_INT 1
| #define HAVE_UINTMAX_T 1
| #define HAVE_INTTYPES_H 1
| #define USE_POSIX_THREADS 1
| #define USE_POSIX_THREADS_WEAK 1
| #define HAVE_PTHREAD_RWLOCK 1
| #define HAVE_PTHREAD_MUTEX_RECURSIVE 1
| #define HAVE_ICONV 1
| #define ICONV_CONST 
| #define HAVE_BUILTIN_EXPECT 1
| #define HAVE_ARGZ_H 1
| #define HAVE_INTTYPES_H 1
| #define HAVE_LIMITS_H 1
| #define HAVE_UNISTD_H 1
| #define HAVE_SYS_PARAM_H 1
| #define HAVE_GETCWD 1
| #define HAVE_GETEGID 1
| #define HAVE_GETEUID 1
| #define HAVE_GETGID 1
| #define HAVE_GETUID 1
| #define HAVE_MEMPCPY 1
| #define HAVE_MUNMAP 1
| #define HAVE_STPCPY 1
| #define HAVE_STRCASECMP 1
| #define HAVE_STRDUP 1
| #define HAVE_STRTOUL 1
| #define HAVE_TSEARCH 1
| #define HAVE_ARGZ_COUNT 1
| #define HAVE_ARGZ_STRINGIFY 1
| #define HAVE_ARGZ_NEXT 1
| #define HAVE___FSETLOCKING 1
| #define HAVE_LOCALECONV 1
| #define HAVE_DECL_FEOF_UNLOCKED 1
| #define HAVE_DECL_FGETS_UNLOCKED 1
| #define HAVE_LONG_LONG_INT 1
| #define HAVE_WCHAR_T 1
| #define HAVE_WINT_T 1
| #define HAVE_INTMAX_T 1
| #define HAVE_POSIX_PRINTF 1
| #define HAVE_STDINT_H 1
| #define HAVE_STDINT_H 1
| #define HAVE_WORKING_O_NOATIME 1
| #define HAVE_WORKING_O_NOFOLLOW 1
| #define HAVE_WORKING_USELOCALE 1
| #define FLEXIBLE_ARRAY_MEMBER /**/
| #define HAVE_FEATURES_H 1
| #define HAVE_STDDEF_H 1
| #define HAVE_STDLIB_H 1
| #define HAVE_STRING_H 1
| #define HAVE_ASPRINTF 1
| #define HAVE_FWPRINTF 1
| #define HAVE_NEWLOCALE 1
| #define HAVE_PUTENV 1
| #define HAVE_SETENV 1
| #define HAVE_SETLOCALE 1
| #define HAVE_SNPRINTF 1
| #define HAVE_STRNLEN 1
| #define HAVE_USELOCALE 1
| #define HAVE_WCSLEN 1
| #define HAVE_WCSNLEN 1
| #define HAVE_MBRTOWC 1
| #define HAVE_WCRTOMB 1
| #define HAVE_DECL__SNPRINTF 0
| #define HAVE_DECL__SNWPRINTF 0
| #define HAVE_DECL_GETC_UNLOCKED 1
| #define HAVE_LANGINFO_CODESET 1
| #define HAVE_LC_MESSAGES 1
| #define ENABLE_NLS 1
| #define HAVE_GETTEXT 1
| #define HAVE_DCGETTEXT 1
| #define HAVE_DIRENT_H 1
| #define MAJOR_IN_SYSMACROS 1
| #define HAVE_INTTYPES_H 1
| #define HAVE_UNISTD_H 1
| #define HAVE_STDLIB_H 1
| #define HAVE_STDARG_H 1
| #define HAVE_LIMITS_H 1
| #define HAVE_STRING_H 1
| #define HAVE_MEMORY_H 1
| #define HAVE_LOCALE_H 1
| #define HAVE_TERMCAP_H 1
| #define HAVE_TERMIO_H 1
| #define HAVE_TERMIOS_H 1
| #define HAVE_DLFCN_H 1
| #define HAVE_STDBOOL_H 1
| #define HAVE_STDDEF_H 1
| #define HAVE_STDINT_H 1
| #define HAVE_NETDB_H 1
| #define HAVE_PWD_H 1
| #define HAVE_GRP_H 1
| #define HAVE_STRINGS_H 1
| #define HAVE_REGEX_H 1
| #define HAVE_SYSLOG_H 1
| #define HAVE_ULIMIT_H 1
| #define HAVE_SYS_SELECT_H 1
| #define HAVE_SYS_FILE_H 1
| #define HAVE_SYS_IOCTL_H 1
| #define HAVE_SYS_MMAN_H 1
| #define HAVE_SYS_PARAM_H 1
| #define HAVE_SYS_RANDOM_H 1
| #define HAVE_SYS_SOCKET_H 1
| #define HAVE_SYS_STAT_H 1
| #define HAVE_SYS_TIME_H 1
| #define HAVE_SYS_TIMES_H 1
| #define HAVE_SYS_TYPES_H 1
| #define HAVE_SYS_WAIT_H 1
| #define HAVE_NETINET_IN_H 1
| #define HAVE_ARPA_INET_H 1
| #define HAVE_SYS_RESOURCE_H 1
| #define HAVE_ALLOCA_H 1
| #define HAVE_ALLOCA 1
| #define HAVE_CHOWN 1
| #define GETPGRP_VOID 1
| #define HAVE_STRCOLL 1
| #define HAVE_WAIT3 1
| #define HAVE_MKFIFO 1
| #define HAVE_DUP2 1
| #define HAVE_EACCESS 1
| #define HAVE_FCNTL 1
| #define HAVE_GETDTABLESIZE 1
| #define HAVE_GETENTROPY 1
| #define HAVE_GETGROUPS 1
| #define HAVE_GETHOSTNAME 1
| #define HAVE_GETPAGESIZE 1
| #define HAVE_GETPEERNAME 1
| #define HAVE_GETRANDOM 1
| #define HAVE_GETRLIMIT 1
| #define HAVE_GETRUSAGE 1
| #define HAVE_GETTIMEOFDAY 1
| #define HAVE_KILL 1
| #define HAVE_KILLPG 1
| #define HAVE_LSTAT 1
| #define HAVE_PSELECT 1
| #define HAVE_READLINK 1
| #define HAVE_SELECT 1
| #define HAVE_SETITIMER 1
| #define HAVE_TCGETPGRP 1
| #define HAVE_UNAME 1
| #define HAVE_ULIMIT 1
| #define HAVE_WAITPID 1
| #define HAVE_RENAME 1
| #define HAVE_BCOPY 1
| #define HAVE_BZERO 1
| #define HAVE_CONFSTR 1
| #define HAVE_FACCESSAT 1
| #define HAVE_FNMATCH 1
| #define HAVE_GETADDRINFO 1
| #define HAVE_GETHOSTBYNAME 1
| #define HAVE_GETSERVBYNAME 1
| #define HAVE_GETSERVENT 1
| #define HAVE_INET_ATON 1
| #define HAVE_IMAXDIV 1
| #define HAVE_MEMMOVE 1
| #define HAVE_PATHCONF 1
| #define HAVE_PUTENV 1
| #define HAVE_RAISE 1
| #define HAVE_RANDOM 1
| #define HAVE_REGCOMP 1
| #define HAVE_REGEXEC 1
| #define HAVE_SETENV 1
| #define HAVE_SETLINEBUF 1
| #define HAVE_SETLOCALE 1
| #define HAVE_SETVBUF 1
| #define HAVE_SIGINTERRUPT 1
| #define HAVE_STRCHR 1
| #define HAVE_SYSCONF 1
| #define HAVE_SYSLOG 1
| #define HAVE_TCGETATTR 1
| #define HAVE_TIMES 1
| #define HAVE_TTYNAME 1
| #define HAVE_TZSET 1
| #define HAVE_UNSETENV 1
| #define HAVE_VASPRINTF 1
| #define HAVE_ASPRINTF 1
| #define HAVE_ISASCII 1
| #define HAVE_ISBLANK 1
| #define HAVE_ISGRAPH 1
| #define HAVE_ISPRINT 1
| #define HAVE_ISSPACE 1
| #define HAVE_ISXDIGIT 1
| #define HAVE_GETPWENT 1
| #define HAVE_GETPWNAM 1
| #define HAVE_GETPWUID 1
| #define HAVE_MKSTEMP 1
| #define HAVE_MKDTEMP 1
| #define HAVE_ARC4RANDOM 1
| #define HAVE_GETCWD 1
| #define HAVE_MEMSET 1
| #define HAVE_STRCASECMP 1
| #define HAVE_STRCASESTR 1
| #define HAVE_STRERROR 1
| #define HAVE_STRFTIME 1
| #define HAVE_STRNLEN 1
| #define HAVE_STRPBRK 1
| #define HAVE_STRSTR 1
| #define HAVE_STRTOD 1
| #define HAVE_STRTOL 1
| #define HAVE_STRTOUL 1
| #define HAVE_STRTOLL 1
| #define HAVE_STRTOULL 1
| #define HAVE_STRTOUMAX 1
| #define HAVE_DPRINTF 1
| #define HAVE_STRCHRNUL 1
| #define HAVE_STRDUP 1
| #define HAVE_DECL_AUDIT_USER_TTY 1
| #define HAVE_DECL_CONFSTR 1
| #define HAVE_DECL_PRINTF 1
| #define HAVE_DECL_SBRK 1
| #define HAVE_DECL_SETREGID 1
| #define HAVE_DECL_STRCPY 1
| #define HAVE_DECL_STRSIGNAL 1
| #define HAVE_SETRESUID 1
| #define HAVE_SETRESGID 1
| #define HAVE_DECL_STRTOLD 1
| #define HAVE_DECL_STRTOL 1
| #define HAVE_DECL_STRTOLL 1
| #define HAVE_DECL_STRTOUL 1
| #define HAVE_DECL_STRTOULL 1
| #define HAVE_DECL_STRTOUMAX 1
| #define HAVE_ARGZ_H 1
| #define HAVE_ERRNO_H 1
| #define HAVE_FCNTL_H 1
| #define HAVE_MALLOC_H 1
| #define HAVE_STDIO_EXT_H 1
| #define HAVE_MMAP 1
| #define HAVE___ARGZ_COUNT 1
| #define HAVE___ARGZ_NEXT 1
| #define HAVE___ARGZ_STRINGIFY 1
| #define HAVE_DCGETTEXT 1
| #define HAVE_MEMPCPY 1
| #define HAVE_MUNMAP 1
| #define HAVE_MREMAP 1
| #define HAVE_STPCPY 1
| #define HAVE_STRCSPN 1
| #define HAVE_WCTYPE_H 1
| #define HAVE_WCHAR_H 1
| #define HAVE_LANGINFO_H 1
| #define HAVE_MBRLEN 1
| #define HAVE_MBSNRTOWCS 1
| #define HAVE_MBSRTOWCS 1
| #define HAVE_WCRTOMB 1
| #define HAVE_WCSCOLL 1
| #define HAVE_WCSDUP 1
| #define HAVE_WCWIDTH 1
| #define HAVE_WCTYPE 1
| #define HAVE_WCSWIDTH 1
| #define HAVE_MBRTOWC 1
| #define HAVE_MBSTATE_T 1
| #define HAVE_ISWLOWER 1
| #define HAVE_ISWUPPER 1
| #define HAVE_TOWLOWER 1
| #define HAVE_TOWUPPER 1
| #define HAVE_ISWCTYPE 1
| #define HAVE_WCHAR_T 1
| #define HAVE_WCTYPE_T 1
| #define HAVE_WINT_T 1
| #define SIZEOF_WCHAR_T 4
| #define HAVE_LIBDL 1
| #define HAVE_DLOPEN 1
| #define HAVE_DLCLOSE 1
| #define HAVE_DLSYM 1
| #define GETGROUPS_T gid_t
| #define HAVE_UINTPTR_T 1
| /* end confdefs.h.  */
| #include <stddef.h>
| #ifdef HAVE_STDIO_H
| # include <stdio.h>
| #endif
| #ifdef HAVE_STDLIB_H
| # include <stdlib.h>
| #endif
| #ifdef HAVE_STRING_H
| # include <string.h>
| #endif
| #ifdef HAVE_INTTYPES_H
| # include <inttypes.h>
| #endif
| #ifdef HAVE_STDINT_H
| # include <stdint.h>
| #endif
| #ifdef HAVE_STRINGS_H
| # include <strings.h>
| #endif
| #ifdef HAVE_SYS_TYPES_H
| # include <sys/types.h>
| #endif
| #ifdef HAVE_SYS_STAT_H
| # include <sys/stat.h>
| #endif
| #ifdef HAVE_UNISTD_H
| # include <unistd.h>
| #endif
| int
| main (void)
| {
| if (sizeof ((time_t)))
| 	    return 0;
|   ;
|   return 0;
| }
configure:17241: result: yes
configure:17254: checking for long long int
configure:17309: result: yes
configure:17318: checking for unsigned long long int
configure:17370: result: yes
configure:17379: checking for sig_atomic_t in signal.h
configure:17396: /usr/bin/clang -o conftest -g -O2   conftest.c -ldl  >&5
configure:17396: $? = 0
configure:17405: result: yes
configure:17461: checking size of char
configure:17467: /usr/bin/clang -o conftest -g -O2   conftest.c -ldl  >&5
configure:17467: $? = 0
configure:17467: ./conftest
configure:17467: $? = 0
configure:17482: result: 1
configure:17494: checking size of short
configure:17500: /usr/bin/clang -o conftest -g -O2   conftest.c -ldl  >&5
configure:17500: $? = 0
configure:17500: ./conftest
configure:17500: $? = 0
configure:17515: result: 2
configure:17527: checking size of int
configure:17533: /usr/bin/clang -o conftest -g -O2   conftest.c -ldl  >&5
configure:17533: $? = 0
configure:17533: ./conftest
configure:17533: $? = 0
configure:17548: result: 4
configure:17560: checking size of long
configure:17566: /usr/bin/clang -o conftest -g -O2   conftest.c -ldl  >&5
configure:17566: $? = 0
configure:17566: ./conftest
configure:17566: $? = 0
configure:17581: result: 8
configure:17593: checking size of char *
configure:17599: /usr/bin/clang -o conftest -g -O2   conftest.c -ldl  >&5
configure:17599: $? = 0
configure:17599: ./conftest
configure:17599: $? = 0
configure:17614: result: 8
configure:17626: checking size of size_t
configure:17632: /usr/bin/clang -o conftest -g -O2   conftest.c -ldl  >&5
configure:17632: $? = 0
configure:17632: ./conftest
configure:17632: $? = 0
configure:17647: result: 8
configure:17659: checking size of double
configure:17665: /usr/bin/clang -o conftest -g -O2   conftest.c -ldl  >&5
configure:17665: $? = 0
configure:17665: ./conftest
configure:17665: $? = 0
configure:17680: result: 8
configure:17692: checking size of long long
configure:17698: /usr/bin/clang -o conftest -g -O2   conftest.c -ldl  >&5
configure:17698: $? = 0
configure:17698: ./conftest
configure:17698: $? = 0
configure:17713: result: 8
configure:17722: checking for u_int
configure:17722: /usr/bin/clang -c -g -O2  conftest.c >&5
configure:17722: $? = 0
configure:17722: /usr/bin/clang -c -g -O2  conftest.c >&5
conftest.c:392:20: error: expected expression
  392 | if (sizeof ((u_int)))
      |                    ^
1 error generated.
configure:17722: $? = 1
configure: failed program was:
| /* confdefs.h */
| #define PACKAGE_NAME "bash"
| #define PACKAGE_TARNAME "bash"
| #define PACKAGE_VERSION "5.2-release"
| #define PACKAGE_STRING "bash 5.2-release"
| #define PACKAGE_BUGREPORT "bug-bash@gnu.org"
| #define PACKAGE_URL ""
| #define USING_BASH_MALLOC 1
| #define ALIAS 1
| #define PUSHD_AND_POPD 1
| #define RESTRICTED_SHELL 1
| #define PROCESS_SUBSTITUTION 1
| #define PROMPT_STRING_DECODE 1
| #define SELECT_COMMAND 1
| #define HELP_BUILTIN 1
| #define ARRAY_VARS 1
| #define DPAREN_ARITHMETIC 1
| #define BRACE_EXPANSION 1
| #define COMMAND_TIMING 1
| #define EXTENDED_GLOB 1
| #define EXTGLOB_DEFAULT 0
| #define COND_COMMAND 1
| #define COND_REGEXP 1
| #define COPROCESS_SUPPORT 1
| #define ARITH_FOR_COMMAND 1
| #define NETWORK_REDIRECTIONS 1
| #define PROGRAMMABLE_COMPLETION 1
| #define DEBUGGER 1
| #define CASEMOD_ATTRS 1
| #define CASEMOD_EXPANSIONS 1
| #define GLOBASCII_DEFAULT 1
| #define FUNCTION_IMPORT 1
| #define TRANSLATABLE_STRINGS 1
| #define MEMSCRAMBLE 1
| #define HAVE_STDIO_H 1
| #define HAVE_STDLIB_H 1
| #define HAVE_STRING_H 1
| #define HAVE_INTTYPES_H 1
| #define HAVE_STDINT_H 1
| #define HAVE_STRINGS_H 1
| #define HAVE_SYS_STAT_H 1
| #define HAVE_SYS_TYPES_H 1
| #define HAVE_UNISTD_H 1
| #define HAVE_WCHAR_H 1
| #define HAVE_SYS_PARAM_H 1
| #define HAVE_SYS_TIME_H 1
| #define STDC_HEADERS 1
| #define _ALL_SOURCE 1
| #define _DARWIN_C_SOURCE 1
| #define _GNU_SOURCE 1
| #define _HPUX_ALT_XOPEN_SOCKET_API 1
| #define _NETBSD_SOURCE 1
| #define _OPENBSD_SOURCE 1
| #define _POSIX_PTHREAD_SEMANTICS 1
| #define __STDC_WANT_IEC_60559_ATTRIBS_EXT__ 1
| #define __STDC_WANT_IEC_60559_BFP_EXT__ 1
| #define __STDC_WANT_IEC_60559_DFP_EXT__ 1
| #define __STDC_WANT_IEC_60559_FUNCS_EXT__ 1
| #define __STDC_WANT_IEC_60559_TYPES_EXT__ 1
| #define __STDC_WANT_LIB_EXT2__ 1
| #define __STDC_WANT_MATH_SPEC_FUNCS__ 1
| #define _TANDEM_SOURCE 1
| #define __EXTENSIONS__ 1
| #define READLINE 1
| #define HISTORY 1
| #define BANG_HISTORY 1
| #define HAVE_STRINGIZE 1
| #define HAVE_LONG_DOUBLE 1
| #define PROTOTYPES 1
| #define __PROTOTYPES 1
| #define restrict __restrict__
| #define HAVE_VISIBILITY 1
| #define HAVE_STDINT_H_WITH_UINTMAX 1
| #define HAVE_ALLOCA_H 1
| #define HAVE_ALLOCA 1
| #define HAVE_GETPAGESIZE 1
| #define HAVE_SYMLINK 1
| #define HAVE_USELOCALE 1
| #define HAVE_VPRINTF 1
| #define HAVE_ALARM 1
| #define HAVE___FPURGE 1
| #define HAVE_SNPRINTF 1
| #define HAVE_VSNPRINTF 1
| #define HAVE_MMAP 1
| #define INTDIV0_RAISES_SIGFPE 1
| #define HAVE_INTTYPES_H_WITH_UINTMAX 1
| #define HAVE_UNSIGNED_LONG_LONG_INT 1
| #define HAVE_UINTMAX_T 1
| #define HAVE_INTTYPES_H 1
| #define USE_POSIX_THREADS 1
| #define USE_POSIX_THREADS_WEAK 1
| #define HAVE_PTHREAD_RWLOCK 1
| #define HAVE_PTHREAD_MUTEX_RECURSIVE 1
| #define HAVE_ICONV 1
| #define ICONV_CONST 
| #define HAVE_BUILTIN_EXPECT 1
| #define HAVE_ARGZ_H 1
| #define HAVE_INTTYPES_H 1
| #define HAVE_LIMITS_H 1
| #define HAVE_UNISTD_H 1
| #define HAVE_SYS_PARAM_H 1
| #define HAVE_GETCWD 1
| #define HAVE_GETEGID 1
| #define HAVE_GETEUID 1
| #define HAVE_GETGID 1
| #define HAVE_GETUID 1
| #define HAVE_MEMPCPY 1
| #define HAVE_MUNMAP 1
| #define HAVE_STPCPY 1
| #define HAVE_STRCASECMP 1
| #define HAVE_STRDUP 1
| #define HAVE_STRTOUL 1
| #define HAVE_TSEARCH 1
| #define HAVE_ARGZ_COUNT 1
| #define HAVE_ARGZ_STRINGIFY 1
| #define HAVE_ARGZ_NEXT 1
| #define HAVE___FSETLOCKING 1
| #define HAVE_LOCALECONV 1
| #define HAVE_DECL_FEOF_UNLOCKED 1
| #define HAVE_DECL_FGETS_UNLOCKED 1
| #define HAVE_LONG_LONG_INT 1
| #define HAVE_WCHAR_T 1
| #define HAVE_WINT_T 1
| #define HAVE_INTMAX_T 1
| #define HAVE_POSIX_PRINTF 1
| #define HAVE_STDINT_H 1
| #define HAVE_STDINT_H 1
| #define HAVE_WORKING_O_NOATIME 1
| #define HAVE_WORKING_O_NOFOLLOW 1
| #define HAVE_WORKING_USELOCALE 1
| #define FLEXIBLE_ARRAY_MEMBER /**/
| #define HAVE_FEATURES_H 1
| #define HAVE_STDDEF_H 1
| #define HAVE_STDLIB_H 1
| #define HAVE_STRING_H 1
| #define HAVE_ASPRINTF 1
| #define HAVE_FWPRINTF 1
| #define HAVE_NEWLOCALE 1
| #define HAVE_PUTENV 1
| #define HAVE_SETENV 1
| #define HAVE_SETLOCALE 1
| #define HAVE_SNPRINTF 1
| #define HAVE_STRNLEN 1
| #define HAVE_USELOCALE 1
| #define HAVE_WCSLEN 1
| #define HAVE_WCSNLEN 1
| #define HAVE_MBRTOWC 1
| #define HAVE_WCRTOMB 1
| #define HAVE_DECL__SNPRINTF 0
| #define HAVE_DECL__SNWPRINTF 0
| #define HAVE_DECL_GETC_UNLOCKED 1
| #define HAVE_LANGINFO_CODESET 1
| #define HAVE_LC_MESSAGES 1
| #define ENABLE_NLS 1
| #define HAVE_GETTEXT 1
| #define HAVE_DCGETTEXT 1
| #define HAVE_DIRENT_H 1
| #define MAJOR_IN_SYSMACROS 1
| #define HAVE_INTTYPES_H 1
| #define HAVE_UNISTD_H 1
| #define HAVE_STDLIB_H 1
| #define HAVE_STDARG_H 1
| #define HAVE_LIMITS_H 1
| #define HAVE_STRING_H 1
| #define HAVE_MEMORY_H 1
| #define HAVE_LOCALE_H 1
| #define HAVE_TERMCAP_H 1
| #define HAVE_TERMIO_H 1
| #define HAVE_TERMIOS_H 1
| #define HAVE_DLFCN_H 1
| #define HAVE_STDBOOL_H 1
| #define HAVE_STDDEF_H 1
| #define HAVE_STDINT_H 1
| #define HAVE_NETDB_H 1
| #define HAVE_PWD_H 1
| #define HAVE_GRP_H 1
| #define HAVE_STRINGS_H 1
| #define HAVE_REGEX_H 1
| #define HAVE_SYSLOG_H 1
| #define HAVE_ULIMIT_H 1
| #define HAVE_SYS_SELECT_H 1
| #define HAVE_SYS_FILE_H 1
| #define HAVE_SYS_IOCTL_H 1
| #define HAVE_SYS_MMAN_H 1
| #define HAVE_SYS_PARAM_H 1
| #define HAVE_SYS_RANDOM_H 1
| #define HAVE_SYS_SOCKET_H 1
| #define HAVE_SYS_STAT_H 1
| #define HAVE_SYS_TIME_H 1
| #define HAVE_SYS_TIMES_H 1
| #define HAVE_SYS_TYPES_H 1
| #define HAVE_SYS_WAIT_H 1
| #define HAVE_NETINET_IN_H 1
| #define HAVE_ARPA_INET_H 1
| #define HAVE_SYS_RESOURCE_H 1
| #define HAVE_ALLOCA_H 1
| #define HAVE_ALLOCA 1
| #define HAVE_CHOWN 1
| #define GETPGRP_VOID 1
| #define HAVE_STRCOLL 1
| #define HAVE_WAIT3 1
| #define HAVE_MKFIFO 1
| #define HAVE_DUP2 1
| #define HAVE_EACCESS 1
| #define HAVE_FCNTL 1
| #define HAVE_GETDTABLESIZE 1
| #define HAVE_GETENTROPY 1
| #define HAVE_GETGROUPS 1
| #define HAVE_GETHOSTNAME 1
| #define HAVE_GETPAGESIZE 1
| #define HAVE_GETPEERNAME 1
| #define HAVE_GETRANDOM 1
| #define HAVE_GETRLIMIT 1
| #define HAVE_GETRUSAGE 1
| #define HAVE_GETTIMEOFDAY 1
| #define HAVE_KILL 1
| #define HAVE_KILLPG 1
| #define HAVE_LSTAT 1
| #define HAVE_PSELECT 1
| #define HAVE_READLINK 1
| #define HAVE_SELECT 1
| #define HAVE_SETITIMER 1
| #define HAVE_TCGETPGRP 1
| #define HAVE_UNAME 1
| #define HAVE_ULIMIT 1
| #define HAVE_WAITPID 1
| #define HAVE_RENAME 1
| #define HAVE_BCOPY 1
| #define HAVE_BZERO 1
| #define HAVE_CONFSTR 1
| #define HAVE_FACCESSAT 1
| #define HAVE_FNMATCH 1
| #define HAVE_GETADDRINFO 1
| #define HAVE_GETHOSTBYNAME 1
| #define HAVE_GETSERVBYNAME 1
| #define HAVE_GETSERVENT 1
| #define HAVE_INET_ATON 1
| #define HAVE_IMAXDIV 1
| #define HAVE_MEMMOVE 1
| #define HAVE_PATHCONF 1
| #define HAVE_PUTENV 1
| #define HAVE_RAISE 1
| #define HAVE_RANDOM 1
| #define HAVE_REGCOMP 1
| #define HAVE_REGEXEC 1
| #define HAVE_SETENV 1
| #define HAVE_SETLINEBUF 1
| #define HAVE_SETLOCALE 1
| #define HAVE_SETVBUF 1
| #define HAVE_SIGINTERRUPT 1
| #define HAVE_STRCHR 1
| #define HAVE_SYSCONF 1
| #define HAVE_SYSLOG 1
| #define HAVE_TCGETATTR 1
| #define HAVE_TIMES 1
| #define HAVE_TTYNAME 1
| #define HAVE_TZSET 1
| #define HAVE_UNSETENV 1
| #define HAVE_VASPRINTF 1
| #define HAVE_ASPRINTF 1
| #define HAVE_ISASCII 1
| #define HAVE_ISBLANK 1
| #define HAVE_ISGRAPH 1
| #define HAVE_ISPRINT 1
| #define HAVE_ISSPACE 1
| #define HAVE_ISXDIGIT 1
| #define HAVE_GETPWENT 1
| #define HAVE_GETPWNAM 1
| #define HAVE_GETPWUID 1
| #define HAVE_MKSTEMP 1
| #define HAVE_MKDTEMP 1
| #define HAVE_ARC4RANDOM 1
| #define HAVE_GETCWD 1
| #define HAVE_MEMSET 1
| #define HAVE_STRCASECMP 1
| #define HAVE_STRCASESTR 1
| #define HAVE_STRERROR 1
| #define HAVE_STRFTIME 1
| #define HAVE_STRNLEN 1
| #define HAVE_STRPBRK 1
| #define HAVE_STRSTR 1
| #define HAVE_STRTOD 1
| #define HAVE_STRTOL 1
| #define HAVE_STRTOUL 1
| #define HAVE_STRTOLL 1
| #define HAVE_STRTOULL 1
| #define HAVE_STRTOUMAX 1
| #define HAVE_DPRINTF 1
| #define HAVE_STRCHRNUL 1
| #define HAVE_STRDUP 1
| #define HAVE_DECL_AUDIT_USER_TTY 1
| #define HAVE_DECL_CONFSTR 1
| #define HAVE_DECL_PRINTF 1
| #define HAVE_DECL_SBRK 1
| #define HAVE_DECL_SETREGID 1
| #define HAVE_DECL_STRCPY 1
| #define HAVE_DECL_STRSIGNAL 1
| #define HAVE_SETRESUID 1
| #define HAVE_SETRESGID 1
| #define HAVE_DECL_STRTOLD 1
| #define HAVE_DECL_STRTOL 1
| #define HAVE_DECL_STRTOLL 1
| #define HAVE_DECL_STRTOUL 1
| #define HAVE_DECL_STRTOULL 1
| #define HAVE_DECL_STRTOUMAX 1
| #define HAVE_ARGZ_H 1
| #define HAVE_ERRNO_H 1
| #define HAVE_FCNTL_H 1
| #define HAVE_MALLOC_H 1
| #define HAVE_STDIO_EXT_H 1
| #define HAVE_MMAP 1
| #define HAVE___ARGZ_COUNT 1
| #define HAVE___ARGZ_NEXT 1
| #define HAVE___ARGZ_STRINGIFY 1
| #define HAVE_DCGETTEXT 1
| #define HAVE_MEMPCPY 1
| #define HAVE_MUNMAP 1
| #define HAVE_MREMAP 1
| #define HAVE_STPCPY 1
| #define HAVE_STRCSPN 1
| #define HAVE_WCTYPE_H 1
| #define HAVE_WCHAR_H 1
| #define HAVE_LANGINFO_H 1
| #define HAVE_MBRLEN 1
| #define HAVE_MBSNRTOWCS 1
| #define HAVE_MBSRTOWCS 1
| #define HAVE_WCRTOMB 1
| #define HAVE_WCSCOLL 1
| #define HAVE_WCSDUP 1
| #define HAVE_WCWIDTH 1
| #define HAVE_WCTYPE 1
| #define HAVE_WCSWIDTH 1
| #define HAVE_MBRTOWC 1
| #define HAVE_MBSTATE_T 1
| #define HAVE_ISWLOWER 1
| #define HAVE_ISWUPPER 1
| #define HAVE_TOWLOWER 1
| #define HAVE_TOWUPPER 1
| #define HAVE_ISWCTYPE 1
| #define HAVE_WCHAR_T 1
| #define HAVE_WCTYPE_T 1
| #define HAVE_WINT_T 1
| #define SIZEOF_WCHAR_T 4
| #define HAVE_LIBDL 1
| #define HAVE_DLOPEN 1
| #define HAVE_DLCLOSE 1
| #define HAVE_DLSYM 1
| #define GETGROUPS_T gid_t
| #define HAVE_UINTPTR_T 1
| #define HAVE_LONG_LONG_INT 1
| #define HAVE_UNSIGNED_LONG_LONG_INT 1
| #define SIZEOF_CHAR 1
| #define SIZEOF_SHORT 2
| #define SIZEOF_INT 4
| #define SIZEOF_LONG 8
| #define SIZEOF_CHAR_P 8
| #define SIZEOF_SIZE_T 8
| #define SIZEOF_DOUBLE 8
| #define SIZEOF_LONG_LONG 8
| /* end confdefs.h.  */
| #include <stddef.h>
| #ifdef HAVE_STDIO_H
| # include <stdio.h>
| #endif
| #ifdef HAVE_STDLIB_H
| # include <stdlib.h>
| #endif
| #ifdef HAVE_STRING_H
| # include <string.h>
| #endif
| #ifdef HAVE_INTTYPES_H
| # include <inttypes.h>
| #endif
| #ifdef HAVE_STDINT_H
| # include <stdint.h>
| #endif
| #ifdef HAVE_STRINGS_H
| # include <strings.h>
| #endif
| #ifdef HAVE_SYS_TYPES_H
| # include <sys/types.h>
| #endif
| #ifdef HAVE_SYS_STAT_H
| # include <sys/stat.h>
| #endif
| #ifdef HAVE_UNISTD_H
| # include <unistd.h>
| #endif
| int
| main (void)
| {
| if (sizeof ((u_int)))
| 	    return 0;
|   ;
|   return 0;
| }
configure:17722: result: yes
configure:17732: checking for u_long
configure:17732: /usr/bin/clang -c -g -O2  conftest.c >&5
configure:17732: $? = 0
configure:17732: /usr/bin/clang -c -g -O2  conftest.c >&5
conftest.c:392:21: error: expected expression
  392 | if (sizeof ((u_long)))
      |                     ^
1 error generated.
configure:17732: $? = 1
configure: failed program was:
| /* confdefs.h */
| #define PACKAGE_NAME "bash"
| #define PACKAGE_TARNAME "bash"
| #define PACKAGE_VERSION "5.2-release"
| #define PACKAGE_STRING "bash 5.2-release"
| #define PACKAGE_BUGREPORT "bug-bash@gnu.org"
| #define PACKAGE_URL ""
| #define USING_BASH_MALLOC 1
| #define ALIAS 1
| #define PUSHD_AND_POPD 1
| #define RESTRICTED_SHELL 1
| #define PROCESS_SUBSTITUTION 1
| #define PROMPT_STRING_DECODE 1
| #define SELECT_COMMAND 1
| #define HELP_BUILTIN 1
| #define ARRAY_VARS 1
| #define DPAREN_ARITHMETIC 1
| #define BRACE_EXPANSION 1
| #define COMMAND_TIMING 1
| #define EXTENDED_GLOB 1
| #define EXTGLOB_DEFAULT 0
| #define COND_COMMAND 1
| #define COND_REGEXP 1
| #define COPROCESS_SUPPORT 1
| #define ARITH_FOR_COMMAND 1
| #define NETWORK_REDIRECTIONS 1
| #define PROGRAMMABLE_COMPLETION 1
| #define DEBUGGER 1
| #define CASEMOD_ATTRS 1
| #define CASEMOD_EXPANSIONS 1
| #define GLOBASCII_DEFAULT 1
| #define FUNCTION_IMPORT 1
| #define TRANSLATABLE_STRINGS 1
| #define MEMSCRAMBLE 1
| #define HAVE_STDIO_H 1
| #define HAVE_STDLIB_H 1
| #define HAVE_STRING_H 1
| #define HAVE_INTTYPES_H 1
| #define HAVE_STDINT_H 1
| #define HAVE_STRINGS_H 1
| #define HAVE_SYS_STAT_H 1
| #define HAVE_SYS_TYPES_H 1
| #define HAVE_UNISTD_H 1
| #define HAVE_WCHAR_H 1
| #define HAVE_SYS_PARAM_H 1
| #define HAVE_SYS_TIME_H 1
| #define STDC_HEADERS 1
| #define _ALL_SOURCE 1
| #define _DARWIN_C_SOURCE 1
| #define _GNU_SOURCE 1
| #define _HPUX_ALT_XOPEN_SOCKET_API 1
| #define _NETBSD_SOURCE 1
| #define _OPENBSD_SOURCE 1
| #define _POSIX_PTHREAD_SEMANTICS 1
| #define __STDC_WANT_IEC_60559_ATTRIBS_EXT__ 1
| #define __STDC_WANT_IEC_60559_BFP_EXT__ 1
| #define __STDC_WANT_IEC_60559_DFP_EXT__ 1
| #define __STDC_WANT_IEC_60559_FUNCS_EXT__ 1
| #define __STDC_WANT_IEC_60559_TYPES_EXT__ 1
| #define __STDC_WANT_LIB_EXT2__ 1
| #define __STDC_WANT_MATH_SPEC_FUNCS__ 1
| #define _TANDEM_SOURCE 1
| #define __EXTENSIONS__ 1
| #define READLINE 1
| #define HISTORY 1
| #define BANG_HISTORY 1
| #define HAVE_STRINGIZE 1
| #define HAVE_LONG_DOUBLE 1
| #define PROTOTYPES 1
| #define __PROTOTYPES 1
| #define restrict __restrict__
| #define HAVE_VISIBILITY 1
| #define HAVE_STDINT_H_WITH_UINTMAX 1
| #define HAVE_ALLOCA_H 1
| #define HAVE_ALLOCA 1
| #define HAVE_GETPAGESIZE 1
| #define HAVE_SYMLINK 1
| #define HAVE_USELOCALE 1
| #define HAVE_VPRINTF 1
| #define HAVE_ALARM 1
| #define HAVE___FPURGE 1
| #define HAVE_SNPRINTF 1
| #define HAVE_VSNPRINTF 1
| #define HAVE_MMAP 1
| #define INTDIV0_RAISES_SIGFPE 1
| #define HAVE_INTTYPES_H_WITH_UINTMAX 1
| #define HAVE_UNSIGNED_LONG_LONG_INT 1
| #define HAVE_UINTMAX_T 1
| #define HAVE_INTTYPES_H 1
| #define USE_POSIX_THREADS 1
| #define USE_POSIX_THREADS_WEAK 1
| #define HAVE_PTHREAD_RWLOCK 1
| #define HAVE_PTHREAD_MUTEX_RECURSIVE 1
| #define HAVE_ICONV 1
| #define ICONV_CONST 
| #define HAVE_BUILTIN_EXPECT 1
| #define HAVE_ARGZ_H 1
| #define HAVE_INTTYPES_H 1
| #define HAVE_LIMITS_H 1
| #define HAVE_UNISTD_H 1
| #define HAVE_SYS_PARAM_H 1
| #define HAVE_GETCWD 1
| #define HAVE_GETEGID 1
| #define HAVE_GETEUID 1
| #define HAVE_GETGID 1
| #define HAVE_GETUID 1
| #define HAVE_MEMPCPY 1
| #define HAVE_MUNMAP 1
| #define HAVE_STPCPY 1
| #define HAVE_STRCASECMP 1
| #define HAVE_STRDUP 1
| #define HAVE_STRTOUL 1
| #define HAVE_TSEARCH 1
| #define HAVE_ARGZ_COUNT 1
| #define HAVE_ARGZ_STRINGIFY 1
| #define HAVE_ARGZ_NEXT 1
| #define HAVE___FSETLOCKING 1
| #define HAVE_LOCALECONV 1
| #define HAVE_DECL_FEOF_UNLOCKED 1
| #define HAVE_DECL_FGETS_UNLOCKED 1
| #define HAVE_LONG_LONG_INT 1
| #define HAVE_WCHAR_T 1
| #define HAVE_WINT_T 1
| #define HAVE_INTMAX_T 1
| #define HAVE_POSIX_PRINTF 1
| #define HAVE_STDINT_H 1
| #define HAVE_STDINT_H 1
| #define HAVE_WORKING_O_NOATIME 1
| #define HAVE_WORKING_O_NOFOLLOW 1
| #define HAVE_WORKING_USELOCALE 1
| #define FLEXIBLE_ARRAY_MEMBER /**/
| #define HAVE_FEATURES_H 1
| #define HAVE_STDDEF_H 1
| #define HAVE_STDLIB_H 1
| #define HAVE_STRING_H 1
| #define HAVE_ASPRINTF 1
| #define HAVE_FWPRINTF 1
| #define HAVE_NEWLOCALE 1
| #define HAVE_PUTENV 1
| #define HAVE_SETENV 1
| #define HAVE_SETLOCALE 1
| #define HAVE_SNPRINTF 1
| #define HAVE_STRNLEN 1
| #define HAVE_USELOCALE 1
| #define HAVE_WCSLEN 1
| #define HAVE_WCSNLEN 1
| #define HAVE_MBRTOWC 1
| #define HAVE_WCRTOMB 1
| #define HAVE_DECL__SNPRINTF 0
| #define HAVE_DECL__SNWPRINTF 0
| #define HAVE_DECL_GETC_UNLOCKED 1
| #define HAVE_LANGINFO_CODESET 1
| #define HAVE_LC_MESSAGES 1
| #define ENABLE_NLS 1
| #define HAVE_GETTEXT 1
| #define HAVE_DCGETTEXT 1
| #define HAVE_DIRENT_H 1
| #define MAJOR_IN_SYSMACROS 1
| #define HAVE_INTTYPES_H 1
| #define HAVE_UNISTD_H 1
| #define HAVE_STDLIB_H 1
| #define HAVE_STDARG_H 1
| #define HAVE_LIMITS_H 1
| #define HAVE_STRING_H 1
| #define HAVE_MEMORY_H 1
| #define HAVE_LOCALE_H 1
| #define HAVE_TERMCAP_H 1
| #define HAVE_TERMIO_H 1
| #define HAVE_TERMIOS_H 1
| #define HAVE_DLFCN_H 1
| #define HAVE_STDBOOL_H 1
| #define HAVE_STDDEF_H 1
| #define HAVE_STDINT_H 1
| #define HAVE_NETDB_H 1
| #define HAVE_PWD_H 1
| #define HAVE_GRP_H 1
| #define HAVE_STRINGS_H 1
| #define HAVE_REGEX_H 1
| #define HAVE_SYSLOG_H 1
| #define HAVE_ULIMIT_H 1
| #define HAVE_SYS_SELECT_H 1
| #define HAVE_SYS_FILE_H 1
| #define HAVE_SYS_IOCTL_H 1
| #define HAVE_SYS_MMAN_H 1
| #define HAVE_SYS_PARAM_H 1
| #define HAVE_SYS_RANDOM_H 1
| #define HAVE_SYS_SOCKET_H 1
| #define HAVE_SYS_STAT_H 1
| #define HAVE_SYS_TIME_H 1
| #define HAVE_SYS_TIMES_H 1
| #define HAVE_SYS_TYPES_H 1
| #define HAVE_SYS_WAIT_H 1
| #define HAVE_NETINET_IN_H 1
| #define HAVE_ARPA_INET_H 1
| #define HAVE_SYS_RESOURCE_H 1
| #define HAVE_ALLOCA_H 1
| #define HAVE_ALLOCA 1
| #define HAVE_CHOWN 1
| #define GETPGRP_VOID 1
| #define HAVE_STRCOLL 1
| #define HAVE_WAIT3 1
| #define HAVE_MKFIFO 1
| #define HAVE_DUP2 1
| #define HAVE_EACCESS 1
| #define HAVE_FCNTL 1
| #define HAVE_GETDTABLESIZE 1
| #define HAVE_GETENTROPY 1
| #define HAVE_GETGROUPS 1
| #define HAVE_GETHOSTNAME 1
| #define HAVE_GETPAGESIZE 1
| #define HAVE_GETPEERNAME 1
| #define HAVE_GETRANDOM 1
| #define HAVE_GETRLIMIT 1
| #define HAVE_GETRUSAGE 1
| #define HAVE_GETTIMEOFDAY 1
| #define HAVE_KILL 1
| #define HAVE_KILLPG 1
| #define HAVE_LSTAT 1
| #define HAVE_PSELECT 1
| #define HAVE_READLINK 1
| #define HAVE_SELECT 1
| #define HAVE_SETITIMER 1
| #define HAVE_TCGETPGRP 1
| #define HAVE_UNAME 1
| #define HAVE_ULIMIT 1
| #define HAVE_WAITPID 1
| #define HAVE_RENAME 1
| #define HAVE_BCOPY 1
| #define HAVE_BZERO 1
| #define HAVE_CONFSTR 1
| #define HAVE_FACCESSAT 1
| #define HAVE_FNMATCH 1
| #define HAVE_GETADDRINFO 1
| #define HAVE_GETHOSTBYNAME 1
| #define HAVE_GETSERVBYNAME 1
| #define HAVE_GETSERVENT 1
| #define HAVE_INET_ATON 1
| #define HAVE_IMAXDIV 1
| #define HAVE_MEMMOVE 1
| #define HAVE_PATHCONF 1
| #define HAVE_PUTENV 1
| #define HAVE_RAISE 1
| #define HAVE_RANDOM 1
| #define HAVE_REGCOMP 1
| #define HAVE_REGEXEC 1
| #define HAVE_SETENV 1
| #define HAVE_SETLINEBUF 1
| #define HAVE_SETLOCALE 1
| #define HAVE_SETVBUF 1
| #define HAVE_SIGINTERRUPT 1
| #define HAVE_STRCHR 1
| #define HAVE_SYSCONF 1
| #define HAVE_SYSLOG 1
| #define HAVE_TCGETATTR 1
| #define HAVE_TIMES 1
| #define HAVE_TTYNAME 1
| #define HAVE_TZSET 1
| #define HAVE_UNSETENV 1
| #define HAVE_VASPRINTF 1
| #define HAVE_ASPRINTF 1
| #define HAVE_ISASCII 1
| #define HAVE_ISBLANK 1
| #define HAVE_ISGRAPH 1
| #define HAVE_ISPRINT 1
| #define HAVE_ISSPACE 1
| #define HAVE_ISXDIGIT 1
| #define HAVE_GETPWENT 1
| #define HAVE_GETPWNAM 1
| #define HAVE_GETPWUID 1
| #define HAVE_MKSTEMP 1
| #define HAVE_MKDTEMP 1
| #define HAVE_ARC4RANDOM 1
| #define HAVE_GETCWD 1
| #define HAVE_MEMSET 1
| #define HAVE_STRCASECMP 1
| #define HAVE_STRCASESTR 1
| #define HAVE_STRERROR 1
| #define HAVE_STRFTIME 1
| #define HAVE_STRNLEN 1
| #define HAVE_STRPBRK 1
| #define HAVE_STRSTR 1
| #define HAVE_STRTOD 1
| #define HAVE_STRTOL 1
| #define HAVE_STRTOUL 1
| #define HAVE_STRTOLL 1
| #define HAVE_STRTOULL 1
| #define HAVE_STRTOUMAX 1
| #define HAVE_DPRINTF 1
| #define HAVE_STRCHRNUL 1
| #define HAVE_STRDUP 1
| #define HAVE_DECL_AUDIT_USER_TTY 1
| #define HAVE_DECL_CONFSTR 1
| #define HAVE_DECL_PRINTF 1
| #define HAVE_DECL_SBRK 1
| #define HAVE_DECL_SETREGID 1
| #define HAVE_DECL_STRCPY 1
| #define HAVE_DECL_STRSIGNAL 1
| #define HAVE_SETRESUID 1
| #define HAVE_SETRESGID 1
| #define HAVE_DECL_STRTOLD 1
| #define HAVE_DECL_STRTOL 1
| #define HAVE_DECL_STRTOLL 1
| #define HAVE_DECL_STRTOUL 1
| #define HAVE_DECL_STRTOULL 1
| #define HAVE_DECL_STRTOUMAX 1
| #define HAVE_ARGZ_H 1
| #define HAVE_ERRNO_H 1
| #define HAVE_FCNTL_H 1
| #define HAVE_MALLOC_H 1
| #define HAVE_STDIO_EXT_H 1
| #define HAVE_MMAP 1
| #define HAVE___ARGZ_COUNT 1
| #define HAVE___ARGZ_NEXT 1
| #define HAVE___ARGZ_STRINGIFY 1
| #define HAVE_DCGETTEXT 1
| #define HAVE_MEMPCPY 1
| #define HAVE_MUNMAP 1
| #define HAVE_MREMAP 1
| #define HAVE_STPCPY 1
| #define HAVE_STRCSPN 1
| #define HAVE_WCTYPE_H 1
| #define HAVE_WCHAR_H 1
| #define HAVE_LANGINFO_H 1
| #define HAVE_MBRLEN 1
| #define HAVE_MBSNRTOWCS 1
| #define HAVE_MBSRTOWCS 1
| #define HAVE_WCRTOMB 1
| #define HAVE_WCSCOLL 1
| #define HAVE_WCSDUP 1
| #define HAVE_WCWIDTH 1
| #define HAVE_WCTYPE 1
| #define HAVE_WCSWIDTH 1
| #define HAVE_MBRTOWC 1
| #define HAVE_MBSTATE_T 1
| #define HAVE_ISWLOWER 1
| #define HAVE_ISWUPPER 1
| #define HAVE_TOWLOWER 1
| #define HAVE_TOWUPPER 1
| #define HAVE_ISWCTYPE 1
| #define HAVE_WCHAR_T 1
| #define HAVE_WCTYPE_T 1
| #define HAVE_WINT_T 1
| #define SIZEOF_WCHAR_T 4
| #define HAVE_LIBDL 1
| #define HAVE_DLOPEN 1
| #define HAVE_DLCLOSE 1
| #define HAVE_DLSYM 1
| #define GETGROUPS_T gid_t
| #define HAVE_UINTPTR_T 1
| #define HAVE_LONG_LONG_INT 1
| #define HAVE_UNSIGNED_LONG_LONG_INT 1
| #define SIZEOF_CHAR 1
| #define SIZEOF_SHORT 2
| #define SIZEOF_INT 4
| #define SIZEOF_LONG 8
| #define SIZEOF_CHAR_P 8
| #define SIZEOF_SIZE_T 8
| #define SIZEOF_DOUBLE 8
| #define SIZEOF_LONG_LONG 8
| /* end confdefs.h.  */
| #include <stddef.h>
| #ifdef HAVE_STDIO_H
| # include <stdio.h>
| #endif
| #ifdef HAVE_STDLIB_H
| # include <stdlib.h>
| #endif
| #ifdef HAVE_STRING_H
| # include <string.h>
| #endif
| #ifdef HAVE_INTTYPES_H
| # include <inttypes.h>
| #endif
| #ifdef HAVE_STDINT_H
| # include <stdint.h>
| #endif
| #ifdef HAVE_STRINGS_H
| # include <strings.h>
| #endif
| #ifdef HAVE_SYS_TYPES_H
| # include <sys/types.h>
| #endif
| #ifdef HAVE_SYS_STAT_H
| # include <sys/stat.h>
| #endif
| #ifdef HAVE_UNISTD_H
| # include <unistd.h>
| #endif
| int
| main (void)
| {
| if (sizeof ((u_long)))
| 	    return 0;
|   ;
|   return 0;
| }
configure:17732: result: yes
configure:17745: checking for bits16_t
configure:17745: /usr/bin/clang -c -g -O2  conftest.c >&5
conftest.c:392:13: error: use of undeclared identifier 'bits16_t'
  392 | if (sizeof (bits16_t))
      |             ^
1 error generated.
configure:17745: $? = 1
configure: failed program was:
| /* confdefs.h */
| #define PACKAGE_NAME "bash"
| #define PACKAGE_TARNAME "bash"
| #define PACKAGE_VERSION "5.2-release"
| #define PACKAGE_STRING "bash 5.2-release"
| #define PACKAGE_BUGREPORT "bug-bash@gnu.org"
| #define PACKAGE_URL ""
| #define USING_BASH_MALLOC 1
| #define ALIAS 1
| #define PUSHD_AND_POPD 1
| #define RESTRICTED_SHELL 1
| #define PROCESS_SUBSTITUTION 1
| #define PROMPT_STRING_DECODE 1
| #define SELECT_COMMAND 1
| #define HELP_BUILTIN 1
| #define ARRAY_VARS 1
| #define DPAREN_ARITHMETIC 1
| #define BRACE_EXPANSION 1
| #define COMMAND_TIMING 1
| #define EXTENDED_GLOB 1
| #define EXTGLOB_DEFAULT 0
| #define COND_COMMAND 1
| #define COND_REGEXP 1
| #define COPROCESS_SUPPORT 1
| #define ARITH_FOR_COMMAND 1
| #define NETWORK_REDIRECTIONS 1
| #define PROGRAMMABLE_COMPLETION 1
| #define DEBUGGER 1
| #define CASEMOD_ATTRS 1
| #define CASEMOD_EXPANSIONS 1
| #define GLOBASCII_DEFAULT 1
| #define FUNCTION_IMPORT 1
| #define TRANSLATABLE_STRINGS 1
| #define MEMSCRAMBLE 1
| #define HAVE_STDIO_H 1
| #define HAVE_STDLIB_H 1
| #define HAVE_STRING_H 1
| #define HAVE_INTTYPES_H 1
| #define HAVE_STDINT_H 1
| #define HAVE_STRINGS_H 1
| #define HAVE_SYS_STAT_H 1
| #define HAVE_SYS_TYPES_H 1
| #define HAVE_UNISTD_H 1
| #define HAVE_WCHAR_H 1
| #define HAVE_SYS_PARAM_H 1
| #define HAVE_SYS_TIME_H 1
| #define STDC_HEADERS 1
| #define _ALL_SOURCE 1
| #define _DARWIN_C_SOURCE 1
| #define _GNU_SOURCE 1
| #define _HPUX_ALT_XOPEN_SOCKET_API 1
| #define _NETBSD_SOURCE 1
| #define _OPENBSD_SOURCE 1
| #define _POSIX_PTHREAD_SEMANTICS 1
| #define __STDC_WANT_IEC_60559_ATTRIBS_EXT__ 1
| #define __STDC_WANT_IEC_60559_BFP_EXT__ 1
| #define __STDC_WANT_IEC_60559_DFP_EXT__ 1
| #define __STDC_WANT_IEC_60559_FUNCS_EXT__ 1
| #define __STDC_WANT_IEC_60559_TYPES_EXT__ 1
| #define __STDC_WANT_LIB_EXT2__ 1
| #define __STDC_WANT_MATH_SPEC_FUNCS__ 1
| #define _TANDEM_SOURCE 1
| #define __EXTENSIONS__ 1
| #define READLINE 1
| #define HISTORY 1
| #define BANG_HISTORY 1
| #define HAVE_STRINGIZE 1
| #define HAVE_LONG_DOUBLE 1
| #define PROTOTYPES 1
| #define __PROTOTYPES 1
| #define restrict __restrict__
| #define HAVE_VISIBILITY 1
| #define HAVE_STDINT_H_WITH_UINTMAX 1
| #define HAVE_ALLOCA_H 1
| #define HAVE_ALLOCA 1
| #define HAVE_GETPAGESIZE 1
| #define HAVE_SYMLINK 1
| #define HAVE_USELOCALE 1
| #define HAVE_VPRINTF 1
| #define HAVE_ALARM 1
| #define HAVE___FPURGE 1
| #define HAVE_SNPRINTF 1
| #define HAVE_VSNPRINTF 1
| #define HAVE_MMAP 1
| #define INTDIV0_RAISES_SIGFPE 1
| #define HAVE_INTTYPES_H_WITH_UINTMAX 1
| #define HAVE_UNSIGNED_LONG_LONG_INT 1
| #define HAVE_UINTMAX_T 1
| #define HAVE_INTTYPES_H 1
| #define USE_POSIX_THREADS 1
| #define USE_POSIX_THREADS_WEAK 1
| #define HAVE_PTHREAD_RWLOCK 1
| #define HAVE_PTHREAD_MUTEX_RECURSIVE 1
| #define HAVE_ICONV 1
| #define ICONV_CONST 
| #define HAVE_BUILTIN_EXPECT 1
| #define HAVE_ARGZ_H 1
| #define HAVE_INTTYPES_H 1
| #define HAVE_LIMITS_H 1
| #define HAVE_UNISTD_H 1
| #define HAVE_SYS_PARAM_H 1
| #define HAVE_GETCWD 1
| #define HAVE_GETEGID 1
| #define HAVE_GETEUID 1
| #define HAVE_GETGID 1
| #define HAVE_GETUID 1
| #define HAVE_MEMPCPY 1
| #define HAVE_MUNMAP 1
| #define HAVE_STPCPY 1
| #define HAVE_STRCASECMP 1
| #define HAVE_STRDUP 1
| #define HAVE_STRTOUL 1
| #define HAVE_TSEARCH 1
| #define HAVE_ARGZ_COUNT 1
| #define HAVE_ARGZ_STRINGIFY 1
| #define HAVE_ARGZ_NEXT 1
| #define HAVE___FSETLOCKING 1
| #define HAVE_LOCALECONV 1
| #define HAVE_DECL_FEOF_UNLOCKED 1
| #define HAVE_DECL_FGETS_UNLOCKED 1
| #define HAVE_LONG_LONG_INT 1
| #define HAVE_WCHAR_T 1
| #define HAVE_WINT_T 1
| #define HAVE_INTMAX_T 1
| #define HAVE_POSIX_PRINTF 1
| #define HAVE_STDINT_H 1
| #define HAVE_STDINT_H 1
| #define HAVE_WORKING_O_NOATIME 1
| #define HAVE_WORKING_O_NOFOLLOW 1
| #define HAVE_WORKING_USELOCALE 1
| #define FLEXIBLE_ARRAY_MEMBER /**/
| #define HAVE_FEATURES_H 1
| #define HAVE_STDDEF_H 1
| #define HAVE_STDLIB_H 1
| #define HAVE_STRING_H 1
| #define HAVE_ASPRINTF 1
| #define HAVE_FWPRINTF 1
| #define HAVE_NEWLOCALE 1
| #define HAVE_PUTENV 1
| #define HAVE_SETENV 1
| #define HAVE_SETLOCALE 1
| #define HAVE_SNPRINTF 1
| #define HAVE_STRNLEN 1
| #define HAVE_USELOCALE 1
| #define HAVE_WCSLEN 1
| #define HAVE_WCSNLEN 1
| #define HAVE_MBRTOWC 1
| #define HAVE_WCRTOMB 1
| #define HAVE_DECL__SNPRINTF 0
| #define HAVE_DECL__SNWPRINTF 0
| #define HAVE_DECL_GETC_UNLOCKED 1
| #define HAVE_LANGINFO_CODESET 1
| #define HAVE_LC_MESSAGES 1
| #define ENABLE_NLS 1
| #define HAVE_GETTEXT 1
| #define HAVE_DCGETTEXT 1
| #define HAVE_DIRENT_H 1
| #define MAJOR_IN_SYSMACROS 1
| #define HAVE_INTTYPES_H 1
| #define HAVE_UNISTD_H 1
| #define HAVE_STDLIB_H 1
| #define HAVE_STDARG_H 1
| #define HAVE_LIMITS_H 1
| #define HAVE_STRING_H 1
| #define HAVE_MEMORY_H 1
| #define HAVE_LOCALE_H 1
| #define HAVE_TERMCAP_H 1
| #define HAVE_TERMIO_H 1
| #define HAVE_TERMIOS_H 1
| #define HAVE_DLFCN_H 1
| #define HAVE_STDBOOL_H 1
| #define HAVE_STDDEF_H 1
| #define HAVE_STDINT_H 1
| #define HAVE_NETDB_H 1
| #define HAVE_PWD_H 1
| #define HAVE_GRP_H 1
| #define HAVE_STRINGS_H 1
| #define HAVE_REGEX_H 1
| #define HAVE_SYSLOG_H 1
| #define HAVE_ULIMIT_H 1
| #define HAVE_SYS_SELECT_H 1
| #define HAVE_SYS_FILE_H 1
| #define HAVE_SYS_IOCTL_H 1
| #define HAVE_SYS_MMAN_H 1
| #define HAVE_SYS_PARAM_H 1
| #define HAVE_SYS_RANDOM_H 1
| #define HAVE_SYS_SOCKET_H 1
| #define HAVE_SYS_STAT_H 1
| #define HAVE_SYS_TIME_H 1
| #define HAVE_SYS_TIMES_H 1
| #define HAVE_SYS_TYPES_H 1
| #define HAVE_SYS_WAIT_H 1
| #define HAVE_NETINET_IN_H 1
| #define HAVE_ARPA_INET_H 1
| #define HAVE_SYS_RESOURCE_H 1
| #define HAVE_ALLOCA_H 1
| #define HAVE_ALLOCA 1
| #define HAVE_CHOWN 1
| #define GETPGRP_VOID 1
| #define HAVE_STRCOLL 1
| #define HAVE_WAIT3 1
| #define HAVE_MKFIFO 1
| #define HAVE_DUP2 1
| #define HAVE_EACCESS 1
| #define HAVE_FCNTL 1
| #define HAVE_GETDTABLESIZE 1
| #define HAVE_GETENTROPY 1
| #define HAVE_GETGROUPS 1
| #define HAVE_GETHOSTNAME 1
| #define HAVE_GETPAGESIZE 1
| #define HAVE_GETPEERNAME 1
| #define HAVE_GETRANDOM 1
| #define HAVE_GETRLIMIT 1
| #define HAVE_GETRUSAGE 1
| #define HAVE_GETTIMEOFDAY 1
| #define HAVE_KILL 1
| #define HAVE_KILLPG 1
| #define HAVE_LSTAT 1
| #define HAVE_PSELECT 1
| #define HAVE_READLINK 1
| #define HAVE_SELECT 1
| #define HAVE_SETITIMER 1
| #define HAVE_TCGETPGRP 1
| #define HAVE_UNAME 1
| #define HAVE_ULIMIT 1
| #define HAVE_WAITPID 1
| #define HAVE_RENAME 1
| #define HAVE_BCOPY 1
| #define HAVE_BZERO 1
| #define HAVE_CONFSTR 1
| #define HAVE_FACCESSAT 1
| #define HAVE_FNMATCH 1
| #define HAVE_GETADDRINFO 1
| #define HAVE_GETHOSTBYNAME 1
| #define HAVE_GETSERVBYNAME 1
| #define HAVE_GETSERVENT 1
| #define HAVE_INET_ATON 1
| #define HAVE_IMAXDIV 1
| #define HAVE_MEMMOVE 1
| #define HAVE_PATHCONF 1
| #define HAVE_PUTENV 1
| #define HAVE_RAISE 1
| #define HAVE_RANDOM 1
| #define HAVE_REGCOMP 1
| #define HAVE_REGEXEC 1
| #define HAVE_SETENV 1
| #define HAVE_SETLINEBUF 1
| #define HAVE_SETLOCALE 1
| #define HAVE_SETVBUF 1
| #define HAVE_SIGINTERRUPT 1
| #define HAVE_STRCHR 1
| #define HAVE_SYSCONF 1
| #define HAVE_SYSLOG 1
| #define HAVE_TCGETATTR 1
| #define HAVE_TIMES 1
| #define HAVE_TTYNAME 1
| #define HAVE_TZSET 1
| #define HAVE_UNSETENV 1
| #define HAVE_VASPRINTF 1
| #define HAVE_ASPRINTF 1
| #define HAVE_ISASCII 1
| #define HAVE_ISBLANK 1
| #define HAVE_ISGRAPH 1
| #define HAVE_ISPRINT 1
| #define HAVE_ISSPACE 1
| #define HAVE_ISXDIGIT 1
| #define HAVE_GETPWENT 1
| #define HAVE_GETPWNAM 1
| #define HAVE_GETPWUID 1
| #define HAVE_MKSTEMP 1
| #define HAVE_MKDTEMP 1
| #define HAVE_ARC4RANDOM 1
| #define HAVE_GETCWD 1
| #define HAVE_MEMSET 1
| #define HAVE_STRCASECMP 1
| #define HAVE_STRCASESTR 1
| #define HAVE_STRERROR 1
| #define HAVE_STRFTIME 1
| #define HAVE_STRNLEN 1
| #define HAVE_STRPBRK 1
| #define HAVE_STRSTR 1
| #define HAVE_STRTOD 1
| #define HAVE_STRTOL 1
| #define HAVE_STRTOUL 1
| #define HAVE_STRTOLL 1
| #define HAVE_STRTOULL 1
| #define HAVE_STRTOUMAX 1
| #define HAVE_DPRINTF 1
| #define HAVE_STRCHRNUL 1
| #define HAVE_STRDUP 1
| #define HAVE_DECL_AUDIT_USER_TTY 1
| #define HAVE_DECL_CONFSTR 1
| #define HAVE_DECL_PRINTF 1
| #define HAVE_DECL_SBRK 1
| #define HAVE_DECL_SETREGID 1
| #define HAVE_DECL_STRCPY 1
| #define HAVE_DECL_STRSIGNAL 1
| #define HAVE_SETRESUID 1
| #define HAVE_SETRESGID 1
| #define HAVE_DECL_STRTOLD 1
| #define HAVE_DECL_STRTOL 1
| #define HAVE_DECL_STRTOLL 1
| #define HAVE_DECL_STRTOUL 1
| #define HAVE_DECL_STRTOULL 1
| #define HAVE_DECL_STRTOUMAX 1
| #define HAVE_ARGZ_H 1
| #define HAVE_ERRNO_H 1
| #define HAVE_FCNTL_H 1
| #define HAVE_MALLOC_H 1
| #define HAVE_STDIO_EXT_H 1
| #define HAVE_MMAP 1
| #define HAVE___ARGZ_COUNT 1
| #define HAVE___ARGZ_NEXT 1
| #define HAVE___ARGZ_STRINGIFY 1
| #define HAVE_DCGETTEXT 1
| #define HAVE_MEMPCPY 1
| #define HAVE_MUNMAP 1
| #define HAVE_MREMAP 1
| #define HAVE_STPCPY 1
| #define HAVE_STRCSPN 1
| #define HAVE_WCTYPE_H 1
| #define HAVE_WCHAR_H 1
| #define HAVE_LANGINFO_H 1
| #define HAVE_MBRLEN 1
| #define HAVE_MBSNRTOWCS 1
| #define HAVE_MBSRTOWCS 1
| #define HAVE_WCRTOMB 1
| #define HAVE_WCSCOLL 1
| #define HAVE_WCSDUP 1
| #define HAVE_WCWIDTH 1
| #define HAVE_WCTYPE 1
| #define HAVE_WCSWIDTH 1
| #define HAVE_MBRTOWC 1
| #define HAVE_MBSTATE_T 1
| #define HAVE_ISWLOWER 1
| #define HAVE_ISWUPPER 1
| #define HAVE_TOWLOWER 1
| #define HAVE_TOWUPPER 1
| #define HAVE_ISWCTYPE 1
| #define HAVE_WCHAR_T 1
| #define HAVE_WCTYPE_T 1
| #define HAVE_WINT_T 1
| #define SIZEOF_WCHAR_T 4
| #define HAVE_LIBDL 1
| #define HAVE_DLOPEN 1
| #define HAVE_DLCLOSE 1
| #define HAVE_DLSYM 1
| #define GETGROUPS_T gid_t
| #define HAVE_UINTPTR_T 1
| #define HAVE_LONG_LONG_INT 1
| #define HAVE_UNSIGNED_LONG_LONG_INT 1
| #define SIZEOF_CHAR 1
| #define SIZEOF_SHORT 2
| #define SIZEOF_INT 4
| #define SIZEOF_LONG 8
| #define SIZEOF_CHAR_P 8
| #define SIZEOF_SIZE_T 8
| #define SIZEOF_DOUBLE 8
| #define SIZEOF_LONG_LONG 8
| /* end confdefs.h.  */
| #include <stddef.h>
| #ifdef HAVE_STDIO_H
| # include <stdio.h>
| #endif
| #ifdef HAVE_STDLIB_H
| # include <stdlib.h>
| #endif
| #ifdef HAVE_STRING_H
| # include <string.h>
| #endif
| #ifdef HAVE_INTTYPES_H
| # include <inttypes.h>
| #endif
| #ifdef HAVE_STDINT_H
| # include <stdint.h>
| #endif
| #ifdef HAVE_STRINGS_H
| # include <strings.h>
| #endif
| #ifdef HAVE_SYS_TYPES_H
| # include <sys/types.h>
| #endif
| #ifdef HAVE_SYS_STAT_H
| # include <sys/stat.h>
| #endif
| #ifdef HAVE_UNISTD_H
| # include <unistd.h>
| #endif
| int
| main (void)
| {
| if (sizeof (bits16_t))
| 	 return 0;
|   ;
|   return 0;
| }
configure:17745: result: no
configure:17781: checking for u_bits16_t
configure:17781: /usr/bin/clang -c -g -O2  conftest.c >&5
conftest.c:393:13: error: use of undeclared identifier 'u_bits16_t'
  393 | if (sizeof (u_bits16_t))
      |             ^
1 error generated.
configure:17781: $? = 1
configure: failed program was:
| /* confdefs.h */
| #define PACKAGE_NAME "bash"
| #define PACKAGE_TARNAME "bash"
| #define PACKAGE_VERSION "5.2-release"
| #define PACKAGE_STRING "bash 5.2-release"
| #define PACKAGE_BUGREPORT "bug-bash@gnu.org"
| #define PACKAGE_URL ""
| #define USING_BASH_MALLOC 1
| #define ALIAS 1
| #define PUSHD_AND_POPD 1
| #define RESTRICTED_SHELL 1
| #define PROCESS_SUBSTITUTION 1
| #define PROMPT_STRING_DECODE 1
| #define SELECT_COMMAND 1
| #define HELP_BUILTIN 1
| #define ARRAY_VARS 1
| #define DPAREN_ARITHMETIC 1
| #define BRACE_EXPANSION 1
| #define COMMAND_TIMING 1
| #define EXTENDED_GLOB 1
| #define EXTGLOB_DEFAULT 0
| #define COND_COMMAND 1
| #define COND_REGEXP 1
| #define COPROCESS_SUPPORT 1
| #define ARITH_FOR_COMMAND 1
| #define NETWORK_REDIRECTIONS 1
| #define PROGRAMMABLE_COMPLETION 1
| #define DEBUGGER 1
| #define CASEMOD_ATTRS 1
| #define CASEMOD_EXPANSIONS 1
| #define GLOBASCII_DEFAULT 1
| #define FUNCTION_IMPORT 1
| #define TRANSLATABLE_STRINGS 1
| #define MEMSCRAMBLE 1
| #define HAVE_STDIO_H 1
| #define HAVE_STDLIB_H 1
| #define HAVE_STRING_H 1
| #define HAVE_INTTYPES_H 1
| #define HAVE_STDINT_H 1
| #define HAVE_STRINGS_H 1
| #define HAVE_SYS_STAT_H 1
| #define HAVE_SYS_TYPES_H 1
| #define HAVE_UNISTD_H 1
| #define HAVE_WCHAR_H 1
| #define HAVE_SYS_PARAM_H 1
| #define HAVE_SYS_TIME_H 1
| #define STDC_HEADERS 1
| #define _ALL_SOURCE 1
| #define _DARWIN_C_SOURCE 1
| #define _GNU_SOURCE 1
| #define _HPUX_ALT_XOPEN_SOCKET_API 1
| #define _NETBSD_SOURCE 1
| #define _OPENBSD_SOURCE 1
| #define _POSIX_PTHREAD_SEMANTICS 1
| #define __STDC_WANT_IEC_60559_ATTRIBS_EXT__ 1
| #define __STDC_WANT_IEC_60559_BFP_EXT__ 1
| #define __STDC_WANT_IEC_60559_DFP_EXT__ 1
| #define __STDC_WANT_IEC_60559_FUNCS_EXT__ 1
| #define __STDC_WANT_IEC_60559_TYPES_EXT__ 1
| #define __STDC_WANT_LIB_EXT2__ 1
| #define __STDC_WANT_MATH_SPEC_FUNCS__ 1
| #define _TANDEM_SOURCE 1
| #define __EXTENSIONS__ 1
| #define READLINE 1
| #define HISTORY 1
| #define BANG_HISTORY 1
| #define HAVE_STRINGIZE 1
| #define HAVE_LONG_DOUBLE 1
| #define PROTOTYPES 1
| #define __PROTOTYPES 1
| #define restrict __restrict__
| #define HAVE_VISIBILITY 1
| #define HAVE_STDINT_H_WITH_UINTMAX 1
| #define HAVE_ALLOCA_H 1
| #define HAVE_ALLOCA 1
| #define HAVE_GETPAGESIZE 1
| #define HAVE_SYMLINK 1
| #define HAVE_USELOCALE 1
| #define HAVE_VPRINTF 1
| #define HAVE_ALARM 1
| #define HAVE___FPURGE 1
| #define HAVE_SNPRINTF 1
| #define HAVE_VSNPRINTF 1
| #define HAVE_MMAP 1
| #define INTDIV0_RAISES_SIGFPE 1
| #define HAVE_INTTYPES_H_WITH_UINTMAX 1
| #define HAVE_UNSIGNED_LONG_LONG_INT 1
| #define HAVE_UINTMAX_T 1
| #define HAVE_INTTYPES_H 1
| #define USE_POSIX_THREADS 1
| #define USE_POSIX_THREADS_WEAK 1
| #define HAVE_PTHREAD_RWLOCK 1
| #define HAVE_PTHREAD_MUTEX_RECURSIVE 1
| #define HAVE_ICONV 1
| #define ICONV_CONST 
| #define HAVE_BUILTIN_EXPECT 1
| #define HAVE_ARGZ_H 1
| #define HAVE_INTTYPES_H 1
| #define HAVE_LIMITS_H 1
| #define HAVE_UNISTD_H 1
| #define HAVE_SYS_PARAM_H 1
| #define HAVE_GETCWD 1
| #define HAVE_GETEGID 1
| #define HAVE_GETEUID 1
| #define HAVE_GETGID 1
| #define HAVE_GETUID 1
| #define HAVE_MEMPCPY 1
| #define HAVE_MUNMAP 1
| #define HAVE_STPCPY 1
| #define HAVE_STRCASECMP 1
| #define HAVE_STRDUP 1
| #define HAVE_STRTOUL 1
| #define HAVE_TSEARCH 1
| #define HAVE_ARGZ_COUNT 1
| #define HAVE_ARGZ_STRINGIFY 1
| #define HAVE_ARGZ_NEXT 1
| #define HAVE___FSETLOCKING 1
| #define HAVE_LOCALECONV 1
| #define HAVE_DECL_FEOF_UNLOCKED 1
| #define HAVE_DECL_FGETS_UNLOCKED 1
| #define HAVE_LONG_LONG_INT 1
| #define HAVE_WCHAR_T 1
| #define HAVE_WINT_T 1
| #define HAVE_INTMAX_T 1
| #define HAVE_POSIX_PRINTF 1
| #define HAVE_STDINT_H 1
| #define HAVE_STDINT_H 1
| #define HAVE_WORKING_O_NOATIME 1
| #define HAVE_WORKING_O_NOFOLLOW 1
| #define HAVE_WORKING_USELOCALE 1
| #define FLEXIBLE_ARRAY_MEMBER /**/
| #define HAVE_FEATURES_H 1
| #define HAVE_STDDEF_H 1
| #define HAVE_STDLIB_H 1
| #define HAVE_STRING_H 1
| #define HAVE_ASPRINTF 1
| #define HAVE_FWPRINTF 1
| #define HAVE_NEWLOCALE 1
| #define HAVE_PUTENV 1
| #define HAVE_SETENV 1
| #define HAVE_SETLOCALE 1
| #define HAVE_SNPRINTF 1
| #define HAVE_STRNLEN 1
| #define HAVE_USELOCALE 1
| #define HAVE_WCSLEN 1
| #define HAVE_WCSNLEN 1
| #define HAVE_MBRTOWC 1
| #define HAVE_WCRTOMB 1
| #define HAVE_DECL__SNPRINTF 0
| #define HAVE_DECL__SNWPRINTF 0
| #define HAVE_DECL_GETC_UNLOCKED 1
| #define HAVE_LANGINFO_CODESET 1
| #define HAVE_LC_MESSAGES 1
| #define ENABLE_NLS 1
| #define HAVE_GETTEXT 1
| #define HAVE_DCGETTEXT 1
| #define HAVE_DIRENT_H 1
| #define MAJOR_IN_SYSMACROS 1
| #define HAVE_INTTYPES_H 1
| #define HAVE_UNISTD_H 1
| #define HAVE_STDLIB_H 1
| #define HAVE_STDARG_H 1
| #define HAVE_LIMITS_H 1
| #define HAVE_STRING_H 1
| #define HAVE_MEMORY_H 1
| #define HAVE_LOCALE_H 1
| #define HAVE_TERMCAP_H 1
| #define HAVE_TERMIO_H 1
| #define HAVE_TERMIOS_H 1
| #define HAVE_DLFCN_H 1
| #define HAVE_STDBOOL_H 1
| #define HAVE_STDDEF_H 1
| #define HAVE_STDINT_H 1
| #define HAVE_NETDB_H 1
| #define HAVE_PWD_H 1
| #define HAVE_GRP_H 1
| #define HAVE_STRINGS_H 1
| #define HAVE_REGEX_H 1
| #define HAVE_SYSLOG_H 1
| #define HAVE_ULIMIT_H 1
| #define HAVE_SYS_SELECT_H 1
| #define HAVE_SYS_FILE_H 1
| #define HAVE_SYS_IOCTL_H 1
| #define HAVE_SYS_MMAN_H 1
| #define HAVE_SYS_PARAM_H 1
| #define HAVE_SYS_RANDOM_H 1
| #define HAVE_SYS_SOCKET_H 1
| #define HAVE_SYS_STAT_H 1
| #define HAVE_SYS_TIME_H 1
| #define HAVE_SYS_TIMES_H 1
| #define HAVE_SYS_TYPES_H 1
| #define HAVE_SYS_WAIT_H 1
| #define HAVE_NETINET_IN_H 1
| #define HAVE_ARPA_INET_H 1
| #define HAVE_SYS_RESOURCE_H 1
| #define HAVE_ALLOCA_H 1
| #define HAVE_ALLOCA 1
| #define HAVE_CHOWN 1
| #define GETPGRP_VOID 1
| #define HAVE_STRCOLL 1
| #define HAVE_WAIT3 1
| #define HAVE_MKFIFO 1
| #define HAVE_DUP2 1
| #define HAVE_EACCESS 1
| #define HAVE_FCNTL 1
| #define HAVE_GETDTABLESIZE 1
| #define HAVE_GETENTROPY 1
| #define HAVE_GETGROUPS 1
| #define HAVE_GETHOSTNAME 1
| #define HAVE_GETPAGESIZE 1
| #define HAVE_GETPEERNAME 1
| #define HAVE_GETRANDOM 1
| #define HAVE_GETRLIMIT 1
| #define HAVE_GETRUSAGE 1
| #define HAVE_GETTIMEOFDAY 1
| #define HAVE_KILL 1
| #define HAVE_KILLPG 1
| #define HAVE_LSTAT 1
| #define HAVE_PSELECT 1
| #define HAVE_READLINK 1
| #define HAVE_SELECT 1
| #define HAVE_SETITIMER 1
| #define HAVE_TCGETPGRP 1
| #define HAVE_UNAME 1
| #define HAVE_ULIMIT 1
| #define HAVE_WAITPID 1
| #define HAVE_RENAME 1
| #define HAVE_BCOPY 1
| #define HAVE_BZERO 1
| #define HAVE_CONFSTR 1
| #define HAVE_FACCESSAT 1
| #define HAVE_FNMATCH 1
| #define HAVE_GETADDRINFO 1
| #define HAVE_GETHOSTBYNAME 1
| #define HAVE_GETSERVBYNAME 1
| #define HAVE_GETSERVENT 1
| #define HAVE_INET_ATON 1
| #define HAVE_IMAXDIV 1
| #define HAVE_MEMMOVE 1
| #define HAVE_PATHCONF 1
| #define HAVE_PUTENV 1
| #define HAVE_RAISE 1
| #define HAVE_RANDOM 1
| #define HAVE_REGCOMP 1
| #define HAVE_REGEXEC 1
| #define HAVE_SETENV 1
| #define HAVE_SETLINEBUF 1
| #define HAVE_SETLOCALE 1
| #define HAVE_SETVBUF 1
| #define HAVE_SIGINTERRUPT 1
| #define HAVE_STRCHR 1
| #define HAVE_SYSCONF 1
| #define HAVE_SYSLOG 1
| #define HAVE_TCGETATTR 1
| #define HAVE_TIMES 1
| #define HAVE_TTYNAME 1
| #define HAVE_TZSET 1
| #define HAVE_UNSETENV 1
| #define HAVE_VASPRINTF 1
| #define HAVE_ASPRINTF 1
| #define HAVE_ISASCII 1
| #define HAVE_ISBLANK 1
| #define HAVE_ISGRAPH 1
| #define HAVE_ISPRINT 1
| #define HAVE_ISSPACE 1
| #define HAVE_ISXDIGIT 1
| #define HAVE_GETPWENT 1
| #define HAVE_GETPWNAM 1
| #define HAVE_GETPWUID 1
| #define HAVE_MKSTEMP 1
| #define HAVE_MKDTEMP 1
| #define HAVE_ARC4RANDOM 1
| #define HAVE_GETCWD 1
| #define HAVE_MEMSET 1
| #define HAVE_STRCASECMP 1
| #define HAVE_STRCASESTR 1
| #define HAVE_STRERROR 1
| #define HAVE_STRFTIME 1
| #define HAVE_STRNLEN 1
| #define HAVE_STRPBRK 1
| #define HAVE_STRSTR 1
| #define HAVE_STRTOD 1
| #define HAVE_STRTOL 1
| #define HAVE_STRTOUL 1
| #define HAVE_STRTOLL 1
| #define HAVE_STRTOULL 1
| #define HAVE_STRTOUMAX 1
| #define HAVE_DPRINTF 1
| #define HAVE_STRCHRNUL 1
| #define HAVE_STRDUP 1
| #define HAVE_DECL_AUDIT_USER_TTY 1
| #define HAVE_DECL_CONFSTR 1
| #define HAVE_DECL_PRINTF 1
| #define HAVE_DECL_SBRK 1
| #define HAVE_DECL_SETREGID 1
| #define HAVE_DECL_STRCPY 1
| #define HAVE_DECL_STRSIGNAL 1
| #define HAVE_SETRESUID 1
| #define HAVE_SETRESGID 1
| #define HAVE_DECL_STRTOLD 1
| #define HAVE_DECL_STRTOL 1
| #define HAVE_DECL_STRTOLL 1
| #define HAVE_DECL_STRTOUL 1
| #define HAVE_DECL_STRTOULL 1
| #define HAVE_DECL_STRTOUMAX 1
| #define HAVE_ARGZ_H 1
| #define HAVE_ERRNO_H 1
| #define HAVE_FCNTL_H 1
| #define HAVE_MALLOC_H 1
| #define HAVE_STDIO_EXT_H 1
| #define HAVE_MMAP 1
| #define HAVE___ARGZ_COUNT 1
| #define HAVE___ARGZ_NEXT 1
| #define HAVE___ARGZ_STRINGIFY 1
| #define HAVE_DCGETTEXT 1
| #define HAVE_MEMPCPY 1
| #define HAVE_MUNMAP 1
| #define HAVE_MREMAP 1
| #define HAVE_STPCPY 1
| #define HAVE_STRCSPN 1
| #define HAVE_WCTYPE_H 1
| #define HAVE_WCHAR_H 1
| #define HAVE_LANGINFO_H 1
| #define HAVE_MBRLEN 1
| #define HAVE_MBSNRTOWCS 1
| #define HAVE_MBSRTOWCS 1
| #define HAVE_WCRTOMB 1
| #define HAVE_WCSCOLL 1
| #define HAVE_WCSDUP 1
| #define HAVE_WCWIDTH 1
| #define HAVE_WCTYPE 1
| #define HAVE_WCSWIDTH 1
| #define HAVE_MBRTOWC 1
| #define HAVE_MBSTATE_T 1
| #define HAVE_ISWLOWER 1
| #define HAVE_ISWUPPER 1
| #define HAVE_TOWLOWER 1
| #define HAVE_TOWUPPER 1
| #define HAVE_ISWCTYPE 1
| #define HAVE_WCHAR_T 1
| #define HAVE_WCTYPE_T 1
| #define HAVE_WINT_T 1
| #define SIZEOF_WCHAR_T 4
| #define HAVE_LIBDL 1
| #define HAVE_DLOPEN 1
| #define HAVE_DLCLOSE 1
| #define HAVE_DLSYM 1
| #define GETGROUPS_T gid_t
| #define HAVE_UINTPTR_T 1
| #define HAVE_LONG_LONG_INT 1
| #define HAVE_UNSIGNED_LONG_LONG_INT 1
| #define SIZEOF_CHAR 1
| #define SIZEOF_SHORT 2
| #define SIZEOF_INT 4
| #define SIZEOF_LONG 8
| #define SIZEOF_CHAR_P 8
| #define SIZEOF_SIZE_T 8
| #define SIZEOF_DOUBLE 8
| #define SIZEOF_LONG_LONG 8
| #define bits16_t short
| /* end confdefs.h.  */
| #include <stddef.h>
| #ifdef HAVE_STDIO_H
| # include <stdio.h>
| #endif
| #ifdef HAVE_STDLIB_H
| # include <stdlib.h>
| #endif
| #ifdef HAVE_STRING_H
| # include <string.h>
| #endif
| #ifdef HAVE_INTTYPES_H
| # include <inttypes.h>
| #endif
| #ifdef HAVE_STDINT_H
| # include <stdint.h>
| #endif
| #ifdef HAVE_STRINGS_H
| # include <strings.h>
| #endif
| #ifdef HAVE_SYS_TYPES_H
| # include <sys/types.h>
| #endif
| #ifdef HAVE_SYS_STAT_H
| # include <sys/stat.h>
| #endif
| #ifdef HAVE_UNISTD_H
| # include <unistd.h>
| #endif
| int
| main (void)
| {
| if (sizeof (u_bits16_t))
| 	 return 0;
|   ;
|   return 0;
| }
configure:17781: result: no
configure:17817: checking for bits32_t
configure:17817: /usr/bin/clang -c -g -O2  conftest.c >&5
conftest.c:394:13: error: use of undeclared identifier 'bits32_t'
  394 | if (sizeof (bits32_t))
      |             ^
1 error generated.
configure:17817: $? = 1
configure: failed program was:
| /* confdefs.h */
| #define PACKAGE_NAME "bash"
| #define PACKAGE_TARNAME "bash"
| #define PACKAGE_VERSION "5.2-release"
| #define PACKAGE_STRING "bash 5.2-release"
| #define PACKAGE_BUGREPORT "bug-bash@gnu.org"
| #define PACKAGE_URL ""
| #define USING_BASH_MALLOC 1
| #define ALIAS 1
| #define PUSHD_AND_POPD 1
| #define RESTRICTED_SHELL 1
| #define PROCESS_SUBSTITUTION 1
| #define PROMPT_STRING_DECODE 1
| #define SELECT_COMMAND 1
| #define HELP_BUILTIN 1
| #define ARRAY_VARS 1
| #define DPAREN_ARITHMETIC 1
| #define BRACE_EXPANSION 1
| #define COMMAND_TIMING 1
| #define EXTENDED_GLOB 1
| #define EXTGLOB_DEFAULT 0
| #define COND_COMMAND 1
| #define COND_REGEXP 1
| #define COPROCESS_SUPPORT 1
| #define ARITH_FOR_COMMAND 1
| #define NETWORK_REDIRECTIONS 1
| #define PROGRAMMABLE_COMPLETION 1
| #define DEBUGGER 1
| #define CASEMOD_ATTRS 1
| #define CASEMOD_EXPANSIONS 1
| #define GLOBASCII_DEFAULT 1
| #define FUNCTION_IMPORT 1
| #define TRANSLATABLE_STRINGS 1
| #define MEMSCRAMBLE 1
| #define HAVE_STDIO_H 1
| #define HAVE_STDLIB_H 1
| #define HAVE_STRING_H 1
| #define HAVE_INTTYPES_H 1
| #define HAVE_STDINT_H 1
| #define HAVE_STRINGS_H 1
| #define HAVE_SYS_STAT_H 1
| #define HAVE_SYS_TYPES_H 1
| #define HAVE_UNISTD_H 1
| #define HAVE_WCHAR_H 1
| #define HAVE_SYS_PARAM_H 1
| #define HAVE_SYS_TIME_H 1
| #define STDC_HEADERS 1
| #define _ALL_SOURCE 1
| #define _DARWIN_C_SOURCE 1
| #define _GNU_SOURCE 1
| #define _HPUX_ALT_XOPEN_SOCKET_API 1
| #define _NETBSD_SOURCE 1
| #define _OPENBSD_SOURCE 1
| #define _POSIX_PTHREAD_SEMANTICS 1
| #define __STDC_WANT_IEC_60559_ATTRIBS_EXT__ 1
| #define __STDC_WANT_IEC_60559_BFP_EXT__ 1
| #define __STDC_WANT_IEC_60559_DFP_EXT__ 1
| #define __STDC_WANT_IEC_60559_FUNCS_EXT__ 1
| #define __STDC_WANT_IEC_60559_TYPES_EXT__ 1
| #define __STDC_WANT_LIB_EXT2__ 1
| #define __STDC_WANT_MATH_SPEC_FUNCS__ 1
| #define _TANDEM_SOURCE 1
| #define __EXTENSIONS__ 1
| #define READLINE 1
| #define HISTORY 1
| #define BANG_HISTORY 1
| #define HAVE_STRINGIZE 1
| #define HAVE_LONG_DOUBLE 1
| #define PROTOTYPES 1
| #define __PROTOTYPES 1
| #define restrict __restrict__
| #define HAVE_VISIBILITY 1
| #define HAVE_STDINT_H_WITH_UINTMAX 1
| #define HAVE_ALLOCA_H 1
| #define HAVE_ALLOCA 1
| #define HAVE_GETPAGESIZE 1
| #define HAVE_SYMLINK 1
| #define HAVE_USELOCALE 1
| #define HAVE_VPRINTF 1
| #define HAVE_ALARM 1
| #define HAVE___FPURGE 1
| #define HAVE_SNPRINTF 1
| #define HAVE_VSNPRINTF 1
| #define HAVE_MMAP 1
| #define INTDIV0_RAISES_SIGFPE 1
| #define HAVE_INTTYPES_H_WITH_UINTMAX 1
| #define HAVE_UNSIGNED_LONG_LONG_INT 1
| #define HAVE_UINTMAX_T 1
| #define HAVE_INTTYPES_H 1
| #define USE_POSIX_THREADS 1
| #define USE_POSIX_THREADS_WEAK 1
| #define HAVE_PTHREAD_RWLOCK 1
| #define HAVE_PTHREAD_MUTEX_RECURSIVE 1
| #define HAVE_ICONV 1
| #define ICONV_CONST 
| #define HAVE_BUILTIN_EXPECT 1
| #define HAVE_ARGZ_H 1
| #define HAVE_INTTYPES_H 1
| #define HAVE_LIMITS_H 1
| #define HAVE_UNISTD_H 1
| #define HAVE_SYS_PARAM_H 1
| #define HAVE_GETCWD 1
| #define HAVE_GETEGID 1
| #define HAVE_GETEUID 1
| #define HAVE_GETGID 1
| #define HAVE_GETUID 1
| #define HAVE_MEMPCPY 1
| #define HAVE_MUNMAP 1
| #define HAVE_STPCPY 1
| #define HAVE_STRCASECMP 1
| #define HAVE_STRDUP 1
| #define HAVE_STRTOUL 1
| #define HAVE_TSEARCH 1
| #define HAVE_ARGZ_COUNT 1
| #define HAVE_ARGZ_STRINGIFY 1
| #define HAVE_ARGZ_NEXT 1
| #define HAVE___FSETLOCKING 1
| #define HAVE_LOCALECONV 1
| #define HAVE_DECL_FEOF_UNLOCKED 1
| #define HAVE_DECL_FGETS_UNLOCKED 1
| #define HAVE_LONG_LONG_INT 1
| #define HAVE_WCHAR_T 1
| #define HAVE_WINT_T 1
| #define HAVE_INTMAX_T 1
| #define HAVE_POSIX_PRINTF 1
| #define HAVE_STDINT_H 1
| #define HAVE_STDINT_H 1
| #define HAVE_WORKING_O_NOATIME 1
| #define HAVE_WORKING_O_NOFOLLOW 1
| #define HAVE_WORKING_USELOCALE 1
| #define FLEXIBLE_ARRAY_MEMBER /**/
| #define HAVE_FEATURES_H 1
| #define HAVE_STDDEF_H 1
| #define HAVE_STDLIB_H 1
| #define HAVE_STRING_H 1
| #define HAVE_ASPRINTF 1
| #define HAVE_FWPRINTF 1
| #define HAVE_NEWLOCALE 1
| #define HAVE_PUTENV 1
| #define HAVE_SETENV 1
| #define HAVE_SETLOCALE 1
| #define HAVE_SNPRINTF 1
| #define HAVE_STRNLEN 1
| #define HAVE_USELOCALE 1
| #define HAVE_WCSLEN 1
| #define HAVE_WCSNLEN 1
| #define HAVE_MBRTOWC 1
| #define HAVE_WCRTOMB 1
| #define HAVE_DECL__SNPRINTF 0
| #define HAVE_DECL__SNWPRINTF 0
| #define HAVE_DECL_GETC_UNLOCKED 1
| #define HAVE_LANGINFO_CODESET 1
| #define HAVE_LC_MESSAGES 1
| #define ENABLE_NLS 1
| #define HAVE_GETTEXT 1
| #define HAVE_DCGETTEXT 1
| #define HAVE_DIRENT_H 1
| #define MAJOR_IN_SYSMACROS 1
| #define HAVE_INTTYPES_H 1
| #define HAVE_UNISTD_H 1
| #define HAVE_STDLIB_H 1
| #define HAVE_STDARG_H 1
| #define HAVE_LIMITS_H 1
| #define HAVE_STRING_H 1
| #define HAVE_MEMORY_H 1
| #define HAVE_LOCALE_H 1
| #define HAVE_TERMCAP_H 1
| #define HAVE_TERMIO_H 1
| #define HAVE_TERMIOS_H 1
| #define HAVE_DLFCN_H 1
| #define HAVE_STDBOOL_H 1
| #define HAVE_STDDEF_H 1
| #define HAVE_STDINT_H 1
| #define HAVE_NETDB_H 1
| #define HAVE_PWD_H 1
| #define HAVE_GRP_H 1
| #define HAVE_STRINGS_H 1
| #define HAVE_REGEX_H 1
| #define HAVE_SYSLOG_H 1
| #define HAVE_ULIMIT_H 1
| #define HAVE_SYS_SELECT_H 1
| #define HAVE_SYS_FILE_H 1
| #define HAVE_SYS_IOCTL_H 1
| #define HAVE_SYS_MMAN_H 1
| #define HAVE_SYS_PARAM_H 1
| #define HAVE_SYS_RANDOM_H 1
| #define HAVE_SYS_SOCKET_H 1
| #define HAVE_SYS_STAT_H 1
| #define HAVE_SYS_TIME_H 1
| #define HAVE_SYS_TIMES_H 1
| #define HAVE_SYS_TYPES_H 1
| #define HAVE_SYS_WAIT_H 1
| #define HAVE_NETINET_IN_H 1
| #define HAVE_ARPA_INET_H 1
| #define HAVE_SYS_RESOURCE_H 1
| #define HAVE_ALLOCA_H 1
| #define HAVE_ALLOCA 1
| #define HAVE_CHOWN 1
| #define GETPGRP_VOID 1
| #define HAVE_STRCOLL 1
| #define HAVE_WAIT3 1
| #define HAVE_MKFIFO 1
| #define HAVE_DUP2 1
| #define HAVE_EACCESS 1
| #define HAVE_FCNTL 1
| #define HAVE_GETDTABLESIZE 1
| #define HAVE_GETENTROPY 1
| #define HAVE_GETGROUPS 1
| #define HAVE_GETHOSTNAME 1
| #define HAVE_GETPAGESIZE 1
| #define HAVE_GETPEERNAME 1
| #define HAVE_GETRANDOM 1
| #define HAVE_GETRLIMIT 1
| #define HAVE_GETRUSAGE 1
| #define HAVE_GETTIMEOFDAY 1
| #define HAVE_KILL 1
| #define HAVE_KILLPG 1
| #define HAVE_LSTAT 1
| #define HAVE_PSELECT 1
| #define HAVE_READLINK 1
| #define HAVE_SELECT 1
| #define HAVE_SETITIMER 1
| #define HAVE_TCGETPGRP 1
| #define HAVE_UNAME 1
| #define HAVE_ULIMIT 1
| #define HAVE_WAITPID 1
| #define HAVE_RENAME 1
| #define HAVE_BCOPY 1
| #define HAVE_BZERO 1
| #define HAVE_CONFSTR 1
| #define HAVE_FACCESSAT 1
| #define HAVE_FNMATCH 1
| #define HAVE_GETADDRINFO 1
| #define HAVE_GETHOSTBYNAME 1
| #define HAVE_GETSERVBYNAME 1
| #define HAVE_GETSERVENT 1
| #define HAVE_INET_ATON 1
| #define HAVE_IMAXDIV 1
| #define HAVE_MEMMOVE 1
| #define HAVE_PATHCONF 1
| #define HAVE_PUTENV 1
| #define HAVE_RAISE 1
| #define HAVE_RANDOM 1
| #define HAVE_REGCOMP 1
| #define HAVE_REGEXEC 1
| #define HAVE_SETENV 1
| #define HAVE_SETLINEBUF 1
| #define HAVE_SETLOCALE 1
| #define HAVE_SETVBUF 1
| #define HAVE_SIGINTERRUPT 1
| #define HAVE_STRCHR 1
| #define HAVE_SYSCONF 1
| #define HAVE_SYSLOG 1
| #define HAVE_TCGETATTR 1
| #define HAVE_TIMES 1
| #define HAVE_TTYNAME 1
| #define HAVE_TZSET 1
| #define HAVE_UNSETENV 1
| #define HAVE_VASPRINTF 1
| #define HAVE_ASPRINTF 1
| #define HAVE_ISASCII 1
| #define HAVE_ISBLANK 1
| #define HAVE_ISGRAPH 1
| #define HAVE_ISPRINT 1
| #define HAVE_ISSPACE 1
| #define HAVE_ISXDIGIT 1
| #define HAVE_GETPWENT 1
| #define HAVE_GETPWNAM 1
| #define HAVE_GETPWUID 1
| #define HAVE_MKSTEMP 1
| #define HAVE_MKDTEMP 1
| #define HAVE_ARC4RANDOM 1
| #define HAVE_GETCWD 1
| #define HAVE_MEMSET 1
| #define HAVE_STRCASECMP 1
| #define HAVE_STRCASESTR 1
| #define HAVE_STRERROR 1
| #define HAVE_STRFTIME 1
| #define HAVE_STRNLEN 1
| #define HAVE_STRPBRK 1
| #define HAVE_STRSTR 1
| #define HAVE_STRTOD 1
| #define HAVE_STRTOL 1
| #define HAVE_STRTOUL 1
| #define HAVE_STRTOLL 1
| #define HAVE_STRTOULL 1
| #define HAVE_STRTOUMAX 1
| #define HAVE_DPRINTF 1
| #define HAVE_STRCHRNUL 1
| #define HAVE_STRDUP 1
| #define HAVE_DECL_AUDIT_USER_TTY 1
| #define HAVE_DECL_CONFSTR 1
| #define HAVE_DECL_PRINTF 1
| #define HAVE_DECL_SBRK 1
| #define HAVE_DECL_SETREGID 1
| #define HAVE_DECL_STRCPY 1
| #define HAVE_DECL_STRSIGNAL 1
| #define HAVE_SETRESUID 1
| #define HAVE_SETRESGID 1
| #define HAVE_DECL_STRTOLD 1
| #define HAVE_DECL_STRTOL 1
| #define HAVE_DECL_STRTOLL 1
| #define HAVE_DECL_STRTOUL 1
| #define HAVE_DECL_STRTOULL 1
| #define HAVE_DECL_STRTOUMAX 1
| #define HAVE_ARGZ_H 1
| #define HAVE_ERRNO_H 1
| #define HAVE_FCNTL_H 1
| #define HAVE_MALLOC_H 1
| #define HAVE_STDIO_EXT_H 1
| #define HAVE_MMAP 1
| #define HAVE___ARGZ_COUNT 1
| #define HAVE___ARGZ_NEXT 1
| #define HAVE___ARGZ_STRINGIFY 1
| #define HAVE_DCGETTEXT 1
| #define HAVE_MEMPCPY 1
| #define HAVE_MUNMAP 1
| #define HAVE_MREMAP 1
| #define HAVE_STPCPY 1
| #define HAVE_STRCSPN 1
| #define HAVE_WCTYPE_H 1
| #define HAVE_WCHAR_H 1
| #define HAVE_LANGINFO_H 1
| #define HAVE_MBRLEN 1
| #define HAVE_MBSNRTOWCS 1
| #define HAVE_MBSRTOWCS 1
| #define HAVE_WCRTOMB 1
| #define HAVE_WCSCOLL 1
| #define HAVE_WCSDUP 1
| #define HAVE_WCWIDTH 1
| #define HAVE_WCTYPE 1
| #define HAVE_WCSWIDTH 1
| #define HAVE_MBRTOWC 1
| #define HAVE_MBSTATE_T 1
| #define HAVE_ISWLOWER 1
| #define HAVE_ISWUPPER 1
| #define HAVE_TOWLOWER 1
| #define HAVE_TOWUPPER 1
| #define HAVE_ISWCTYPE 1
| #define HAVE_WCHAR_T 1
| #define HAVE_WCTYPE_T 1
| #define HAVE_WINT_T 1
| #define SIZEOF_WCHAR_T 4
| #define HAVE_LIBDL 1
| #define HAVE_DLOPEN 1
| #define HAVE_DLCLOSE 1
| #define HAVE_DLSYM 1
| #define GETGROUPS_T gid_t
| #define HAVE_UINTPTR_T 1
| #define HAVE_LONG_LONG_INT 1
| #define HAVE_UNSIGNED_LONG_LONG_INT 1
| #define SIZEOF_CHAR 1
| #define SIZEOF_SHORT 2
| #define SIZEOF_INT 4
| #define SIZEOF_LONG 8
| #define SIZEOF_CHAR_P 8
| #define SIZEOF_SIZE_T 8
| #define SIZEOF_DOUBLE 8
| #define SIZEOF_LONG_LONG 8
| #define bits16_t short
| #define u_bits16_t unsigned short
| /* end confdefs.h.  */
| #include <stddef.h>
| #ifdef HAVE_STDIO_H
| # include <stdio.h>
| #endif
| #ifdef HAVE_STDLIB_H
| # include <stdlib.h>
| #endif
| #ifdef HAVE_STRING_H
| # include <string.h>
| #endif
| #ifdef HAVE_INTTYPES_H
| # include <inttypes.h>
| #endif
| #ifdef HAVE_STDINT_H
| # include <stdint.h>
| #endif
| #ifdef HAVE_STRINGS_H
| # include <strings.h>
| #endif
| #ifdef HAVE_SYS_TYPES_H
| # include <sys/types.h>
| #endif
| #ifdef HAVE_SYS_STAT_H
| # include <sys/stat.h>
| #endif
| #ifdef HAVE_UNISTD_H
| # include <unistd.h>
| #endif
| int
| main (void)
| {
| if (sizeof (bits32_t))
| 	 return 0;
|   ;
|   return 0;
| }
configure:17817: result: no
configure:17853: checking for u_bits32_t
configure:17853: /usr/bin/clang -c -g -O2  conftest.c >&5
conftest.c:395:13: error: use of undeclared identifier 'u_bits32_t'
  395 | if (sizeof (u_bits32_t))
      |             ^
1 error generated.
configure:17853: $? = 1
configure: failed program was:
| /* confdefs.h */
| #define PACKAGE_NAME "bash"
| #define PACKAGE_TARNAME "bash"
| #define PACKAGE_VERSION "5.2-release"
| #define PACKAGE_STRING "bash 5.2-release"
| #define PACKAGE_BUGREPORT "bug-bash@gnu.org"
| #define PACKAGE_URL ""
| #define USING_BASH_MALLOC 1
| #define ALIAS 1
| #define PUSHD_AND_POPD 1
| #define RESTRICTED_SHELL 1
| #define PROCESS_SUBSTITUTION 1
| #define PROMPT_STRING_DECODE 1
| #define SELECT_COMMAND 1
| #define HELP_BUILTIN 1
| #define ARRAY_VARS 1
| #define DPAREN_ARITHMETIC 1
| #define BRACE_EXPANSION 1
| #define COMMAND_TIMING 1
| #define EXTENDED_GLOB 1
| #define EXTGLOB_DEFAULT 0
| #define COND_COMMAND 1
| #define COND_REGEXP 1
| #define COPROCESS_SUPPORT 1
| #define ARITH_FOR_COMMAND 1
| #define NETWORK_REDIRECTIONS 1
| #define PROGRAMMABLE_COMPLETION 1
| #define DEBUGGER 1
| #define CASEMOD_ATTRS 1
| #define CASEMOD_EXPANSIONS 1
| #define GLOBASCII_DEFAULT 1
| #define FUNCTION_IMPORT 1
| #define TRANSLATABLE_STRINGS 1
| #define MEMSCRAMBLE 1
| #define HAVE_STDIO_H 1
| #define HAVE_STDLIB_H 1
| #define HAVE_STRING_H 1
| #define HAVE_INTTYPES_H 1
| #define HAVE_STDINT_H 1
| #define HAVE_STRINGS_H 1
| #define HAVE_SYS_STAT_H 1
| #define HAVE_SYS_TYPES_H 1
| #define HAVE_UNISTD_H 1
| #define HAVE_WCHAR_H 1
| #define HAVE_SYS_PARAM_H 1
| #define HAVE_SYS_TIME_H 1
| #define STDC_HEADERS 1
| #define _ALL_SOURCE 1
| #define _DARWIN_C_SOURCE 1
| #define _GNU_SOURCE 1
| #define _HPUX_ALT_XOPEN_SOCKET_API 1
| #define _NETBSD_SOURCE 1
| #define _OPENBSD_SOURCE 1
| #define _POSIX_PTHREAD_SEMANTICS 1
| #define __STDC_WANT_IEC_60559_ATTRIBS_EXT__ 1
| #define __STDC_WANT_IEC_60559_BFP_EXT__ 1
| #define __STDC_WANT_IEC_60559_DFP_EXT__ 1
| #define __STDC_WANT_IEC_60559_FUNCS_EXT__ 1
| #define __STDC_WANT_IEC_60559_TYPES_EXT__ 1
| #define __STDC_WANT_LIB_EXT2__ 1
| #define __STDC_WANT_MATH_SPEC_FUNCS__ 1
| #define _TANDEM_SOURCE 1
| #define __EXTENSIONS__ 1
| #define READLINE 1
| #define HISTORY 1
| #define BANG_HISTORY 1
| #define HAVE_STRINGIZE 1
| #define HAVE_LONG_DOUBLE 1
| #define PROTOTYPES 1
| #define __PROTOTYPES 1
| #define restrict __restrict__
| #define HAVE_VISIBILITY 1
| #define HAVE_STDINT_H_WITH_UINTMAX 1
| #define HAVE_ALLOCA_H 1
| #define HAVE_ALLOCA 1
| #define HAVE_GETPAGESIZE 1
| #define HAVE_SYMLINK 1
| #define HAVE_USELOCALE 1
| #define HAVE_VPRINTF 1
| #define HAVE_ALARM 1
| #define HAVE___FPURGE 1
| #define HAVE_SNPRINTF 1
| #define HAVE_VSNPRINTF 1
| #define HAVE_MMAP 1
| #define INTDIV0_RAISES_SIGFPE 1
| #define HAVE_INTTYPES_H_WITH_UINTMAX 1
| #define HAVE_UNSIGNED_LONG_LONG_INT 1
| #define HAVE_UINTMAX_T 1
| #define HAVE_INTTYPES_H 1
| #define USE_POSIX_THREADS 1
| #define USE_POSIX_THREADS_WEAK 1
| #define HAVE_PTHREAD_RWLOCK 1
| #define HAVE_PTHREAD_MUTEX_RECURSIVE 1
| #define HAVE_ICONV 1
| #define ICONV_CONST 
| #define HAVE_BUILTIN_EXPECT 1
| #define HAVE_ARGZ_H 1
| #define HAVE_INTTYPES_H 1
| #define HAVE_LIMITS_H 1
| #define HAVE_UNISTD_H 1
| #define HAVE_SYS_PARAM_H 1
| #define HAVE_GETCWD 1
| #define HAVE_GETEGID 1
| #define HAVE_GETEUID 1
| #define HAVE_GETGID 1
| #define HAVE_GETUID 1
| #define HAVE_MEMPCPY 1
| #define HAVE_MUNMAP 1
| #define HAVE_STPCPY 1
| #define HAVE_STRCASECMP 1
| #define HAVE_STRDUP 1
| #define HAVE_STRTOUL 1
| #define HAVE_TSEARCH 1
| #define HAVE_ARGZ_COUNT 1
| #define HAVE_ARGZ_STRINGIFY 1
| #define HAVE_ARGZ_NEXT 1
| #define HAVE___FSETLOCKING 1
| #define HAVE_LOCALECONV 1
| #define HAVE_DECL_FEOF_UNLOCKED 1
| #define HAVE_DECL_FGETS_UNLOCKED 1
| #define HAVE_LONG_LONG_INT 1
| #define HAVE_WCHAR_T 1
| #define HAVE_WINT_T 1
| #define HAVE_INTMAX_T 1
| #define HAVE_POSIX_PRINTF 1
| #define HAVE_STDINT_H 1
| #define HAVE_STDINT_H 1
| #define HAVE_WORKING_O_NOATIME 1
| #define HAVE_WORKING_O_NOFOLLOW 1
| #define HAVE_WORKING_USELOCALE 1
| #define FLEXIBLE_ARRAY_MEMBER /**/
| #define HAVE_FEATURES_H 1
| #define HAVE_STDDEF_H 1
| #define HAVE_STDLIB_H 1
| #define HAVE_STRING_H 1
| #define HAVE_ASPRINTF 1
| #define HAVE_FWPRINTF 1
| #define HAVE_NEWLOCALE 1
| #define HAVE_PUTENV 1
| #define HAVE_SETENV 1
| #define HAVE_SETLOCALE 1
| #define HAVE_SNPRINTF 1
| #define HAVE_STRNLEN 1
| #define HAVE_USELOCALE 1
| #define HAVE_WCSLEN 1
| #define HAVE_WCSNLEN 1
| #define HAVE_MBRTOWC 1
| #define HAVE_WCRTOMB 1
| #define HAVE_DECL__SNPRINTF 0
| #define HAVE_DECL__SNWPRINTF 0
| #define HAVE_DECL_GETC_UNLOCKED 1
| #define HAVE_LANGINFO_CODESET 1
| #define HAVE_LC_MESSAGES 1
| #define ENABLE_NLS 1
| #define HAVE_GETTEXT 1
| #define HAVE_DCGETTEXT 1
| #define HAVE_DIRENT_H 1
| #define MAJOR_IN_SYSMACROS 1
| #define HAVE_INTTYPES_H 1
| #define HAVE_UNISTD_H 1
| #define HAVE_STDLIB_H 1
| #define HAVE_STDARG_H 1
| #define HAVE_LIMITS_H 1
| #define HAVE_STRING_H 1
| #define HAVE_MEMORY_H 1
| #define HAVE_LOCALE_H 1
| #define HAVE_TERMCAP_H 1
| #define HAVE_TERMIO_H 1
| #define HAVE_TERMIOS_H 1
| #define HAVE_DLFCN_H 1
| #define HAVE_STDBOOL_H 1
| #define HAVE_STDDEF_H 1
| #define HAVE_STDINT_H 1
| #define HAVE_NETDB_H 1
| #define HAVE_PWD_H 1
| #define HAVE_GRP_H 1
| #define HAVE_STRINGS_H 1
| #define HAVE_REGEX_H 1
| #define HAVE_SYSLOG_H 1
| #define HAVE_ULIMIT_H 1
| #define HAVE_SYS_SELECT_H 1
| #define HAVE_SYS_FILE_H 1
| #define HAVE_SYS_IOCTL_H 1
| #define HAVE_SYS_MMAN_H 1
| #define HAVE_SYS_PARAM_H 1
| #define HAVE_SYS_RANDOM_H 1
| #define HAVE_SYS_SOCKET_H 1
| #define HAVE_SYS_STAT_H 1
| #define HAVE_SYS_TIME_H 1
| #define HAVE_SYS_TIMES_H 1
| #define HAVE_SYS_TYPES_H 1
| #define HAVE_SYS_WAIT_H 1
| #define HAVE_NETINET_IN_H 1
| #define HAVE_ARPA_INET_H 1
| #define HAVE_SYS_RESOURCE_H 1
| #define HAVE_ALLOCA_H 1
| #define HAVE_ALLOCA 1
| #define HAVE_CHOWN 1
| #define GETPGRP_VOID 1
| #define HAVE_STRCOLL 1
| #define HAVE_WAIT3 1
| #define HAVE_MKFIFO 1
| #define HAVE_DUP2 1
| #define HAVE_EACCESS 1
| #define HAVE_FCNTL 1
| #define HAVE_GETDTABLESIZE 1
| #define HAVE_GETENTROPY 1
| #define HAVE_GETGROUPS 1
| #define HAVE_GETHOSTNAME 1
| #define HAVE_GETPAGESIZE 1
| #define HAVE_GETPEERNAME 1
| #define HAVE_GETRANDOM 1
| #define HAVE_GETRLIMIT 1
| #define HAVE_GETRUSAGE 1
| #define HAVE_GETTIMEOFDAY 1
| #define HAVE_KILL 1
| #define HAVE_KILLPG 1
| #define HAVE_LSTAT 1
| #define HAVE_PSELECT 1
| #define HAVE_READLINK 1
| #define HAVE_SELECT 1
| #define HAVE_SETITIMER 1
| #define HAVE_TCGETPGRP 1
| #define HAVE_UNAME 1
| #define HAVE_ULIMIT 1
| #define HAVE_WAITPID 1
| #define HAVE_RENAME 1
| #define HAVE_BCOPY 1
| #define HAVE_BZERO 1
| #define HAVE_CONFSTR 1
| #define HAVE_FACCESSAT 1
| #define HAVE_FNMATCH 1
| #define HAVE_GETADDRINFO 1
| #define HAVE_GETHOSTBYNAME 1
| #define HAVE_GETSERVBYNAME 1
| #define HAVE_GETSERVENT 1
| #define HAVE_INET_ATON 1
| #define HAVE_IMAXDIV 1
| #define HAVE_MEMMOVE 1
| #define HAVE_PATHCONF 1
| #define HAVE_PUTENV 1
| #define HAVE_RAISE 1
| #define HAVE_RANDOM 1
| #define HAVE_REGCOMP 1
| #define HAVE_REGEXEC 1
| #define HAVE_SETENV 1
| #define HAVE_SETLINEBUF 1
| #define HAVE_SETLOCALE 1
| #define HAVE_SETVBUF 1
| #define HAVE_SIGINTERRUPT 1
| #define HAVE_STRCHR 1
| #define HAVE_SYSCONF 1
| #define HAVE_SYSLOG 1
| #define HAVE_TCGETATTR 1
| #define HAVE_TIMES 1
| #define HAVE_TTYNAME 1
| #define HAVE_TZSET 1
| #define HAVE_UNSETENV 1
| #define HAVE_VASPRINTF 1
| #define HAVE_ASPRINTF 1
| #define HAVE_ISASCII 1
| #define HAVE_ISBLANK 1
| #define HAVE_ISGRAPH 1
| #define HAVE_ISPRINT 1
| #define HAVE_ISSPACE 1
| #define HAVE_ISXDIGIT 1
| #define HAVE_GETPWENT 1
| #define HAVE_GETPWNAM 1
| #define HAVE_GETPWUID 1
| #define HAVE_MKSTEMP 1
| #define HAVE_MKDTEMP 1
| #define HAVE_ARC4RANDOM 1
| #define HAVE_GETCWD 1
| #define HAVE_MEMSET 1
| #define HAVE_STRCASECMP 1
| #define HAVE_STRCASESTR 1
| #define HAVE_STRERROR 1
| #define HAVE_STRFTIME 1
| #define HAVE_STRNLEN 1
| #define HAVE_STRPBRK 1
| #define HAVE_STRSTR 1
| #define HAVE_STRTOD 1
| #define HAVE_STRTOL 1
| #define HAVE_STRTOUL 1
| #define HAVE_STRTOLL 1
| #define HAVE_STRTOULL 1
| #define HAVE_STRTOUMAX 1
| #define HAVE_DPRINTF 1
| #define HAVE_STRCHRNUL 1
| #define HAVE_STRDUP 1
| #define HAVE_DECL_AUDIT_USER_TTY 1
| #define HAVE_DECL_CONFSTR 1
| #define HAVE_DECL_PRINTF 1
| #define HAVE_DECL_SBRK 1
| #define HAVE_DECL_SETREGID 1
| #define HAVE_DECL_STRCPY 1
| #define HAVE_DECL_STRSIGNAL 1
| #define HAVE_SETRESUID 1
| #define HAVE_SETRESGID 1
| #define HAVE_DECL_STRTOLD 1
| #define HAVE_DECL_STRTOL 1
| #define HAVE_DECL_STRTOLL 1
| #define HAVE_DECL_STRTOUL 1
| #define HAVE_DECL_STRTOULL 1
| #define HAVE_DECL_STRTOUMAX 1
| #define HAVE_ARGZ_H 1
| #define HAVE_ERRNO_H 1
| #define HAVE_FCNTL_H 1
| #define HAVE_MALLOC_H 1
| #define HAVE_STDIO_EXT_H 1
| #define HAVE_MMAP 1
| #define HAVE___ARGZ_COUNT 1
| #define HAVE___ARGZ_NEXT 1
| #define HAVE___ARGZ_STRINGIFY 1
| #define HAVE_DCGETTEXT 1
| #define HAVE_MEMPCPY 1
| #define HAVE_MUNMAP 1
| #define HAVE_MREMAP 1
| #define HAVE_STPCPY 1
| #define HAVE_STRCSPN 1
| #define HAVE_WCTYPE_H 1
| #define HAVE_WCHAR_H 1
| #define HAVE_LANGINFO_H 1
| #define HAVE_MBRLEN 1
| #define HAVE_MBSNRTOWCS 1
| #define HAVE_MBSRTOWCS 1
| #define HAVE_WCRTOMB 1
| #define HAVE_WCSCOLL 1
| #define HAVE_WCSDUP 1
| #define HAVE_WCWIDTH 1
| #define HAVE_WCTYPE 1
| #define HAVE_WCSWIDTH 1
| #define HAVE_MBRTOWC 1
| #define HAVE_MBSTATE_T 1
| #define HAVE_ISWLOWER 1
| #define HAVE_ISWUPPER 1
| #define HAVE_TOWLOWER 1
| #define HAVE_TOWUPPER 1
| #define HAVE_ISWCTYPE 1
| #define HAVE_WCHAR_T 1
| #define HAVE_WCTYPE_T 1
| #define HAVE_WINT_T 1
| #define SIZEOF_WCHAR_T 4
| #define HAVE_LIBDL 1
| #define HAVE_DLOPEN 1
| #define HAVE_DLCLOSE 1
| #define HAVE_DLSYM 1
| #define GETGROUPS_T gid_t
| #define HAVE_UINTPTR_T 1
| #define HAVE_LONG_LONG_INT 1
| #define HAVE_UNSIGNED_LONG_LONG_INT 1
| #define SIZEOF_CHAR 1
| #define SIZEOF_SHORT 2
| #define SIZEOF_INT 4
| #define SIZEOF_LONG 8
| #define SIZEOF_CHAR_P 8
| #define SIZEOF_SIZE_T 8
| #define SIZEOF_DOUBLE 8
| #define SIZEOF_LONG_LONG 8
| #define bits16_t short
| #define u_bits16_t unsigned short
| #define bits32_t int
| /* end confdefs.h.  */
| #include <stddef.h>
| #ifdef HAVE_STDIO_H
| # include <stdio.h>
| #endif
| #ifdef HAVE_STDLIB_H
| # include <stdlib.h>
| #endif
| #ifdef HAVE_STRING_H
| # include <string.h>
| #endif
| #ifdef HAVE_INTTYPES_H
| # include <inttypes.h>
| #endif
| #ifdef HAVE_STDINT_H
| # include <stdint.h>
| #endif
| #ifdef HAVE_STRINGS_H
| # include <strings.h>
| #endif
| #ifdef HAVE_SYS_TYPES_H
| # include <sys/types.h>
| #endif
| #ifdef HAVE_SYS_STAT_H
| # include <sys/stat.h>
| #endif
| #ifdef HAVE_UNISTD_H
| # include <unistd.h>
| #endif
| int
| main (void)
| {
| if (sizeof (u_bits32_t))
| 	 return 0;
|   ;
|   return 0;
| }
configure:17853: result: no
configure:17889: checking for bits64_t
configure:17889: /usr/bin/clang -c -g -O2  conftest.c >&5
conftest.c:396:13: error: use of undeclared identifier 'bits64_t'
  396 | if (sizeof (bits64_t))
      |             ^
1 error generated.
configure:17889: $? = 1
configure: failed program was:
| /* confdefs.h */
| #define PACKAGE_NAME "bash"
| #define PACKAGE_TARNAME "bash"
| #define PACKAGE_VERSION "5.2-release"
| #define PACKAGE_STRING "bash 5.2-release"
| #define PACKAGE_BUGREPORT "bug-bash@gnu.org"
| #define PACKAGE_URL ""
| #define USING_BASH_MALLOC 1
| #define ALIAS 1
| #define PUSHD_AND_POPD 1
| #define RESTRICTED_SHELL 1
| #define PROCESS_SUBSTITUTION 1
| #define PROMPT_STRING_DECODE 1
| #define SELECT_COMMAND 1
| #define HELP_BUILTIN 1
| #define ARRAY_VARS 1
| #define DPAREN_ARITHMETIC 1
| #define BRACE_EXPANSION 1
| #define COMMAND_TIMING 1
| #define EXTENDED_GLOB 1
| #define EXTGLOB_DEFAULT 0
| #define COND_COMMAND 1
| #define COND_REGEXP 1
| #define COPROCESS_SUPPORT 1
| #define ARITH_FOR_COMMAND 1
| #define NETWORK_REDIRECTIONS 1
| #define PROGRAMMABLE_COMPLETION 1
| #define DEBUGGER 1
| #define CASEMOD_ATTRS 1
| #define CASEMOD_EXPANSIONS 1
| #define GLOBASCII_DEFAULT 1
| #define FUNCTION_IMPORT 1
| #define TRANSLATABLE_STRINGS 1
| #define MEMSCRAMBLE 1
| #define HAVE_STDIO_H 1
| #define HAVE_STDLIB_H 1
| #define HAVE_STRING_H 1
| #define HAVE_INTTYPES_H 1
| #define HAVE_STDINT_H 1
| #define HAVE_STRINGS_H 1
| #define HAVE_SYS_STAT_H 1
| #define HAVE_SYS_TYPES_H 1
| #define HAVE_UNISTD_H 1
| #define HAVE_WCHAR_H 1
| #define HAVE_SYS_PARAM_H 1
| #define HAVE_SYS_TIME_H 1
| #define STDC_HEADERS 1
| #define _ALL_SOURCE 1
| #define _DARWIN_C_SOURCE 1
| #define _GNU_SOURCE 1
| #define _HPUX_ALT_XOPEN_SOCKET_API 1
| #define _NETBSD_SOURCE 1
| #define _OPENBSD_SOURCE 1
| #define _POSIX_PTHREAD_SEMANTICS 1
| #define __STDC_WANT_IEC_60559_ATTRIBS_EXT__ 1
| #define __STDC_WANT_IEC_60559_BFP_EXT__ 1
| #define __STDC_WANT_IEC_60559_DFP_EXT__ 1
| #define __STDC_WANT_IEC_60559_FUNCS_EXT__ 1
| #define __STDC_WANT_IEC_60559_TYPES_EXT__ 1
| #define __STDC_WANT_LIB_EXT2__ 1
| #define __STDC_WANT_MATH_SPEC_FUNCS__ 1
| #define _TANDEM_SOURCE 1
| #define __EXTENSIONS__ 1
| #define READLINE 1
| #define HISTORY 1
| #define BANG_HISTORY 1
| #define HAVE_STRINGIZE 1
| #define HAVE_LONG_DOUBLE 1
| #define PROTOTYPES 1
| #define __PROTOTYPES 1
| #define restrict __restrict__
| #define HAVE_VISIBILITY 1
| #define HAVE_STDINT_H_WITH_UINTMAX 1
| #define HAVE_ALLOCA_H 1
| #define HAVE_ALLOCA 1
| #define HAVE_GETPAGESIZE 1
| #define HAVE_SYMLINK 1
| #define HAVE_USELOCALE 1
| #define HAVE_VPRINTF 1
| #define HAVE_ALARM 1
| #define HAVE___FPURGE 1
| #define HAVE_SNPRINTF 1
| #define HAVE_VSNPRINTF 1
| #define HAVE_MMAP 1
| #define INTDIV0_RAISES_SIGFPE 1
| #define HAVE_INTTYPES_H_WITH_UINTMAX 1
| #define HAVE_UNSIGNED_LONG_LONG_INT 1
| #define HAVE_UINTMAX_T 1
| #define HAVE_INTTYPES_H 1
| #define USE_POSIX_THREADS 1
| #define USE_POSIX_THREADS_WEAK 1
| #define HAVE_PTHREAD_RWLOCK 1
| #define HAVE_PTHREAD_MUTEX_RECURSIVE 1
| #define HAVE_ICONV 1
| #define ICONV_CONST 
| #define HAVE_BUILTIN_EXPECT 1
| #define HAVE_ARGZ_H 1
| #define HAVE_INTTYPES_H 1
| #define HAVE_LIMITS_H 1
| #define HAVE_UNISTD_H 1
| #define HAVE_SYS_PARAM_H 1
| #define HAVE_GETCWD 1
| #define HAVE_GETEGID 1
| #define HAVE_GETEUID 1
| #define HAVE_GETGID 1
| #define HAVE_GETUID 1
| #define HAVE_MEMPCPY 1
| #define HAVE_MUNMAP 1
| #define HAVE_STPCPY 1
| #define HAVE_STRCASECMP 1
| #define HAVE_STRDUP 1
| #define HAVE_STRTOUL 1
| #define HAVE_TSEARCH 1
| #define HAVE_ARGZ_COUNT 1
| #define HAVE_ARGZ_STRINGIFY 1
| #define HAVE_ARGZ_NEXT 1
| #define HAVE___FSETLOCKING 1
| #define HAVE_LOCALECONV 1
| #define HAVE_DECL_FEOF_UNLOCKED 1
| #define HAVE_DECL_FGETS_UNLOCKED 1
| #define HAVE_LONG_LONG_INT 1
| #define HAVE_WCHAR_T 1
| #define HAVE_WINT_T 1
| #define HAVE_INTMAX_T 1
| #define HAVE_POSIX_PRINTF 1
| #define HAVE_STDINT_H 1
| #define HAVE_STDINT_H 1
| #define HAVE_WORKING_O_NOATIME 1
| #define HAVE_WORKING_O_NOFOLLOW 1
| #define HAVE_WORKING_USELOCALE 1
| #define FLEXIBLE_ARRAY_MEMBER /**/
| #define HAVE_FEATURES_H 1
| #define HAVE_STDDEF_H 1
| #define HAVE_STDLIB_H 1
| #define HAVE_STRING_H 1
| #define HAVE_ASPRINTF 1
| #define HAVE_FWPRINTF 1
| #define HAVE_NEWLOCALE 1
| #define HAVE_PUTENV 1
| #define HAVE_SETENV 1
| #define HAVE_SETLOCALE 1
| #define HAVE_SNPRINTF 1
| #define HAVE_STRNLEN 1
| #define HAVE_USELOCALE 1
| #define HAVE_WCSLEN 1
| #define HAVE_WCSNLEN 1
| #define HAVE_MBRTOWC 1
| #define HAVE_WCRTOMB 1
| #define HAVE_DECL__SNPRINTF 0
| #define HAVE_DECL__SNWPRINTF 0
| #define HAVE_DECL_GETC_UNLOCKED 1
| #define HAVE_LANGINFO_CODESET 1
| #define HAVE_LC_MESSAGES 1
| #define ENABLE_NLS 1
| #define HAVE_GETTEXT 1
| #define HAVE_DCGETTEXT 1
| #define HAVE_DIRENT_H 1
| #define MAJOR_IN_SYSMACROS 1
| #define HAVE_INTTYPES_H 1
| #define HAVE_UNISTD_H 1
| #define HAVE_STDLIB_H 1
| #define HAVE_STDARG_H 1
| #define HAVE_LIMITS_H 1
| #define HAVE_STRING_H 1
| #define HAVE_MEMORY_H 1
| #define HAVE_LOCALE_H 1
| #define HAVE_TERMCAP_H 1
| #define HAVE_TERMIO_H 1
| #define HAVE_TERMIOS_H 1
| #define HAVE_DLFCN_H 1
| #define HAVE_STDBOOL_H 1
| #define HAVE_STDDEF_H 1
| #define HAVE_STDINT_H 1
| #define HAVE_NETDB_H 1
| #define HAVE_PWD_H 1
| #define HAVE_GRP_H 1
| #define HAVE_STRINGS_H 1
| #define HAVE_REGEX_H 1
| #define HAVE_SYSLOG_H 1
| #define HAVE_ULIMIT_H 1
| #define HAVE_SYS_SELECT_H 1
| #define HAVE_SYS_FILE_H 1
| #define HAVE_SYS_IOCTL_H 1
| #define HAVE_SYS_MMAN_H 1
| #define HAVE_SYS_PARAM_H 1
| #define HAVE_SYS_RANDOM_H 1
| #define HAVE_SYS_SOCKET_H 1
| #define HAVE_SYS_STAT_H 1
| #define HAVE_SYS_TIME_H 1
| #define HAVE_SYS_TIMES_H 1
| #define HAVE_SYS_TYPES_H 1
| #define HAVE_SYS_WAIT_H 1
| #define HAVE_NETINET_IN_H 1
| #define HAVE_ARPA_INET_H 1
| #define HAVE_SYS_RESOURCE_H 1
| #define HAVE_ALLOCA_H 1
| #define HAVE_ALLOCA 1
| #define HAVE_CHOWN 1
| #define GETPGRP_VOID 1
| #define HAVE_STRCOLL 1
| #define HAVE_WAIT3 1
| #define HAVE_MKFIFO 1
| #define HAVE_DUP2 1
| #define HAVE_EACCESS 1
| #define HAVE_FCNTL 1
| #define HAVE_GETDTABLESIZE 1
| #define HAVE_GETENTROPY 1
| #define HAVE_GETGROUPS 1
| #define HAVE_GETHOSTNAME 1
| #define HAVE_GETPAGESIZE 1
| #define HAVE_GETPEERNAME 1
| #define HAVE_GETRANDOM 1
| #define HAVE_GETRLIMIT 1
| #define HAVE_GETRUSAGE 1
| #define HAVE_GETTIMEOFDAY 1
| #define HAVE_KILL 1
| #define HAVE_KILLPG 1
| #define HAVE_LSTAT 1
| #define HAVE_PSELECT 1
| #define HAVE_READLINK 1
| #define HAVE_SELECT 1
| #define HAVE_SETITIMER 1
| #define HAVE_TCGETPGRP 1
| #define HAVE_UNAME 1
| #define HAVE_ULIMIT 1
| #define HAVE_WAITPID 1
| #define HAVE_RENAME 1
| #define HAVE_BCOPY 1
| #define HAVE_BZERO 1
| #define HAVE_CONFSTR 1
| #define HAVE_FACCESSAT 1
| #define HAVE_FNMATCH 1
| #define HAVE_GETADDRINFO 1
| #define HAVE_GETHOSTBYNAME 1
| #define HAVE_GETSERVBYNAME 1
| #define HAVE_GETSERVENT 1
| #define HAVE_INET_ATON 1
| #define HAVE_IMAXDIV 1
| #define HAVE_MEMMOVE 1
| #define HAVE_PATHCONF 1
| #define HAVE_PUTENV 1
| #define HAVE_RAISE 1
| #define HAVE_RANDOM 1
| #define HAVE_REGCOMP 1
| #define HAVE_REGEXEC 1
| #define HAVE_SETENV 1
| #define HAVE_SETLINEBUF 1
| #define HAVE_SETLOCALE 1
| #define HAVE_SETVBUF 1
| #define HAVE_SIGINTERRUPT 1
| #define HAVE_STRCHR 1
| #define HAVE_SYSCONF 1
| #define HAVE_SYSLOG 1
| #define HAVE_TCGETATTR 1
| #define HAVE_TIMES 1
| #define HAVE_TTYNAME 1
| #define HAVE_TZSET 1
| #define HAVE_UNSETENV 1
| #define HAVE_VASPRINTF 1
| #define HAVE_ASPRINTF 1
| #define HAVE_ISASCII 1
| #define HAVE_ISBLANK 1
| #define HAVE_ISGRAPH 1
| #define HAVE_ISPRINT 1
| #define HAVE_ISSPACE 1
| #define HAVE_ISXDIGIT 1
| #define HAVE_GETPWENT 1
| #define HAVE_GETPWNAM 1
| #define HAVE_GETPWUID 1
| #define HAVE_MKSTEMP 1
| #define HAVE_MKDTEMP 1
| #define HAVE_ARC4RANDOM 1
| #define HAVE_GETCWD 1
| #define HAVE_MEMSET 1
| #define HAVE_STRCASECMP 1
| #define HAVE_STRCASESTR 1
| #define HAVE_STRERROR 1
| #define HAVE_STRFTIME 1
| #define HAVE_STRNLEN 1
| #define HAVE_STRPBRK 1
| #define HAVE_STRSTR 1
| #define HAVE_STRTOD 1
| #define HAVE_STRTOL 1
| #define HAVE_STRTOUL 1
| #define HAVE_STRTOLL 1
| #define HAVE_STRTOULL 1
| #define HAVE_STRTOUMAX 1
| #define HAVE_DPRINTF 1
| #define HAVE_STRCHRNUL 1
| #define HAVE_STRDUP 1
| #define HAVE_DECL_AUDIT_USER_TTY 1
| #define HAVE_DECL_CONFSTR 1
| #define HAVE_DECL_PRINTF 1
| #define HAVE_DECL_SBRK 1
| #define HAVE_DECL_SETREGID 1
| #define HAVE_DECL_STRCPY 1
| #define HAVE_DECL_STRSIGNAL 1
| #define HAVE_SETRESUID 1
| #define HAVE_SETRESGID 1
| #define HAVE_DECL_STRTOLD 1
| #define HAVE_DECL_STRTOL 1
| #define HAVE_DECL_STRTOLL 1
| #define HAVE_DECL_STRTOUL 1
| #define HAVE_DECL_STRTOULL 1
| #define HAVE_DECL_STRTOUMAX 1
| #define HAVE_ARGZ_H 1
| #define HAVE_ERRNO_H 1
| #define HAVE_FCNTL_H 1
| #define HAVE_MALLOC_H 1
| #define HAVE_STDIO_EXT_H 1
| #define HAVE_MMAP 1
| #define HAVE___ARGZ_COUNT 1
| #define HAVE___ARGZ_NEXT 1
| #define HAVE___ARGZ_STRINGIFY 1
| #define HAVE_DCGETTEXT 1
| #define HAVE_MEMPCPY 1
| #define HAVE_MUNMAP 1
| #define HAVE_MREMAP 1
| #define HAVE_STPCPY 1
| #define HAVE_STRCSPN 1
| #define HAVE_WCTYPE_H 1
| #define HAVE_WCHAR_H 1
| #define HAVE_LANGINFO_H 1
| #define HAVE_MBRLEN 1
| #define HAVE_MBSNRTOWCS 1
| #define HAVE_MBSRTOWCS 1
| #define HAVE_WCRTOMB 1
| #define HAVE_WCSCOLL 1
| #define HAVE_WCSDUP 1
| #define HAVE_WCWIDTH 1
| #define HAVE_WCTYPE 1
| #define HAVE_WCSWIDTH 1
| #define HAVE_MBRTOWC 1
| #define HAVE_MBSTATE_T 1
| #define HAVE_ISWLOWER 1
| #define HAVE_ISWUPPER 1
| #define HAVE_TOWLOWER 1
| #define HAVE_TOWUPPER 1
| #define HAVE_ISWCTYPE 1
| #define HAVE_WCHAR_T 1
| #define HAVE_WCTYPE_T 1
| #define HAVE_WINT_T 1
| #define SIZEOF_WCHAR_T 4
| #define HAVE_LIBDL 1
| #define HAVE_DLOPEN 1
| #define HAVE_DLCLOSE 1
| #define HAVE_DLSYM 1
| #define GETGROUPS_T gid_t
| #define HAVE_UINTPTR_T 1
| #define HAVE_LONG_LONG_INT 1
| #define HAVE_UNSIGNED_LONG_LONG_INT 1
| #define SIZEOF_CHAR 1
| #define SIZEOF_SHORT 2
| #define SIZEOF_INT 4
| #define SIZEOF_LONG 8
| #define SIZEOF_CHAR_P 8
| #define SIZEOF_SIZE_T 8
| #define SIZEOF_DOUBLE 8
| #define SIZEOF_LONG_LONG 8
| #define bits16_t short
| #define u_bits16_t unsigned short
| #define bits32_t int
| #define u_bits32_t unsigned int
| /* end confdefs.h.  */
| #include <stddef.h>
| #ifdef HAVE_STDIO_H
| # include <stdio.h>
| #endif
| #ifdef HAVE_STDLIB_H
| # include <stdlib.h>
| #endif
| #ifdef HAVE_STRING_H
| # include <string.h>
| #endif
| #ifdef HAVE_INTTYPES_H
| # include <inttypes.h>
| #endif
| #ifdef HAVE_STDINT_H
| # include <stdint.h>
| #endif
| #ifdef HAVE_STRINGS_H
| # include <strings.h>
| #endif
| #ifdef HAVE_SYS_TYPES_H
| # include <sys/types.h>
| #endif
| #ifdef HAVE_SYS_STAT_H
| # include <sys/stat.h>
| #endif
| #ifdef HAVE_UNISTD_H
| # include <unistd.h>
| #endif
| int
| main (void)
| {
| if (sizeof (bits64_t))
| 	 return 0;
|   ;
|   return 0;
| }
configure:17889: result: no
configure:17959: checking for ptrdiff_t
configure:17959: result: yes
configure:17994: checking whether stat file-mode macros are broken
configure:18022: /usr/bin/clang -c -g -O2  conftest.c >&5
configure:18022: $? = 0
configure:18030: result: no
configure:18039: checking whether #! works in shell scripts
configure:18057: result: yes
configure:18105: checking if dup2 fails to clear the close-on-exec flag
configure:18140: /usr/bin/clang -o conftest -g -O2   conftest.c -ldl  >&5
conftest.c:378:9: error: call to undeclared function 'dup2'; ISO C99 and later do not support implicit function declarations [-Wimplicit-function-declaration]
  378 |   fd2 = dup2(fd1, 1);
      |         ^
1 error generated.
configure:18140: $? = 1
configure: program exited with status 1
configure: failed program was:
| /* confdefs.h */
| #define PACKAGE_NAME "bash"
| #define PACKAGE_TARNAME "bash"
| #define PACKAGE_VERSION "5.2-release"
| #define PACKAGE_STRING "bash 5.2-release"
| #define PACKAGE_BUGREPORT "bug-bash@gnu.org"
| #define PACKAGE_URL ""
| #define USING_BASH_MALLOC 1
| #define ALIAS 1
| #define PUSHD_AND_POPD 1
| #define RESTRICTED_SHELL 1
| #define PROCESS_SUBSTITUTION 1
| #define PROMPT_STRING_DECODE 1
| #define SELECT_COMMAND 1
| #define HELP_BUILTIN 1
| #define ARRAY_VARS 1
| #define DPAREN_ARITHMETIC 1
| #define BRACE_EXPANSION 1
| #define COMMAND_TIMING 1
| #define EXTENDED_GLOB 1
| #define EXTGLOB_DEFAULT 0
| #define COND_COMMAND 1
| #define COND_REGEXP 1
| #define COPROCESS_SUPPORT 1
| #define ARITH_FOR_COMMAND 1
| #define NETWORK_REDIRECTIONS 1
| #define PROGRAMMABLE_COMPLETION 1
| #define DEBUGGER 1
| #define CASEMOD_ATTRS 1
| #define CASEMOD_EXPANSIONS 1
| #define GLOBASCII_DEFAULT 1
| #define FUNCTION_IMPORT 1
| #define TRANSLATABLE_STRINGS 1
| #define MEMSCRAMBLE 1
| #define HAVE_STDIO_H 1
| #define HAVE_STDLIB_H 1
| #define HAVE_STRING_H 1
| #define HAVE_INTTYPES_H 1
| #define HAVE_STDINT_H 1
| #define HAVE_STRINGS_H 1
| #define HAVE_SYS_STAT_H 1
| #define HAVE_SYS_TYPES_H 1
| #define HAVE_UNISTD_H 1
| #define HAVE_WCHAR_H 1
| #define HAVE_SYS_PARAM_H 1
| #define HAVE_SYS_TIME_H 1
| #define STDC_HEADERS 1
| #define _ALL_SOURCE 1
| #define _DARWIN_C_SOURCE 1
| #define _GNU_SOURCE 1
| #define _HPUX_ALT_XOPEN_SOCKET_API 1
| #define _NETBSD_SOURCE 1
| #define _OPENBSD_SOURCE 1
| #define _POSIX_PTHREAD_SEMANTICS 1
| #define __STDC_WANT_IEC_60559_ATTRIBS_EXT__ 1
| #define __STDC_WANT_IEC_60559_BFP_EXT__ 1
| #define __STDC_WANT_IEC_60559_DFP_EXT__ 1
| #define __STDC_WANT_IEC_60559_FUNCS_EXT__ 1
| #define __STDC_WANT_IEC_60559_TYPES_EXT__ 1
| #define __STDC_WANT_LIB_EXT2__ 1
| #define __STDC_WANT_MATH_SPEC_FUNCS__ 1
| #define _TANDEM_SOURCE 1
| #define __EXTENSIONS__ 1
| #define READLINE 1
| #define HISTORY 1
| #define BANG_HISTORY 1
| #define HAVE_STRINGIZE 1
| #define HAVE_LONG_DOUBLE 1
| #define PROTOTYPES 1
| #define __PROTOTYPES 1
| #define restrict __restrict__
| #define HAVE_VISIBILITY 1
| #define HAVE_STDINT_H_WITH_UINTMAX 1
| #define HAVE_ALLOCA_H 1
| #define HAVE_ALLOCA 1
| #define HAVE_GETPAGESIZE 1
| #define HAVE_SYMLINK 1
| #define HAVE_USELOCALE 1
| #define HAVE_VPRINTF 1
| #define HAVE_ALARM 1
| #define HAVE___FPURGE 1
| #define HAVE_SNPRINTF 1
| #define HAVE_VSNPRINTF 1
| #define HAVE_MMAP 1
| #define INTDIV0_RAISES_SIGFPE 1
| #define HAVE_INTTYPES_H_WITH_UINTMAX 1
| #define HAVE_UNSIGNED_LONG_LONG_INT 1
| #define HAVE_UINTMAX_T 1
| #define HAVE_INTTYPES_H 1
| #define USE_POSIX_THREADS 1
| #define USE_POSIX_THREADS_WEAK 1
| #define HAVE_PTHREAD_RWLOCK 1
| #define HAVE_PTHREAD_MUTEX_RECURSIVE 1
| #define HAVE_ICONV 1
| #define ICONV_CONST 
| #define HAVE_BUILTIN_EXPECT 1
| #define HAVE_ARGZ_H 1
| #define HAVE_INTTYPES_H 1
| #define HAVE_LIMITS_H 1
| #define HAVE_UNISTD_H 1
| #define HAVE_SYS_PARAM_H 1
| #define HAVE_GETCWD 1
| #define HAVE_GETEGID 1
| #define HAVE_GETEUID 1
| #define HAVE_GETGID 1
| #define HAVE_GETUID 1
| #define HAVE_MEMPCPY 1
| #define HAVE_MUNMAP 1
| #define HAVE_STPCPY 1
| #define HAVE_STRCASECMP 1
| #define HAVE_STRDUP 1
| #define HAVE_STRTOUL 1
| #define HAVE_TSEARCH 1
| #define HAVE_ARGZ_COUNT 1
| #define HAVE_ARGZ_STRINGIFY 1
| #define HAVE_ARGZ_NEXT 1
| #define HAVE___FSETLOCKING 1
| #define HAVE_LOCALECONV 1
| #define HAVE_DECL_FEOF_UNLOCKED 1
| #define HAVE_DECL_FGETS_UNLOCKED 1
| #define HAVE_LONG_LONG_INT 1
| #define HAVE_WCHAR_T 1
| #define HAVE_WINT_T 1
| #define HAVE_INTMAX_T 1
| #define HAVE_POSIX_PRINTF 1
| #define HAVE_STDINT_H 1
| #define HAVE_STDINT_H 1
| #define HAVE_WORKING_O_NOATIME 1
| #define HAVE_WORKING_O_NOFOLLOW 1
| #define HAVE_WORKING_USELOCALE 1
| #define FLEXIBLE_ARRAY_MEMBER /**/
| #define HAVE_FEATURES_H 1
| #define HAVE_STDDEF_H 1
| #define HAVE_STDLIB_H 1
| #define HAVE_STRING_H 1
| #define HAVE_ASPRINTF 1
| #define HAVE_FWPRINTF 1
| #define HAVE_NEWLOCALE 1
| #define HAVE_PUTENV 1
| #define HAVE_SETENV 1
| #define HAVE_SETLOCALE 1
| #define HAVE_SNPRINTF 1
| #define HAVE_STRNLEN 1
| #define HAVE_USELOCALE 1
| #define HAVE_WCSLEN 1
| #define HAVE_WCSNLEN 1
| #define HAVE_MBRTOWC 1
| #define HAVE_WCRTOMB 1
| #define HAVE_DECL__SNPRINTF 0
| #define HAVE_DECL__SNWPRINTF 0
| #define HAVE_DECL_GETC_UNLOCKED 1
| #define HAVE_LANGINFO_CODESET 1
| #define HAVE_LC_MESSAGES 1
| #define ENABLE_NLS 1
| #define HAVE_GETTEXT 1
| #define HAVE_DCGETTEXT 1
| #define HAVE_DIRENT_H 1
| #define MAJOR_IN_SYSMACROS 1
| #define HAVE_INTTYPES_H 1
| #define HAVE_UNISTD_H 1
| #define HAVE_STDLIB_H 1
| #define HAVE_STDARG_H 1
| #define HAVE_LIMITS_H 1
| #define HAVE_STRING_H 1
| #define HAVE_MEMORY_H 1
| #define HAVE_LOCALE_H 1
| #define HAVE_TERMCAP_H 1
| #define HAVE_TERMIO_H 1
| #define HAVE_TERMIOS_H 1
| #define HAVE_DLFCN_H 1
| #define HAVE_STDBOOL_H 1
| #define HAVE_STDDEF_H 1
| #define HAVE_STDINT_H 1
| #define HAVE_NETDB_H 1
| #define HAVE_PWD_H 1
| #define HAVE_GRP_H 1
| #define HAVE_STRINGS_H 1
| #define HAVE_REGEX_H 1
| #define HAVE_SYSLOG_H 1
| #define HAVE_ULIMIT_H 1
| #define HAVE_SYS_SELECT_H 1
| #define HAVE_SYS_FILE_H 1
| #define HAVE_SYS_IOCTL_H 1
| #define HAVE_SYS_MMAN_H 1
| #define HAVE_SYS_PARAM_H 1
| #define HAVE_SYS_RANDOM_H 1
| #define HAVE_SYS_SOCKET_H 1
| #define HAVE_SYS_STAT_H 1
| #define HAVE_SYS_TIME_H 1
| #define HAVE_SYS_TIMES_H 1
| #define HAVE_SYS_TYPES_H 1
| #define HAVE_SYS_WAIT_H 1
| #define HAVE_NETINET_IN_H 1
| #define HAVE_ARPA_INET_H 1
| #define HAVE_SYS_RESOURCE_H 1
| #define HAVE_ALLOCA_H 1
| #define HAVE_ALLOCA 1
| #define HAVE_CHOWN 1
| #define GETPGRP_VOID 1
| #define HAVE_STRCOLL 1
| #define HAVE_WAIT3 1
| #define HAVE_MKFIFO 1
| #define HAVE_DUP2 1
| #define HAVE_EACCESS 1
| #define HAVE_FCNTL 1
| #define HAVE_GETDTABLESIZE 1
| #define HAVE_GETENTROPY 1
| #define HAVE_GETGROUPS 1
| #define HAVE_GETHOSTNAME 1
| #define HAVE_GETPAGESIZE 1
| #define HAVE_GETPEERNAME 1
| #define HAVE_GETRANDOM 1
| #define HAVE_GETRLIMIT 1
| #define HAVE_GETRUSAGE 1
| #define HAVE_GETTIMEOFDAY 1
| #define HAVE_KILL 1
| #define HAVE_KILLPG 1
| #define HAVE_LSTAT 1
| #define HAVE_PSELECT 1
| #define HAVE_READLINK 1
| #define HAVE_SELECT 1
| #define HAVE_SETITIMER 1
| #define HAVE_TCGETPGRP 1
| #define HAVE_UNAME 1
| #define HAVE_ULIMIT 1
| #define HAVE_WAITPID 1
| #define HAVE_RENAME 1
| #define HAVE_BCOPY 1
| #define HAVE_BZERO 1
| #define HAVE_CONFSTR 1
| #define HAVE_FACCESSAT 1
| #define HAVE_FNMATCH 1
| #define HAVE_GETADDRINFO 1
| #define HAVE_GETHOSTBYNAME 1
| #define HAVE_GETSERVBYNAME 1
| #define HAVE_GETSERVENT 1
| #define HAVE_INET_ATON 1
| #define HAVE_IMAXDIV 1
| #define HAVE_MEMMOVE 1
| #define HAVE_PATHCONF 1
| #define HAVE_PUTENV 1
| #define HAVE_RAISE 1
| #define HAVE_RANDOM 1
| #define HAVE_REGCOMP 1
| #define HAVE_REGEXEC 1
| #define HAVE_SETENV 1
| #define HAVE_SETLINEBUF 1
| #define HAVE_SETLOCALE 1
| #define HAVE_SETVBUF 1
| #define HAVE_SIGINTERRUPT 1
| #define HAVE_STRCHR 1
| #define HAVE_SYSCONF 1
| #define HAVE_SYSLOG 1
| #define HAVE_TCGETATTR 1
| #define HAVE_TIMES 1
| #define HAVE_TTYNAME 1
| #define HAVE_TZSET 1
| #define HAVE_UNSETENV 1
| #define HAVE_VASPRINTF 1
| #define HAVE_ASPRINTF 1
| #define HAVE_ISASCII 1
| #define HAVE_ISBLANK 1
| #define HAVE_ISGRAPH 1
| #define HAVE_ISPRINT 1
| #define HAVE_ISSPACE 1
| #define HAVE_ISXDIGIT 1
| #define HAVE_GETPWENT 1
| #define HAVE_GETPWNAM 1
| #define HAVE_GETPWUID 1
| #define HAVE_MKSTEMP 1
| #define HAVE_MKDTEMP 1
| #define HAVE_ARC4RANDOM 1
| #define HAVE_GETCWD 1
| #define HAVE_MEMSET 1
| #define HAVE_STRCASECMP 1
| #define HAVE_STRCASESTR 1
| #define HAVE_STRERROR 1
| #define HAVE_STRFTIME 1
| #define HAVE_STRNLEN 1
| #define HAVE_STRPBRK 1
| #define HAVE_STRSTR 1
| #define HAVE_STRTOD 1
| #define HAVE_STRTOL 1
| #define HAVE_STRTOUL 1
| #define HAVE_STRTOLL 1
| #define HAVE_STRTOULL 1
| #define HAVE_STRTOUMAX 1
| #define HAVE_DPRINTF 1
| #define HAVE_STRCHRNUL 1
| #define HAVE_STRDUP 1
| #define HAVE_DECL_AUDIT_USER_TTY 1
| #define HAVE_DECL_CONFSTR 1
| #define HAVE_DECL_PRINTF 1
| #define HAVE_DECL_SBRK 1
| #define HAVE_DECL_SETREGID 1
| #define HAVE_DECL_STRCPY 1
| #define HAVE_DECL_STRSIGNAL 1
| #define HAVE_SETRESUID 1
| #define HAVE_SETRESGID 1
| #define HAVE_DECL_STRTOLD 1
| #define HAVE_DECL_STRTOL 1
| #define HAVE_DECL_STRTOLL 1
| #define HAVE_DECL_STRTOUL 1
| #define HAVE_DECL_STRTOULL 1
| #define HAVE_DECL_STRTOUMAX 1
| #define HAVE_ARGZ_H 1
| #define HAVE_ERRNO_H 1
| #define HAVE_FCNTL_H 1
| #define HAVE_MALLOC_H 1
| #define HAVE_STDIO_EXT_H 1
| #define HAVE_MMAP 1
| #define HAVE___ARGZ_COUNT 1
| #define HAVE___ARGZ_NEXT 1
| #define HAVE___ARGZ_STRINGIFY 1
| #define HAVE_DCGETTEXT 1
| #define HAVE_MEMPCPY 1
| #define HAVE_MUNMAP 1
| #define HAVE_MREMAP 1
| #define HAVE_STPCPY 1
| #define HAVE_STRCSPN 1
| #define HAVE_WCTYPE_H 1
| #define HAVE_WCHAR_H 1
| #define HAVE_LANGINFO_H 1
| #define HAVE_MBRLEN 1
| #define HAVE_MBSNRTOWCS 1
| #define HAVE_MBSRTOWCS 1
| #define HAVE_WCRTOMB 1
| #define HAVE_WCSCOLL 1
| #define HAVE_WCSDUP 1
| #define HAVE_WCWIDTH 1
| #define HAVE_WCTYPE 1
| #define HAVE_WCSWIDTH 1
| #define HAVE_MBRTOWC 1
| #define HAVE_MBSTATE_T 1
| #define HAVE_ISWLOWER 1
| #define HAVE_ISWUPPER 1
| #define HAVE_TOWLOWER 1
| #define HAVE_TOWUPPER 1
| #define HAVE_ISWCTYPE 1
| #define HAVE_WCHAR_T 1
| #define HAVE_WCTYPE_T 1
| #define HAVE_WINT_T 1
| #define SIZEOF_WCHAR_T 4
| #define HAVE_LIBDL 1
| #define HAVE_DLOPEN 1
| #define HAVE_DLCLOSE 1
| #define HAVE_DLSYM 1
| #define GETGROUPS_T gid_t
| #define HAVE_UINTPTR_T 1
| #define HAVE_LONG_LONG_INT 1
| #define HAVE_UNSIGNED_LONG_LONG_INT 1
| #define SIZEOF_CHAR 1
| #define SIZEOF_SHORT 2
| #define SIZEOF_INT 4
| #define SIZEOF_LONG 8
| #define SIZEOF_CHAR_P 8
| #define SIZEOF_SIZE_T 8
| #define SIZEOF_DOUBLE 8
| #define SIZEOF_LONG_LONG 8
| #define bits16_t short
| #define u_bits16_t unsigned short
| #define bits32_t int
| #define u_bits32_t unsigned int
| #define bits64_t char *
| #define HAVE_HASH_BANG_EXEC 1
| /* end confdefs.h.  */
| 
| #include <sys/types.h>
| #include <fcntl.h>
| #include <stdlib.h>
| int
| main()
| {
|   int fd1, fd2, fl;
|   fd1 = open("/dev/null", 2);
|   if (fcntl(fd1, 2, 1) < 0)
|     exit(1);
|   fd2 = dup2(fd1, 1);
|   if (fd2 < 0)
|     exit(2);
|   fl = fcntl(fd2, 1, 0);
|   /* fl will be 1 if dup2 did not reset the close-on-exec flag. */
|   exit(fl != 1);
| }
| 
configure:18152: result: no
configure:18160: checking whether pgrps need synchronization
configure:18230: /usr/bin/clang -o conftest -g -O2   conftest.c -ldl  >&5
configure:18230: $? = 0
configure:18230: ./conftest
configure:18230: $? = 0
configure:18242: result: no
configure:18249: checking for type of signal functions
configure:18279: /usr/bin/clang -o conftest -g -O2   conftest.c -ldl  >&5
configure:18279: $? = 0
configure:18373: result: posix
configure:18387: checking for sys_errlist and sys_nerr
configure:18410: /usr/bin/clang -o conftest -g -O2   conftest.c -ldl  >&5
configure:18410: $? = 0
configure:18421: result: yes
configure:18428: checking whether sys_siglist is declared
configure:18428: /usr/bin/clang -c -g -O2   conftest.c >&5
conftest.c:383:10: error: use of undeclared identifier 'sys_siglist'
  383 |   (void) sys_siglist;
      |          ^
1 error generated.
configure:18428: $? = 1
configure: failed program was:
| /* confdefs.h */
| #define PACKAGE_NAME "bash"
| #define PACKAGE_TARNAME "bash"
| #define PACKAGE_VERSION "5.2-release"
| #define PACKAGE_STRING "bash 5.2-release"
| #define PACKAGE_BUGREPORT "bug-bash@gnu.org"
| #define PACKAGE_URL ""
| #define USING_BASH_MALLOC 1
| #define ALIAS 1
| #define PUSHD_AND_POPD 1
| #define RESTRICTED_SHELL 1
| #define PROCESS_SUBSTITUTION 1
| #define PROMPT_STRING_DECODE 1
| #define SELECT_COMMAND 1
| #define HELP_BUILTIN 1
| #define ARRAY_VARS 1
| #define DPAREN_ARITHMETIC 1
| #define BRACE_EXPANSION 1
| #define COMMAND_TIMING 1
| #define EXTENDED_GLOB 1
| #define EXTGLOB_DEFAULT 0
| #define COND_COMMAND 1
| #define COND_REGEXP 1
| #define COPROCESS_SUPPORT 1
| #define ARITH_FOR_COMMAND 1
| #define NETWORK_REDIRECTIONS 1
| #define PROGRAMMABLE_COMPLETION 1
| #define DEBUGGER 1
| #define CASEMOD_ATTRS 1
| #define CASEMOD_EXPANSIONS 1
| #define GLOBASCII_DEFAULT 1
| #define FUNCTION_IMPORT 1
| #define TRANSLATABLE_STRINGS 1
| #define MEMSCRAMBLE 1
| #define HAVE_STDIO_H 1
| #define HAVE_STDLIB_H 1
| #define HAVE_STRING_H 1
| #define HAVE_INTTYPES_H 1
| #define HAVE_STDINT_H 1
| #define HAVE_STRINGS_H 1
| #define HAVE_SYS_STAT_H 1
| #define HAVE_SYS_TYPES_H 1
| #define HAVE_UNISTD_H 1
| #define HAVE_WCHAR_H 1
| #define HAVE_SYS_PARAM_H 1
| #define HAVE_SYS_TIME_H 1
| #define STDC_HEADERS 1
| #define _ALL_SOURCE 1
| #define _DARWIN_C_SOURCE 1
| #define _GNU_SOURCE 1
| #define _HPUX_ALT_XOPEN_SOCKET_API 1
| #define _NETBSD_SOURCE 1
| #define _OPENBSD_SOURCE 1
| #define _POSIX_PTHREAD_SEMANTICS 1
| #define __STDC_WANT_IEC_60559_ATTRIBS_EXT__ 1
| #define __STDC_WANT_IEC_60559_BFP_EXT__ 1
| #define __STDC_WANT_IEC_60559_DFP_EXT__ 1
| #define __STDC_WANT_IEC_60559_FUNCS_EXT__ 1
| #define __STDC_WANT_IEC_60559_TYPES_EXT__ 1
| #define __STDC_WANT_LIB_EXT2__ 1
| #define __STDC_WANT_MATH_SPEC_FUNCS__ 1
| #define _TANDEM_SOURCE 1
| #define __EXTENSIONS__ 1
| #define READLINE 1
| #define HISTORY 1
| #define BANG_HISTORY 1
| #define HAVE_STRINGIZE 1
| #define HAVE_LONG_DOUBLE 1
| #define PROTOTYPES 1
| #define __PROTOTYPES 1
| #define restrict __restrict__
| #define HAVE_VISIBILITY 1
| #define HAVE_STDINT_H_WITH_UINTMAX 1
| #define HAVE_ALLOCA_H 1
| #define HAVE_ALLOCA 1
| #define HAVE_GETPAGESIZE 1
| #define HAVE_SYMLINK 1
| #define HAVE_USELOCALE 1
| #define HAVE_VPRINTF 1
| #define HAVE_ALARM 1
| #define HAVE___FPURGE 1
| #define HAVE_SNPRINTF 1
| #define HAVE_VSNPRINTF 1
| #define HAVE_MMAP 1
| #define INTDIV0_RAISES_SIGFPE 1
| #define HAVE_INTTYPES_H_WITH_UINTMAX 1
| #define HAVE_UNSIGNED_LONG_LONG_INT 1
| #define HAVE_UINTMAX_T 1
| #define HAVE_INTTYPES_H 1
| #define USE_POSIX_THREADS 1
| #define USE_POSIX_THREADS_WEAK 1
| #define HAVE_PTHREAD_RWLOCK 1
| #define HAVE_PTHREAD_MUTEX_RECURSIVE 1
| #define HAVE_ICONV 1
| #define ICONV_CONST 
| #define HAVE_BUILTIN_EXPECT 1
| #define HAVE_ARGZ_H 1
| #define HAVE_INTTYPES_H 1
| #define HAVE_LIMITS_H 1
| #define HAVE_UNISTD_H 1
| #define HAVE_SYS_PARAM_H 1
| #define HAVE_GETCWD 1
| #define HAVE_GETEGID 1
| #define HAVE_GETEUID 1
| #define HAVE_GETGID 1
| #define HAVE_GETUID 1
| #define HAVE_MEMPCPY 1
| #define HAVE_MUNMAP 1
| #define HAVE_STPCPY 1
| #define HAVE_STRCASECMP 1
| #define HAVE_STRDUP 1
| #define HAVE_STRTOUL 1
| #define HAVE_TSEARCH 1
| #define HAVE_ARGZ_COUNT 1
| #define HAVE_ARGZ_STRINGIFY 1
| #define HAVE_ARGZ_NEXT 1
| #define HAVE___FSETLOCKING 1
| #define HAVE_LOCALECONV 1
| #define HAVE_DECL_FEOF_UNLOCKED 1
| #define HAVE_DECL_FGETS_UNLOCKED 1
| #define HAVE_LONG_LONG_INT 1
| #define HAVE_WCHAR_T 1
| #define HAVE_WINT_T 1
| #define HAVE_INTMAX_T 1
| #define HAVE_POSIX_PRINTF 1
| #define HAVE_STDINT_H 1
| #define HAVE_STDINT_H 1
| #define HAVE_WORKING_O_NOATIME 1
| #define HAVE_WORKING_O_NOFOLLOW 1
| #define HAVE_WORKING_USELOCALE 1
| #define FLEXIBLE_ARRAY_MEMBER /**/
| #define HAVE_FEATURES_H 1
| #define HAVE_STDDEF_H 1
| #define HAVE_STDLIB_H 1
| #define HAVE_STRING_H 1
| #define HAVE_ASPRINTF 1
| #define HAVE_FWPRINTF 1
| #define HAVE_NEWLOCALE 1
| #define HAVE_PUTENV 1
| #define HAVE_SETENV 1
| #define HAVE_SETLOCALE 1
| #define HAVE_SNPRINTF 1
| #define HAVE_STRNLEN 1
| #define HAVE_USELOCALE 1
| #define HAVE_WCSLEN 1
| #define HAVE_WCSNLEN 1
| #define HAVE_MBRTOWC 1
| #define HAVE_WCRTOMB 1
| #define HAVE_DECL__SNPRINTF 0
| #define HAVE_DECL__SNWPRINTF 0
| #define HAVE_DECL_GETC_UNLOCKED 1
| #define HAVE_LANGINFO_CODESET 1
| #define HAVE_LC_MESSAGES 1
| #define ENABLE_NLS 1
| #define HAVE_GETTEXT 1
| #define HAVE_DCGETTEXT 1
| #define HAVE_DIRENT_H 1
| #define MAJOR_IN_SYSMACROS 1
| #define HAVE_INTTYPES_H 1
| #define HAVE_UNISTD_H 1
| #define HAVE_STDLIB_H 1
| #define HAVE_STDARG_H 1
| #define HAVE_LIMITS_H 1
| #define HAVE_STRING_H 1
| #define HAVE_MEMORY_H 1
| #define HAVE_LOCALE_H 1
| #define HAVE_TERMCAP_H 1
| #define HAVE_TERMIO_H 1
| #define HAVE_TERMIOS_H 1
| #define HAVE_DLFCN_H 1
| #define HAVE_STDBOOL_H 1
| #define HAVE_STDDEF_H 1
| #define HAVE_STDINT_H 1
| #define HAVE_NETDB_H 1
| #define HAVE_PWD_H 1
| #define HAVE_GRP_H 1
| #define HAVE_STRINGS_H 1
| #define HAVE_REGEX_H 1
| #define HAVE_SYSLOG_H 1
| #define HAVE_ULIMIT_H 1
| #define HAVE_SYS_SELECT_H 1
| #define HAVE_SYS_FILE_H 1
| #define HAVE_SYS_IOCTL_H 1
| #define HAVE_SYS_MMAN_H 1
| #define HAVE_SYS_PARAM_H 1
| #define HAVE_SYS_RANDOM_H 1
| #define HAVE_SYS_SOCKET_H 1
| #define HAVE_SYS_STAT_H 1
| #define HAVE_SYS_TIME_H 1
| #define HAVE_SYS_TIMES_H 1
| #define HAVE_SYS_TYPES_H 1
| #define HAVE_SYS_WAIT_H 1
| #define HAVE_NETINET_IN_H 1
| #define HAVE_ARPA_INET_H 1
| #define HAVE_SYS_RESOURCE_H 1
| #define HAVE_ALLOCA_H 1
| #define HAVE_ALLOCA 1
| #define HAVE_CHOWN 1
| #define GETPGRP_VOID 1
| #define HAVE_STRCOLL 1
| #define HAVE_WAIT3 1
| #define HAVE_MKFIFO 1
| #define HAVE_DUP2 1
| #define HAVE_EACCESS 1
| #define HAVE_FCNTL 1
| #define HAVE_GETDTABLESIZE 1
| #define HAVE_GETENTROPY 1
| #define HAVE_GETGROUPS 1
| #define HAVE_GETHOSTNAME 1
| #define HAVE_GETPAGESIZE 1
| #define HAVE_GETPEERNAME 1
| #define HAVE_GETRANDOM 1
| #define HAVE_GETRLIMIT 1
| #define HAVE_GETRUSAGE 1
| #define HAVE_GETTIMEOFDAY 1
| #define HAVE_KILL 1
| #define HAVE_KILLPG 1
| #define HAVE_LSTAT 1
| #define HAVE_PSELECT 1
| #define HAVE_READLINK 1
| #define HAVE_SELECT 1
| #define HAVE_SETITIMER 1
| #define HAVE_TCGETPGRP 1
| #define HAVE_UNAME 1
| #define HAVE_ULIMIT 1
| #define HAVE_WAITPID 1
| #define HAVE_RENAME 1
| #define HAVE_BCOPY 1
| #define HAVE_BZERO 1
| #define HAVE_CONFSTR 1
| #define HAVE_FACCESSAT 1
| #define HAVE_FNMATCH 1
| #define HAVE_GETADDRINFO 1
| #define HAVE_GETHOSTBYNAME 1
| #define HAVE_GETSERVBYNAME 1
| #define HAVE_GETSERVENT 1
| #define HAVE_INET_ATON 1
| #define HAVE_IMAXDIV 1
| #define HAVE_MEMMOVE 1
| #define HAVE_PATHCONF 1
| #define HAVE_PUTENV 1
| #define HAVE_RAISE 1
| #define HAVE_RANDOM 1
| #define HAVE_REGCOMP 1
| #define HAVE_REGEXEC 1
| #define HAVE_SETENV 1
| #define HAVE_SETLINEBUF 1
| #define HAVE_SETLOCALE 1
| #define HAVE_SETVBUF 1
| #define HAVE_SIGINTERRUPT 1
| #define HAVE_STRCHR 1
| #define HAVE_SYSCONF 1
| #define HAVE_SYSLOG 1
| #define HAVE_TCGETATTR 1
| #define HAVE_TIMES 1
| #define HAVE_TTYNAME 1
| #define HAVE_TZSET 1
| #define HAVE_UNSETENV 1
| #define HAVE_VASPRINTF 1
| #define HAVE_ASPRINTF 1
| #define HAVE_ISASCII 1
| #define HAVE_ISBLANK 1
| #define HAVE_ISGRAPH 1
| #define HAVE_ISPRINT 1
| #define HAVE_ISSPACE 1
| #define HAVE_ISXDIGIT 1
| #define HAVE_GETPWENT 1
| #define HAVE_GETPWNAM 1
| #define HAVE_GETPWUID 1
| #define HAVE_MKSTEMP 1
| #define HAVE_MKDTEMP 1
| #define HAVE_ARC4RANDOM 1
| #define HAVE_GETCWD 1
| #define HAVE_MEMSET 1
| #define HAVE_STRCASECMP 1
| #define HAVE_STRCASESTR 1
| #define HAVE_STRERROR 1
| #define HAVE_STRFTIME 1
| #define HAVE_STRNLEN 1
| #define HAVE_STRPBRK 1
| #define HAVE_STRSTR 1
| #define HAVE_STRTOD 1
| #define HAVE_STRTOL 1
| #define HAVE_STRTOUL 1
| #define HAVE_STRTOLL 1
| #define HAVE_STRTOULL 1
| #define HAVE_STRTOUMAX 1
| #define HAVE_DPRINTF 1
| #define HAVE_STRCHRNUL 1
| #define HAVE_STRDUP 1
| #define HAVE_DECL_AUDIT_USER_TTY 1
| #define HAVE_DECL_CONFSTR 1
| #define HAVE_DECL_PRINTF 1
| #define HAVE_DECL_SBRK 1
| #define HAVE_DECL_SETREGID 1
| #define HAVE_DECL_STRCPY 1
| #define HAVE_DECL_STRSIGNAL 1
| #define HAVE_SETRESUID 1
| #define HAVE_SETRESGID 1
| #define HAVE_DECL_STRTOLD 1
| #define HAVE_DECL_STRTOL 1
| #define HAVE_DECL_STRTOLL 1
| #define HAVE_DECL_STRTOUL 1
| #define HAVE_DECL_STRTOULL 1
| #define HAVE_DECL_STRTOUMAX 1
| #define HAVE_ARGZ_H 1
| #define HAVE_ERRNO_H 1
| #define HAVE_FCNTL_H 1
| #define HAVE_MALLOC_H 1
| #define HAVE_STDIO_EXT_H 1
| #define HAVE_MMAP 1
| #define HAVE___ARGZ_COUNT 1
| #define HAVE___ARGZ_NEXT 1
| #define HAVE___ARGZ_STRINGIFY 1
| #define HAVE_DCGETTEXT 1
| #define HAVE_MEMPCPY 1
| #define HAVE_MUNMAP 1
| #define HAVE_MREMAP 1
| #define HAVE_STPCPY 1
| #define HAVE_STRCSPN 1
| #define HAVE_WCTYPE_H 1
| #define HAVE_WCHAR_H 1
| #define HAVE_LANGINFO_H 1
| #define HAVE_MBRLEN 1
| #define HAVE_MBSNRTOWCS 1
| #define HAVE_MBSRTOWCS 1
| #define HAVE_WCRTOMB 1
| #define HAVE_WCSCOLL 1
| #define HAVE_WCSDUP 1
| #define HAVE_WCWIDTH 1
| #define HAVE_WCTYPE 1
| #define HAVE_WCSWIDTH 1
| #define HAVE_MBRTOWC 1
| #define HAVE_MBSTATE_T 1
| #define HAVE_ISWLOWER 1
| #define HAVE_ISWUPPER 1
| #define HAVE_TOWLOWER 1
| #define HAVE_TOWUPPER 1
| #define HAVE_ISWCTYPE 1
| #define HAVE_WCHAR_T 1
| #define HAVE_WCTYPE_T 1
| #define HAVE_WINT_T 1
| #define SIZEOF_WCHAR_T 4
| #define HAVE_LIBDL 1
| #define HAVE_DLOPEN 1
| #define HAVE_DLCLOSE 1
| #define HAVE_DLSYM 1
| #define GETGROUPS_T gid_t
| #define HAVE_UINTPTR_T 1
| #define HAVE_LONG_LONG_INT 1
| #define HAVE_UNSIGNED_LONG_LONG_INT 1
| #define SIZEOF_CHAR 1
| #define SIZEOF_SHORT 2
| #define SIZEOF_INT 4
| #define SIZEOF_LONG 8
| #define SIZEOF_CHAR_P 8
| #define SIZEOF_SIZE_T 8
| #define SIZEOF_DOUBLE 8
| #define SIZEOF_LONG_LONG 8
| #define bits16_t short
| #define u_bits16_t unsigned short
| #define bits32_t int
| #define u_bits32_t unsigned int
| #define bits64_t char *
| #define HAVE_HASH_BANG_EXEC 1
| #define HAVE_POSIX_SIGNALS 1
| #define HAVE_SYS_ERRLIST 1
| /* end confdefs.h.  */
| #include <signal.h>
| /* NetBSD declares sys_siglist in unistd.h.  */
| #ifdef HAVE_UNISTD_H
| # include <unistd.h>
| #endif
| 
| 
| int
| main (void)
| {
| #ifndef sys_siglist
| #ifdef __cplusplus
|   (void) sys_siglist;
| #else
|   (void) sys_siglist;
| #endif
| #endif
| 
|   ;
|   return 0;
| }
configure:18428: result: no
configure:18445: checking for sys_siglist in system C library
configure:18478: /usr/bin/clang -o conftest -g -O2   conftest.c -ldl  >&5
/usr/bin/ld: /tmp/conftest-4d34d1.o: in function `main':
/home/gandhi/jk-robotics/operating_system/bash/conftest.c:383:(.text+0x4): undefined reference to `sys_siglist'
clang: error: linker command failed with exit code 1 (use -v to see invocation)
configure:18478: $? = 1
configure: program exited with status 1
configure: failed program was:
| /* confdefs.h */
| #define PACKAGE_NAME "bash"
| #define PACKAGE_TARNAME "bash"
| #define PACKAGE_VERSION "5.2-release"
| #define PACKAGE_STRING "bash 5.2-release"
| #define PACKAGE_BUGREPORT "bug-bash@gnu.org"
| #define PACKAGE_URL ""
| #define USING_BASH_MALLOC 1
| #define ALIAS 1
| #define PUSHD_AND_POPD 1
| #define RESTRICTED_SHELL 1
| #define PROCESS_SUBSTITUTION 1
| #define PROMPT_STRING_DECODE 1
| #define SELECT_COMMAND 1
| #define HELP_BUILTIN 1
| #define ARRAY_VARS 1
| #define DPAREN_ARITHMETIC 1
| #define BRACE_EXPANSION 1
| #define COMMAND_TIMING 1
| #define EXTENDED_GLOB 1
| #define EXTGLOB_DEFAULT 0
| #define COND_COMMAND 1
| #define COND_REGEXP 1
| #define COPROCESS_SUPPORT 1
| #define ARITH_FOR_COMMAND 1
| #define NETWORK_REDIRECTIONS 1
| #define PROGRAMMABLE_COMPLETION 1
| #define DEBUGGER 1
| #define CASEMOD_ATTRS 1
| #define CASEMOD_EXPANSIONS 1
| #define GLOBASCII_DEFAULT 1
| #define FUNCTION_IMPORT 1
| #define TRANSLATABLE_STRINGS 1
| #define MEMSCRAMBLE 1
| #define HAVE_STDIO_H 1
| #define HAVE_STDLIB_H 1
| #define HAVE_STRING_H 1
| #define HAVE_INTTYPES_H 1
| #define HAVE_STDINT_H 1
| #define HAVE_STRINGS_H 1
| #define HAVE_SYS_STAT_H 1
| #define HAVE_SYS_TYPES_H 1
| #define HAVE_UNISTD_H 1
| #define HAVE_WCHAR_H 1
| #define HAVE_SYS_PARAM_H 1
| #define HAVE_SYS_TIME_H 1
| #define STDC_HEADERS 1
| #define _ALL_SOURCE 1
| #define _DARWIN_C_SOURCE 1
| #define _GNU_SOURCE 1
| #define _HPUX_ALT_XOPEN_SOCKET_API 1
| #define _NETBSD_SOURCE 1
| #define _OPENBSD_SOURCE 1
| #define _POSIX_PTHREAD_SEMANTICS 1
| #define __STDC_WANT_IEC_60559_ATTRIBS_EXT__ 1
| #define __STDC_WANT_IEC_60559_BFP_EXT__ 1
| #define __STDC_WANT_IEC_60559_DFP_EXT__ 1
| #define __STDC_WANT_IEC_60559_FUNCS_EXT__ 1
| #define __STDC_WANT_IEC_60559_TYPES_EXT__ 1
| #define __STDC_WANT_LIB_EXT2__ 1
| #define __STDC_WANT_MATH_SPEC_FUNCS__ 1
| #define _TANDEM_SOURCE 1
| #define __EXTENSIONS__ 1
| #define READLINE 1
| #define HISTORY 1
| #define BANG_HISTORY 1
| #define HAVE_STRINGIZE 1
| #define HAVE_LONG_DOUBLE 1
| #define PROTOTYPES 1
| #define __PROTOTYPES 1
| #define restrict __restrict__
| #define HAVE_VISIBILITY 1
| #define HAVE_STDINT_H_WITH_UINTMAX 1
| #define HAVE_ALLOCA_H 1
| #define HAVE_ALLOCA 1
| #define HAVE_GETPAGESIZE 1
| #define HAVE_SYMLINK 1
| #define HAVE_USELOCALE 1
| #define HAVE_VPRINTF 1
| #define HAVE_ALARM 1
| #define HAVE___FPURGE 1
| #define HAVE_SNPRINTF 1
| #define HAVE_VSNPRINTF 1
| #define HAVE_MMAP 1
| #define INTDIV0_RAISES_SIGFPE 1
| #define HAVE_INTTYPES_H_WITH_UINTMAX 1
| #define HAVE_UNSIGNED_LONG_LONG_INT 1
| #define HAVE_UINTMAX_T 1
| #define HAVE_INTTYPES_H 1
| #define USE_POSIX_THREADS 1
| #define USE_POSIX_THREADS_WEAK 1
| #define HAVE_PTHREAD_RWLOCK 1
| #define HAVE_PTHREAD_MUTEX_RECURSIVE 1
| #define HAVE_ICONV 1
| #define ICONV_CONST 
| #define HAVE_BUILTIN_EXPECT 1
| #define HAVE_ARGZ_H 1
| #define HAVE_INTTYPES_H 1
| #define HAVE_LIMITS_H 1
| #define HAVE_UNISTD_H 1
| #define HAVE_SYS_PARAM_H 1
| #define HAVE_GETCWD 1
| #define HAVE_GETEGID 1
| #define HAVE_GETEUID 1
| #define HAVE_GETGID 1
| #define HAVE_GETUID 1
| #define HAVE_MEMPCPY 1
| #define HAVE_MUNMAP 1
| #define HAVE_STPCPY 1
| #define HAVE_STRCASECMP 1
| #define HAVE_STRDUP 1
| #define HAVE_STRTOUL 1
| #define HAVE_TSEARCH 1
| #define HAVE_ARGZ_COUNT 1
| #define HAVE_ARGZ_STRINGIFY 1
| #define HAVE_ARGZ_NEXT 1
| #define HAVE___FSETLOCKING 1
| #define HAVE_LOCALECONV 1
| #define HAVE_DECL_FEOF_UNLOCKED 1
| #define HAVE_DECL_FGETS_UNLOCKED 1
| #define HAVE_LONG_LONG_INT 1
| #define HAVE_WCHAR_T 1
| #define HAVE_WINT_T 1
| #define HAVE_INTMAX_T 1
| #define HAVE_POSIX_PRINTF 1
| #define HAVE_STDINT_H 1
| #define HAVE_STDINT_H 1
| #define HAVE_WORKING_O_NOATIME 1
| #define HAVE_WORKING_O_NOFOLLOW 1
| #define HAVE_WORKING_USELOCALE 1
| #define FLEXIBLE_ARRAY_MEMBER /**/
| #define HAVE_FEATURES_H 1
| #define HAVE_STDDEF_H 1
| #define HAVE_STDLIB_H 1
| #define HAVE_STRING_H 1
| #define HAVE_ASPRINTF 1
| #define HAVE_FWPRINTF 1
| #define HAVE_NEWLOCALE 1
| #define HAVE_PUTENV 1
| #define HAVE_SETENV 1
| #define HAVE_SETLOCALE 1
| #define HAVE_SNPRINTF 1
| #define HAVE_STRNLEN 1
| #define HAVE_USELOCALE 1
| #define HAVE_WCSLEN 1
| #define HAVE_WCSNLEN 1
| #define HAVE_MBRTOWC 1
| #define HAVE_WCRTOMB 1
| #define HAVE_DECL__SNPRINTF 0
| #define HAVE_DECL__SNWPRINTF 0
| #define HAVE_DECL_GETC_UNLOCKED 1
| #define HAVE_LANGINFO_CODESET 1
| #define HAVE_LC_MESSAGES 1
| #define ENABLE_NLS 1
| #define HAVE_GETTEXT 1
| #define HAVE_DCGETTEXT 1
| #define HAVE_DIRENT_H 1
| #define MAJOR_IN_SYSMACROS 1
| #define HAVE_INTTYPES_H 1
| #define HAVE_UNISTD_H 1
| #define HAVE_STDLIB_H 1
| #define HAVE_STDARG_H 1
| #define HAVE_LIMITS_H 1
| #define HAVE_STRING_H 1
| #define HAVE_MEMORY_H 1
| #define HAVE_LOCALE_H 1
| #define HAVE_TERMCAP_H 1
| #define HAVE_TERMIO_H 1
| #define HAVE_TERMIOS_H 1
| #define HAVE_DLFCN_H 1
| #define HAVE_STDBOOL_H 1
| #define HAVE_STDDEF_H 1
| #define HAVE_STDINT_H 1
| #define HAVE_NETDB_H 1
| #define HAVE_PWD_H 1
| #define HAVE_GRP_H 1
| #define HAVE_STRINGS_H 1
| #define HAVE_REGEX_H 1
| #define HAVE_SYSLOG_H 1
| #define HAVE_ULIMIT_H 1
| #define HAVE_SYS_SELECT_H 1
| #define HAVE_SYS_FILE_H 1
| #define HAVE_SYS_IOCTL_H 1
| #define HAVE_SYS_MMAN_H 1
| #define HAVE_SYS_PARAM_H 1
| #define HAVE_SYS_RANDOM_H 1
| #define HAVE_SYS_SOCKET_H 1
| #define HAVE_SYS_STAT_H 1
| #define HAVE_SYS_TIME_H 1
| #define HAVE_SYS_TIMES_H 1
| #define HAVE_SYS_TYPES_H 1
| #define HAVE_SYS_WAIT_H 1
| #define HAVE_NETINET_IN_H 1
| #define HAVE_ARPA_INET_H 1
| #define HAVE_SYS_RESOURCE_H 1
| #define HAVE_ALLOCA_H 1
| #define HAVE_ALLOCA 1
| #define HAVE_CHOWN 1
| #define GETPGRP_VOID 1
| #define HAVE_STRCOLL 1
| #define HAVE_WAIT3 1
| #define HAVE_MKFIFO 1
| #define HAVE_DUP2 1
| #define HAVE_EACCESS 1
| #define HAVE_FCNTL 1
| #define HAVE_GETDTABLESIZE 1
| #define HAVE_GETENTROPY 1
| #define HAVE_GETGROUPS 1
| #define HAVE_GETHOSTNAME 1
| #define HAVE_GETPAGESIZE 1
| #define HAVE_GETPEERNAME 1
| #define HAVE_GETRANDOM 1
| #define HAVE_GETRLIMIT 1
| #define HAVE_GETRUSAGE 1
| #define HAVE_GETTIMEOFDAY 1
| #define HAVE_KILL 1
| #define HAVE_KILLPG 1
| #define HAVE_LSTAT 1
| #define HAVE_PSELECT 1
| #define HAVE_READLINK 1
| #define HAVE_SELECT 1
| #define HAVE_SETITIMER 1
| #define HAVE_TCGETPGRP 1
| #define HAVE_UNAME 1
| #define HAVE_ULIMIT 1
| #define HAVE_WAITPID 1
| #define HAVE_RENAME 1
| #define HAVE_BCOPY 1
| #define HAVE_BZERO 1
| #define HAVE_CONFSTR 1
| #define HAVE_FACCESSAT 1
| #define HAVE_FNMATCH 1
| #define HAVE_GETADDRINFO 1
| #define HAVE_GETHOSTBYNAME 1
| #define HAVE_GETSERVBYNAME 1
| #define HAVE_GETSERVENT 1
| #define HAVE_INET_ATON 1
| #define HAVE_IMAXDIV 1
| #define HAVE_MEMMOVE 1
| #define HAVE_PATHCONF 1
| #define HAVE_PUTENV 1
| #define HAVE_RAISE 1
| #define HAVE_RANDOM 1
| #define HAVE_REGCOMP 1
| #define HAVE_REGEXEC 1
| #define HAVE_SETENV 1
| #define HAVE_SETLINEBUF 1
| #define HAVE_SETLOCALE 1
| #define HAVE_SETVBUF 1
| #define HAVE_SIGINTERRUPT 1
| #define HAVE_STRCHR 1
| #define HAVE_SYSCONF 1
| #define HAVE_SYSLOG 1
| #define HAVE_TCGETATTR 1
| #define HAVE_TIMES 1
| #define HAVE_TTYNAME 1
| #define HAVE_TZSET 1
| #define HAVE_UNSETENV 1
| #define HAVE_VASPRINTF 1
| #define HAVE_ASPRINTF 1
| #define HAVE_ISASCII 1
| #define HAVE_ISBLANK 1
| #define HAVE_ISGRAPH 1
| #define HAVE_ISPRINT 1
| #define HAVE_ISSPACE 1
| #define HAVE_ISXDIGIT 1
| #define HAVE_GETPWENT 1
| #define HAVE_GETPWNAM 1
| #define HAVE_GETPWUID 1
| #define HAVE_MKSTEMP 1
| #define HAVE_MKDTEMP 1
| #define HAVE_ARC4RANDOM 1
| #define HAVE_GETCWD 1
| #define HAVE_MEMSET 1
| #define HAVE_STRCASECMP 1
| #define HAVE_STRCASESTR 1
| #define HAVE_STRERROR 1
| #define HAVE_STRFTIME 1
| #define HAVE_STRNLEN 1
| #define HAVE_STRPBRK 1
| #define HAVE_STRSTR 1
| #define HAVE_STRTOD 1
| #define HAVE_STRTOL 1
| #define HAVE_STRTOUL 1
| #define HAVE_STRTOLL 1
| #define HAVE_STRTOULL 1
| #define HAVE_STRTOUMAX 1
| #define HAVE_DPRINTF 1
| #define HAVE_STRCHRNUL 1
| #define HAVE_STRDUP 1
| #define HAVE_DECL_AUDIT_USER_TTY 1
| #define HAVE_DECL_CONFSTR 1
| #define HAVE_DECL_PRINTF 1
| #define HAVE_DECL_SBRK 1
| #define HAVE_DECL_SETREGID 1
| #define HAVE_DECL_STRCPY 1
| #define HAVE_DECL_STRSIGNAL 1
| #define HAVE_SETRESUID 1
| #define HAVE_SETRESGID 1
| #define HAVE_DECL_STRTOLD 1
| #define HAVE_DECL_STRTOL 1
| #define HAVE_DECL_STRTOLL 1
| #define HAVE_DECL_STRTOUL 1
| #define HAVE_DECL_STRTOULL 1
| #define HAVE_DECL_STRTOUMAX 1
| #define HAVE_ARGZ_H 1
| #define HAVE_ERRNO_H 1
| #define HAVE_FCNTL_H 1
| #define HAVE_MALLOC_H 1
| #define HAVE_STDIO_EXT_H 1
| #define HAVE_MMAP 1
| #define HAVE___ARGZ_COUNT 1
| #define HAVE___ARGZ_NEXT 1
| #define HAVE___ARGZ_STRINGIFY 1
| #define HAVE_DCGETTEXT 1
| #define HAVE_MEMPCPY 1
| #define HAVE_MUNMAP 1
| #define HAVE_MREMAP 1
| #define HAVE_STPCPY 1
| #define HAVE_STRCSPN 1
| #define HAVE_WCTYPE_H 1
| #define HAVE_WCHAR_H 1
| #define HAVE_LANGINFO_H 1
| #define HAVE_MBRLEN 1
| #define HAVE_MBSNRTOWCS 1
| #define HAVE_MBSRTOWCS 1
| #define HAVE_WCRTOMB 1
| #define HAVE_WCSCOLL 1
| #define HAVE_WCSDUP 1
| #define HAVE_WCWIDTH 1
| #define HAVE_WCTYPE 1
| #define HAVE_WCSWIDTH 1
| #define HAVE_MBRTOWC 1
| #define HAVE_MBSTATE_T 1
| #define HAVE_ISWLOWER 1
| #define HAVE_ISWUPPER 1
| #define HAVE_TOWLOWER 1
| #define HAVE_TOWUPPER 1
| #define HAVE_ISWCTYPE 1
| #define HAVE_WCHAR_T 1
| #define HAVE_WCTYPE_T 1
| #define HAVE_WINT_T 1
| #define SIZEOF_WCHAR_T 4
| #define HAVE_LIBDL 1
| #define HAVE_DLOPEN 1
| #define HAVE_DLCLOSE 1
| #define HAVE_DLSYM 1
| #define GETGROUPS_T gid_t
| #define HAVE_UINTPTR_T 1
| #define HAVE_LONG_LONG_INT 1
| #define HAVE_UNSIGNED_LONG_LONG_INT 1
| #define SIZEOF_CHAR 1
| #define SIZEOF_SHORT 2
| #define SIZEOF_INT 4
| #define SIZEOF_LONG 8
| #define SIZEOF_CHAR_P 8
| #define SIZEOF_SIZE_T 8
| #define SIZEOF_DOUBLE 8
| #define SIZEOF_LONG_LONG 8
| #define bits16_t short
| #define u_bits16_t unsigned short
| #define bits32_t int
| #define u_bits32_t unsigned int
| #define bits64_t char *
| #define HAVE_HASH_BANG_EXEC 1
| #define HAVE_POSIX_SIGNALS 1
| #define HAVE_SYS_ERRLIST 1
| #define HAVE_DECL_SYS_SIGLIST 0
| /* end confdefs.h.  */
| 
| #include <sys/types.h>
| #include <signal.h>
| #ifdef HAVE_UNISTD_H
| #include <unistd.h>
| #endif
| #include <stdlib.h>
| #if !HAVE_DECL_SYS_SIGLIST
| extern char *sys_siglist[];
| #endif
| int
| main()
| {
| char *msg = sys_siglist[2];
| exit(msg == 0);
| }
| 
configure:18490: result: no
configure:18497: checking for _sys_siglist in signal.h or unistd.h
configure:18519: /usr/bin/clang -c -g -O2  conftest.c >&5
conftest.c:379:14: error: use of undeclared identifier '_sys_siglist'
  379 |  char *msg = _sys_siglist[2];
      |              ^
1 error generated.
configure:18519: $? = 1
configure: failed program was:
| /* confdefs.h */
| #define PACKAGE_NAME "bash"
| #define PACKAGE_TARNAME "bash"
| #define PACKAGE_VERSION "5.2-release"
| #define PACKAGE_STRING "bash 5.2-release"
| #define PACKAGE_BUGREPORT "bug-bash@gnu.org"
| #define PACKAGE_URL ""
| #define USING_BASH_MALLOC 1
| #define ALIAS 1
| #define PUSHD_AND_POPD 1
| #define RESTRICTED_SHELL 1
| #define PROCESS_SUBSTITUTION 1
| #define PROMPT_STRING_DECODE 1
| #define SELECT_COMMAND 1
| #define HELP_BUILTIN 1
| #define ARRAY_VARS 1
| #define DPAREN_ARITHMETIC 1
| #define BRACE_EXPANSION 1
| #define COMMAND_TIMING 1
| #define EXTENDED_GLOB 1
| #define EXTGLOB_DEFAULT 0
| #define COND_COMMAND 1
| #define COND_REGEXP 1
| #define COPROCESS_SUPPORT 1
| #define ARITH_FOR_COMMAND 1
| #define NETWORK_REDIRECTIONS 1
| #define PROGRAMMABLE_COMPLETION 1
| #define DEBUGGER 1
| #define CASEMOD_ATTRS 1
| #define CASEMOD_EXPANSIONS 1
| #define GLOBASCII_DEFAULT 1
| #define FUNCTION_IMPORT 1
| #define TRANSLATABLE_STRINGS 1
| #define MEMSCRAMBLE 1
| #define HAVE_STDIO_H 1
| #define HAVE_STDLIB_H 1
| #define HAVE_STRING_H 1
| #define HAVE_INTTYPES_H 1
| #define HAVE_STDINT_H 1
| #define HAVE_STRINGS_H 1
| #define HAVE_SYS_STAT_H 1
| #define HAVE_SYS_TYPES_H 1
| #define HAVE_UNISTD_H 1
| #define HAVE_WCHAR_H 1
| #define HAVE_SYS_PARAM_H 1
| #define HAVE_SYS_TIME_H 1
| #define STDC_HEADERS 1
| #define _ALL_SOURCE 1
| #define _DARWIN_C_SOURCE 1
| #define _GNU_SOURCE 1
| #define _HPUX_ALT_XOPEN_SOCKET_API 1
| #define _NETBSD_SOURCE 1
| #define _OPENBSD_SOURCE 1
| #define _POSIX_PTHREAD_SEMANTICS 1
| #define __STDC_WANT_IEC_60559_ATTRIBS_EXT__ 1
| #define __STDC_WANT_IEC_60559_BFP_EXT__ 1
| #define __STDC_WANT_IEC_60559_DFP_EXT__ 1
| #define __STDC_WANT_IEC_60559_FUNCS_EXT__ 1
| #define __STDC_WANT_IEC_60559_TYPES_EXT__ 1
| #define __STDC_WANT_LIB_EXT2__ 1
| #define __STDC_WANT_MATH_SPEC_FUNCS__ 1
| #define _TANDEM_SOURCE 1
| #define __EXTENSIONS__ 1
| #define READLINE 1
| #define HISTORY 1
| #define BANG_HISTORY 1
| #define HAVE_STRINGIZE 1
| #define HAVE_LONG_DOUBLE 1
| #define PROTOTYPES 1
| #define __PROTOTYPES 1
| #define restrict __restrict__
| #define HAVE_VISIBILITY 1
| #define HAVE_STDINT_H_WITH_UINTMAX 1
| #define HAVE_ALLOCA_H 1
| #define HAVE_ALLOCA 1
| #define HAVE_GETPAGESIZE 1
| #define HAVE_SYMLINK 1
| #define HAVE_USELOCALE 1
| #define HAVE_VPRINTF 1
| #define HAVE_ALARM 1
| #define HAVE___FPURGE 1
| #define HAVE_SNPRINTF 1
| #define HAVE_VSNPRINTF 1
| #define HAVE_MMAP 1
| #define INTDIV0_RAISES_SIGFPE 1
| #define HAVE_INTTYPES_H_WITH_UINTMAX 1
| #define HAVE_UNSIGNED_LONG_LONG_INT 1
| #define HAVE_UINTMAX_T 1
| #define HAVE_INTTYPES_H 1
| #define USE_POSIX_THREADS 1
| #define USE_POSIX_THREADS_WEAK 1
| #define HAVE_PTHREAD_RWLOCK 1
| #define HAVE_PTHREAD_MUTEX_RECURSIVE 1
| #define HAVE_ICONV 1
| #define ICONV_CONST 
| #define HAVE_BUILTIN_EXPECT 1
| #define HAVE_ARGZ_H 1
| #define HAVE_INTTYPES_H 1
| #define HAVE_LIMITS_H 1
| #define HAVE_UNISTD_H 1
| #define HAVE_SYS_PARAM_H 1
| #define HAVE_GETCWD 1
| #define HAVE_GETEGID 1
| #define HAVE_GETEUID 1
| #define HAVE_GETGID 1
| #define HAVE_GETUID 1
| #define HAVE_MEMPCPY 1
| #define HAVE_MUNMAP 1
| #define HAVE_STPCPY 1
| #define HAVE_STRCASECMP 1
| #define HAVE_STRDUP 1
| #define HAVE_STRTOUL 1
| #define HAVE_TSEARCH 1
| #define HAVE_ARGZ_COUNT 1
| #define HAVE_ARGZ_STRINGIFY 1
| #define HAVE_ARGZ_NEXT 1
| #define HAVE___FSETLOCKING 1
| #define HAVE_LOCALECONV 1
| #define HAVE_DECL_FEOF_UNLOCKED 1
| #define HAVE_DECL_FGETS_UNLOCKED 1
| #define HAVE_LONG_LONG_INT 1
| #define HAVE_WCHAR_T 1
| #define HAVE_WINT_T 1
| #define HAVE_INTMAX_T 1
| #define HAVE_POSIX_PRINTF 1
| #define HAVE_STDINT_H 1
| #define HAVE_STDINT_H 1
| #define HAVE_WORKING_O_NOATIME 1
| #define HAVE_WORKING_O_NOFOLLOW 1
| #define HAVE_WORKING_USELOCALE 1
| #define FLEXIBLE_ARRAY_MEMBER /**/
| #define HAVE_FEATURES_H 1
| #define HAVE_STDDEF_H 1
| #define HAVE_STDLIB_H 1
| #define HAVE_STRING_H 1
| #define HAVE_ASPRINTF 1
| #define HAVE_FWPRINTF 1
| #define HAVE_NEWLOCALE 1
| #define HAVE_PUTENV 1
| #define HAVE_SETENV 1
| #define HAVE_SETLOCALE 1
| #define HAVE_SNPRINTF 1
| #define HAVE_STRNLEN 1
| #define HAVE_USELOCALE 1
| #define HAVE_WCSLEN 1
| #define HAVE_WCSNLEN 1
| #define HAVE_MBRTOWC 1
| #define HAVE_WCRTOMB 1
| #define HAVE_DECL__SNPRINTF 0
| #define HAVE_DECL__SNWPRINTF 0
| #define HAVE_DECL_GETC_UNLOCKED 1
| #define HAVE_LANGINFO_CODESET 1
| #define HAVE_LC_MESSAGES 1
| #define ENABLE_NLS 1
| #define HAVE_GETTEXT 1
| #define HAVE_DCGETTEXT 1
| #define HAVE_DIRENT_H 1
| #define MAJOR_IN_SYSMACROS 1
| #define HAVE_INTTYPES_H 1
| #define HAVE_UNISTD_H 1
| #define HAVE_STDLIB_H 1
| #define HAVE_STDARG_H 1
| #define HAVE_LIMITS_H 1
| #define HAVE_STRING_H 1
| #define HAVE_MEMORY_H 1
| #define HAVE_LOCALE_H 1
| #define HAVE_TERMCAP_H 1
| #define HAVE_TERMIO_H 1
| #define HAVE_TERMIOS_H 1
| #define HAVE_DLFCN_H 1
| #define HAVE_STDBOOL_H 1
| #define HAVE_STDDEF_H 1
| #define HAVE_STDINT_H 1
| #define HAVE_NETDB_H 1
| #define HAVE_PWD_H 1
| #define HAVE_GRP_H 1
| #define HAVE_STRINGS_H 1
| #define HAVE_REGEX_H 1
| #define HAVE_SYSLOG_H 1
| #define HAVE_ULIMIT_H 1
| #define HAVE_SYS_SELECT_H 1
| #define HAVE_SYS_FILE_H 1
| #define HAVE_SYS_IOCTL_H 1
| #define HAVE_SYS_MMAN_H 1
| #define HAVE_SYS_PARAM_H 1
| #define HAVE_SYS_RANDOM_H 1
| #define HAVE_SYS_SOCKET_H 1
| #define HAVE_SYS_STAT_H 1
| #define HAVE_SYS_TIME_H 1
| #define HAVE_SYS_TIMES_H 1
| #define HAVE_SYS_TYPES_H 1
| #define HAVE_SYS_WAIT_H 1
| #define HAVE_NETINET_IN_H 1
| #define HAVE_ARPA_INET_H 1
| #define HAVE_SYS_RESOURCE_H 1
| #define HAVE_ALLOCA_H 1
| #define HAVE_ALLOCA 1
| #define HAVE_CHOWN 1
| #define GETPGRP_VOID 1
| #define HAVE_STRCOLL 1
| #define HAVE_WAIT3 1
| #define HAVE_MKFIFO 1
| #define HAVE_DUP2 1
| #define HAVE_EACCESS 1
| #define HAVE_FCNTL 1
| #define HAVE_GETDTABLESIZE 1
| #define HAVE_GETENTROPY 1
| #define HAVE_GETGROUPS 1
| #define HAVE_GETHOSTNAME 1
| #define HAVE_GETPAGESIZE 1
| #define HAVE_GETPEERNAME 1
| #define HAVE_GETRANDOM 1
| #define HAVE_GETRLIMIT 1
| #define HAVE_GETRUSAGE 1
| #define HAVE_GETTIMEOFDAY 1
| #define HAVE_KILL 1
| #define HAVE_KILLPG 1
| #define HAVE_LSTAT 1
| #define HAVE_PSELECT 1
| #define HAVE_READLINK 1
| #define HAVE_SELECT 1
| #define HAVE_SETITIMER 1
| #define HAVE_TCGETPGRP 1
| #define HAVE_UNAME 1
| #define HAVE_ULIMIT 1
| #define HAVE_WAITPID 1
| #define HAVE_RENAME 1
| #define HAVE_BCOPY 1
| #define HAVE_BZERO 1
| #define HAVE_CONFSTR 1
| #define HAVE_FACCESSAT 1
| #define HAVE_FNMATCH 1
| #define HAVE_GETADDRINFO 1
| #define HAVE_GETHOSTBYNAME 1
| #define HAVE_GETSERVBYNAME 1
| #define HAVE_GETSERVENT 1
| #define HAVE_INET_ATON 1
| #define HAVE_IMAXDIV 1
| #define HAVE_MEMMOVE 1
| #define HAVE_PATHCONF 1
| #define HAVE_PUTENV 1
| #define HAVE_RAISE 1
| #define HAVE_RANDOM 1
| #define HAVE_REGCOMP 1
| #define HAVE_REGEXEC 1
| #define HAVE_SETENV 1
| #define HAVE_SETLINEBUF 1
| #define HAVE_SETLOCALE 1
| #define HAVE_SETVBUF 1
| #define HAVE_SIGINTERRUPT 1
| #define HAVE_STRCHR 1
| #define HAVE_SYSCONF 1
| #define HAVE_SYSLOG 1
| #define HAVE_TCGETATTR 1
| #define HAVE_TIMES 1
| #define HAVE_TTYNAME 1
| #define HAVE_TZSET 1
| #define HAVE_UNSETENV 1
| #define HAVE_VASPRINTF 1
| #define HAVE_ASPRINTF 1
| #define HAVE_ISASCII 1
| #define HAVE_ISBLANK 1
| #define HAVE_ISGRAPH 1
| #define HAVE_ISPRINT 1
| #define HAVE_ISSPACE 1
| #define HAVE_ISXDIGIT 1
| #define HAVE_GETPWENT 1
| #define HAVE_GETPWNAM 1
| #define HAVE_GETPWUID 1
| #define HAVE_MKSTEMP 1
| #define HAVE_MKDTEMP 1
| #define HAVE_ARC4RANDOM 1
| #define HAVE_GETCWD 1
| #define HAVE_MEMSET 1
| #define HAVE_STRCASECMP 1
| #define HAVE_STRCASESTR 1
| #define HAVE_STRERROR 1
| #define HAVE_STRFTIME 1
| #define HAVE_STRNLEN 1
| #define HAVE_STRPBRK 1
| #define HAVE_STRSTR 1
| #define HAVE_STRTOD 1
| #define HAVE_STRTOL 1
| #define HAVE_STRTOUL 1
| #define HAVE_STRTOLL 1
| #define HAVE_STRTOULL 1
| #define HAVE_STRTOUMAX 1
| #define HAVE_DPRINTF 1
| #define HAVE_STRCHRNUL 1
| #define HAVE_STRDUP 1
| #define HAVE_DECL_AUDIT_USER_TTY 1
| #define HAVE_DECL_CONFSTR 1
| #define HAVE_DECL_PRINTF 1
| #define HAVE_DECL_SBRK 1
| #define HAVE_DECL_SETREGID 1
| #define HAVE_DECL_STRCPY 1
| #define HAVE_DECL_STRSIGNAL 1
| #define HAVE_SETRESUID 1
| #define HAVE_SETRESGID 1
| #define HAVE_DECL_STRTOLD 1
| #define HAVE_DECL_STRTOL 1
| #define HAVE_DECL_STRTOLL 1
| #define HAVE_DECL_STRTOUL 1
| #define HAVE_DECL_STRTOULL 1
| #define HAVE_DECL_STRTOUMAX 1
| #define HAVE_ARGZ_H 1
| #define HAVE_ERRNO_H 1
| #define HAVE_FCNTL_H 1
| #define HAVE_MALLOC_H 1
| #define HAVE_STDIO_EXT_H 1
| #define HAVE_MMAP 1
| #define HAVE___ARGZ_COUNT 1
| #define HAVE___ARGZ_NEXT 1
| #define HAVE___ARGZ_STRINGIFY 1
| #define HAVE_DCGETTEXT 1
| #define HAVE_MEMPCPY 1
| #define HAVE_MUNMAP 1
| #define HAVE_MREMAP 1
| #define HAVE_STPCPY 1
| #define HAVE_STRCSPN 1
| #define HAVE_WCTYPE_H 1
| #define HAVE_WCHAR_H 1
| #define HAVE_LANGINFO_H 1
| #define HAVE_MBRLEN 1
| #define HAVE_MBSNRTOWCS 1
| #define HAVE_MBSRTOWCS 1
| #define HAVE_WCRTOMB 1
| #define HAVE_WCSCOLL 1
| #define HAVE_WCSDUP 1
| #define HAVE_WCWIDTH 1
| #define HAVE_WCTYPE 1
| #define HAVE_WCSWIDTH 1
| #define HAVE_MBRTOWC 1
| #define HAVE_MBSTATE_T 1
| #define HAVE_ISWLOWER 1
| #define HAVE_ISWUPPER 1
| #define HAVE_TOWLOWER 1
| #define HAVE_TOWUPPER 1
| #define HAVE_ISWCTYPE 1
| #define HAVE_WCHAR_T 1
| #define HAVE_WCTYPE_T 1
| #define HAVE_WINT_T 1
| #define SIZEOF_WCHAR_T 4
| #define HAVE_LIBDL 1
| #define HAVE_DLOPEN 1
| #define HAVE_DLCLOSE 1
| #define HAVE_DLSYM 1
| #define GETGROUPS_T gid_t
| #define HAVE_UINTPTR_T 1
| #define HAVE_LONG_LONG_INT 1
| #define HAVE_UNSIGNED_LONG_LONG_INT 1
| #define SIZEOF_CHAR 1
| #define SIZEOF_SHORT 2
| #define SIZEOF_INT 4
| #define SIZEOF_LONG 8
| #define SIZEOF_CHAR_P 8
| #define SIZEOF_SIZE_T 8
| #define SIZEOF_DOUBLE 8
| #define SIZEOF_LONG_LONG 8
| #define bits16_t short
| #define u_bits16_t unsigned short
| #define bits32_t int
| #define u_bits32_t unsigned int
| #define bits64_t char *
| #define HAVE_HASH_BANG_EXEC 1
| #define HAVE_POSIX_SIGNALS 1
| #define HAVE_SYS_ERRLIST 1
| #define HAVE_DECL_SYS_SIGLIST 0
| /* end confdefs.h.  */
| 
| #include <sys/types.h>
| #include <signal.h>
| #ifdef HAVE_UNISTD_H
| #include <unistd.h>
| #endif
| int
| main (void)
| {
|  char *msg = _sys_siglist[2];
|   ;
|   return 0;
| }
configure:18527: result: no
configure:18535: checking for _sys_siglist in system C library
configure:18568: /usr/bin/clang -o conftest -g -O2   conftest.c -ldl  >&5
/usr/bin/ld: /tmp/conftest-1855ae.o: in function `main':
/home/gandhi/jk-robotics/operating_system/bash/conftest.c:383:(.text+0x4): undefined reference to `_sys_siglist'
clang: error: linker command failed with exit code 1 (use -v to see invocation)
configure:18568: $? = 1
configure: program exited with status 1
configure: failed program was:
| /* confdefs.h */
| #define PACKAGE_NAME "bash"
| #define PACKAGE_TARNAME "bash"
| #define PACKAGE_VERSION "5.2-release"
| #define PACKAGE_STRING "bash 5.2-release"
| #define PACKAGE_BUGREPORT "bug-bash@gnu.org"
| #define PACKAGE_URL ""
| #define USING_BASH_MALLOC 1
| #define ALIAS 1
| #define PUSHD_AND_POPD 1
| #define RESTRICTED_SHELL 1
| #define PROCESS_SUBSTITUTION 1
| #define PROMPT_STRING_DECODE 1
| #define SELECT_COMMAND 1
| #define HELP_BUILTIN 1
| #define ARRAY_VARS 1
| #define DPAREN_ARITHMETIC 1
| #define BRACE_EXPANSION 1
| #define COMMAND_TIMING 1
| #define EXTENDED_GLOB 1
| #define EXTGLOB_DEFAULT 0
| #define COND_COMMAND 1
| #define COND_REGEXP 1
| #define COPROCESS_SUPPORT 1
| #define ARITH_FOR_COMMAND 1
| #define NETWORK_REDIRECTIONS 1
| #define PROGRAMMABLE_COMPLETION 1
| #define DEBUGGER 1
| #define CASEMOD_ATTRS 1
| #define CASEMOD_EXPANSIONS 1
| #define GLOBASCII_DEFAULT 1
| #define FUNCTION_IMPORT 1
| #define TRANSLATABLE_STRINGS 1
| #define MEMSCRAMBLE 1
| #define HAVE_STDIO_H 1
| #define HAVE_STDLIB_H 1
| #define HAVE_STRING_H 1
| #define HAVE_INTTYPES_H 1
| #define HAVE_STDINT_H 1
| #define HAVE_STRINGS_H 1
| #define HAVE_SYS_STAT_H 1
| #define HAVE_SYS_TYPES_H 1
| #define HAVE_UNISTD_H 1
| #define HAVE_WCHAR_H 1
| #define HAVE_SYS_PARAM_H 1
| #define HAVE_SYS_TIME_H 1
| #define STDC_HEADERS 1
| #define _ALL_SOURCE 1
| #define _DARWIN_C_SOURCE 1
| #define _GNU_SOURCE 1
| #define _HPUX_ALT_XOPEN_SOCKET_API 1
| #define _NETBSD_SOURCE 1
| #define _OPENBSD_SOURCE 1
| #define _POSIX_PTHREAD_SEMANTICS 1
| #define __STDC_WANT_IEC_60559_ATTRIBS_EXT__ 1
| #define __STDC_WANT_IEC_60559_BFP_EXT__ 1
| #define __STDC_WANT_IEC_60559_DFP_EXT__ 1
| #define __STDC_WANT_IEC_60559_FUNCS_EXT__ 1
| #define __STDC_WANT_IEC_60559_TYPES_EXT__ 1
| #define __STDC_WANT_LIB_EXT2__ 1
| #define __STDC_WANT_MATH_SPEC_FUNCS__ 1
| #define _TANDEM_SOURCE 1
| #define __EXTENSIONS__ 1
| #define READLINE 1
| #define HISTORY 1
| #define BANG_HISTORY 1
| #define HAVE_STRINGIZE 1
| #define HAVE_LONG_DOUBLE 1
| #define PROTOTYPES 1
| #define __PROTOTYPES 1
| #define restrict __restrict__
| #define HAVE_VISIBILITY 1
| #define HAVE_STDINT_H_WITH_UINTMAX 1
| #define HAVE_ALLOCA_H 1
| #define HAVE_ALLOCA 1
| #define HAVE_GETPAGESIZE 1
| #define HAVE_SYMLINK 1
| #define HAVE_USELOCALE 1
| #define HAVE_VPRINTF 1
| #define HAVE_ALARM 1
| #define HAVE___FPURGE 1
| #define HAVE_SNPRINTF 1
| #define HAVE_VSNPRINTF 1
| #define HAVE_MMAP 1
| #define INTDIV0_RAISES_SIGFPE 1
| #define HAVE_INTTYPES_H_WITH_UINTMAX 1
| #define HAVE_UNSIGNED_LONG_LONG_INT 1
| #define HAVE_UINTMAX_T 1
| #define HAVE_INTTYPES_H 1
| #define USE_POSIX_THREADS 1
| #define USE_POSIX_THREADS_WEAK 1
| #define HAVE_PTHREAD_RWLOCK 1
| #define HAVE_PTHREAD_MUTEX_RECURSIVE 1
| #define HAVE_ICONV 1
| #define ICONV_CONST 
| #define HAVE_BUILTIN_EXPECT 1
| #define HAVE_ARGZ_H 1
| #define HAVE_INTTYPES_H 1
| #define HAVE_LIMITS_H 1
| #define HAVE_UNISTD_H 1
| #define HAVE_SYS_PARAM_H 1
| #define HAVE_GETCWD 1
| #define HAVE_GETEGID 1
| #define HAVE_GETEUID 1
| #define HAVE_GETGID 1
| #define HAVE_GETUID 1
| #define HAVE_MEMPCPY 1
| #define HAVE_MUNMAP 1
| #define HAVE_STPCPY 1
| #define HAVE_STRCASECMP 1
| #define HAVE_STRDUP 1
| #define HAVE_STRTOUL 1
| #define HAVE_TSEARCH 1
| #define HAVE_ARGZ_COUNT 1
| #define HAVE_ARGZ_STRINGIFY 1
| #define HAVE_ARGZ_NEXT 1
| #define HAVE___FSETLOCKING 1
| #define HAVE_LOCALECONV 1
| #define HAVE_DECL_FEOF_UNLOCKED 1
| #define HAVE_DECL_FGETS_UNLOCKED 1
| #define HAVE_LONG_LONG_INT 1
| #define HAVE_WCHAR_T 1
| #define HAVE_WINT_T 1
| #define HAVE_INTMAX_T 1
| #define HAVE_POSIX_PRINTF 1
| #define HAVE_STDINT_H 1
| #define HAVE_STDINT_H 1
| #define HAVE_WORKING_O_NOATIME 1
| #define HAVE_WORKING_O_NOFOLLOW 1
| #define HAVE_WORKING_USELOCALE 1
| #define FLEXIBLE_ARRAY_MEMBER /**/
| #define HAVE_FEATURES_H 1
| #define HAVE_STDDEF_H 1
| #define HAVE_STDLIB_H 1
| #define HAVE_STRING_H 1
| #define HAVE_ASPRINTF 1
| #define HAVE_FWPRINTF 1
| #define HAVE_NEWLOCALE 1
| #define HAVE_PUTENV 1
| #define HAVE_SETENV 1
| #define HAVE_SETLOCALE 1
| #define HAVE_SNPRINTF 1
| #define HAVE_STRNLEN 1
| #define HAVE_USELOCALE 1
| #define HAVE_WCSLEN 1
| #define HAVE_WCSNLEN 1
| #define HAVE_MBRTOWC 1
| #define HAVE_WCRTOMB 1
| #define HAVE_DECL__SNPRINTF 0
| #define HAVE_DECL__SNWPRINTF 0
| #define HAVE_DECL_GETC_UNLOCKED 1
| #define HAVE_LANGINFO_CODESET 1
| #define HAVE_LC_MESSAGES 1
| #define ENABLE_NLS 1
| #define HAVE_GETTEXT 1
| #define HAVE_DCGETTEXT 1
| #define HAVE_DIRENT_H 1
| #define MAJOR_IN_SYSMACROS 1
| #define HAVE_INTTYPES_H 1
| #define HAVE_UNISTD_H 1
| #define HAVE_STDLIB_H 1
| #define HAVE_STDARG_H 1
| #define HAVE_LIMITS_H 1
| #define HAVE_STRING_H 1
| #define HAVE_MEMORY_H 1
| #define HAVE_LOCALE_H 1
| #define HAVE_TERMCAP_H 1
| #define HAVE_TERMIO_H 1
| #define HAVE_TERMIOS_H 1
| #define HAVE_DLFCN_H 1
| #define HAVE_STDBOOL_H 1
| #define HAVE_STDDEF_H 1
| #define HAVE_STDINT_H 1
| #define HAVE_NETDB_H 1
| #define HAVE_PWD_H 1
| #define HAVE_GRP_H 1
| #define HAVE_STRINGS_H 1
| #define HAVE_REGEX_H 1
| #define HAVE_SYSLOG_H 1
| #define HAVE_ULIMIT_H 1
| #define HAVE_SYS_SELECT_H 1
| #define HAVE_SYS_FILE_H 1
| #define HAVE_SYS_IOCTL_H 1
| #define HAVE_SYS_MMAN_H 1
| #define HAVE_SYS_PARAM_H 1
| #define HAVE_SYS_RANDOM_H 1
| #define HAVE_SYS_SOCKET_H 1
| #define HAVE_SYS_STAT_H 1
| #define HAVE_SYS_TIME_H 1
| #define HAVE_SYS_TIMES_H 1
| #define HAVE_SYS_TYPES_H 1
| #define HAVE_SYS_WAIT_H 1
| #define HAVE_NETINET_IN_H 1
| #define HAVE_ARPA_INET_H 1
| #define HAVE_SYS_RESOURCE_H 1
| #define HAVE_ALLOCA_H 1
| #define HAVE_ALLOCA 1
| #define HAVE_CHOWN 1
| #define GETPGRP_VOID 1
| #define HAVE_STRCOLL 1
| #define HAVE_WAIT3 1
| #define HAVE_MKFIFO 1
| #define HAVE_DUP2 1
| #define HAVE_EACCESS 1
| #define HAVE_FCNTL 1
| #define HAVE_GETDTABLESIZE 1
| #define HAVE_GETENTROPY 1
| #define HAVE_GETGROUPS 1
| #define HAVE_GETHOSTNAME 1
| #define HAVE_GETPAGESIZE 1
| #define HAVE_GETPEERNAME 1
| #define HAVE_GETRANDOM 1
| #define HAVE_GETRLIMIT 1
| #define HAVE_GETRUSAGE 1
| #define HAVE_GETTIMEOFDAY 1
| #define HAVE_KILL 1
| #define HAVE_KILLPG 1
| #define HAVE_LSTAT 1
| #define HAVE_PSELECT 1
| #define HAVE_READLINK 1
| #define HAVE_SELECT 1
| #define HAVE_SETITIMER 1
| #define HAVE_TCGETPGRP 1
| #define HAVE_UNAME 1
| #define HAVE_ULIMIT 1
| #define HAVE_WAITPID 1
| #define HAVE_RENAME 1
| #define HAVE_BCOPY 1
| #define HAVE_BZERO 1
| #define HAVE_CONFSTR 1
| #define HAVE_FACCESSAT 1
| #define HAVE_FNMATCH 1
| #define HAVE_GETADDRINFO 1
| #define HAVE_GETHOSTBYNAME 1
| #define HAVE_GETSERVBYNAME 1
| #define HAVE_GETSERVENT 1
| #define HAVE_INET_ATON 1
| #define HAVE_IMAXDIV 1
| #define HAVE_MEMMOVE 1
| #define HAVE_PATHCONF 1
| #define HAVE_PUTENV 1
| #define HAVE_RAISE 1
| #define HAVE_RANDOM 1
| #define HAVE_REGCOMP 1
| #define HAVE_REGEXEC 1
| #define HAVE_SETENV 1
| #define HAVE_SETLINEBUF 1
| #define HAVE_SETLOCALE 1
| #define HAVE_SETVBUF 1
| #define HAVE_SIGINTERRUPT 1
| #define HAVE_STRCHR 1
| #define HAVE_SYSCONF 1
| #define HAVE_SYSLOG 1
| #define HAVE_TCGETATTR 1
| #define HAVE_TIMES 1
| #define HAVE_TTYNAME 1
| #define HAVE_TZSET 1
| #define HAVE_UNSETENV 1
| #define HAVE_VASPRINTF 1
| #define HAVE_ASPRINTF 1
| #define HAVE_ISASCII 1
| #define HAVE_ISBLANK 1
| #define HAVE_ISGRAPH 1
| #define HAVE_ISPRINT 1
| #define HAVE_ISSPACE 1
| #define HAVE_ISXDIGIT 1
| #define HAVE_GETPWENT 1
| #define HAVE_GETPWNAM 1
| #define HAVE_GETPWUID 1
| #define HAVE_MKSTEMP 1
| #define HAVE_MKDTEMP 1
| #define HAVE_ARC4RANDOM 1
| #define HAVE_GETCWD 1
| #define HAVE_MEMSET 1
| #define HAVE_STRCASECMP 1
| #define HAVE_STRCASESTR 1
| #define HAVE_STRERROR 1
| #define HAVE_STRFTIME 1
| #define HAVE_STRNLEN 1
| #define HAVE_STRPBRK 1
| #define HAVE_STRSTR 1
| #define HAVE_STRTOD 1
| #define HAVE_STRTOL 1
| #define HAVE_STRTOUL 1
| #define HAVE_STRTOLL 1
| #define HAVE_STRTOULL 1
| #define HAVE_STRTOUMAX 1
| #define HAVE_DPRINTF 1
| #define HAVE_STRCHRNUL 1
| #define HAVE_STRDUP 1
| #define HAVE_DECL_AUDIT_USER_TTY 1
| #define HAVE_DECL_CONFSTR 1
| #define HAVE_DECL_PRINTF 1
| #define HAVE_DECL_SBRK 1
| #define HAVE_DECL_SETREGID 1
| #define HAVE_DECL_STRCPY 1
| #define HAVE_DECL_STRSIGNAL 1
| #define HAVE_SETRESUID 1
| #define HAVE_SETRESGID 1
| #define HAVE_DECL_STRTOLD 1
| #define HAVE_DECL_STRTOL 1
| #define HAVE_DECL_STRTOLL 1
| #define HAVE_DECL_STRTOUL 1
| #define HAVE_DECL_STRTOULL 1
| #define HAVE_DECL_STRTOUMAX 1
| #define HAVE_ARGZ_H 1
| #define HAVE_ERRNO_H 1
| #define HAVE_FCNTL_H 1
| #define HAVE_MALLOC_H 1
| #define HAVE_STDIO_EXT_H 1
| #define HAVE_MMAP 1
| #define HAVE___ARGZ_COUNT 1
| #define HAVE___ARGZ_NEXT 1
| #define HAVE___ARGZ_STRINGIFY 1
| #define HAVE_DCGETTEXT 1
| #define HAVE_MEMPCPY 1
| #define HAVE_MUNMAP 1
| #define HAVE_MREMAP 1
| #define HAVE_STPCPY 1
| #define HAVE_STRCSPN 1
| #define HAVE_WCTYPE_H 1
| #define HAVE_WCHAR_H 1
| #define HAVE_LANGINFO_H 1
| #define HAVE_MBRLEN 1
| #define HAVE_MBSNRTOWCS 1
| #define HAVE_MBSRTOWCS 1
| #define HAVE_WCRTOMB 1
| #define HAVE_WCSCOLL 1
| #define HAVE_WCSDUP 1
| #define HAVE_WCWIDTH 1
| #define HAVE_WCTYPE 1
| #define HAVE_WCSWIDTH 1
| #define HAVE_MBRTOWC 1
| #define HAVE_MBSTATE_T 1
| #define HAVE_ISWLOWER 1
| #define HAVE_ISWUPPER 1
| #define HAVE_TOWLOWER 1
| #define HAVE_TOWUPPER 1
| #define HAVE_ISWCTYPE 1
| #define HAVE_WCHAR_T 1
| #define HAVE_WCTYPE_T 1
| #define HAVE_WINT_T 1
| #define SIZEOF_WCHAR_T 4
| #define HAVE_LIBDL 1
| #define HAVE_DLOPEN 1
| #define HAVE_DLCLOSE 1
| #define HAVE_DLSYM 1
| #define GETGROUPS_T gid_t
| #define HAVE_UINTPTR_T 1
| #define HAVE_LONG_LONG_INT 1
| #define HAVE_UNSIGNED_LONG_LONG_INT 1
| #define SIZEOF_CHAR 1
| #define SIZEOF_SHORT 2
| #define SIZEOF_INT 4
| #define SIZEOF_LONG 8
| #define SIZEOF_CHAR_P 8
| #define SIZEOF_SIZE_T 8
| #define SIZEOF_DOUBLE 8
| #define SIZEOF_LONG_LONG 8
| #define bits16_t short
| #define u_bits16_t unsigned short
| #define bits32_t int
| #define u_bits32_t unsigned int
| #define bits64_t char *
| #define HAVE_HASH_BANG_EXEC 1
| #define HAVE_POSIX_SIGNALS 1
| #define HAVE_SYS_ERRLIST 1
| #define HAVE_DECL_SYS_SIGLIST 0
| /* end confdefs.h.  */
| 
| #include <sys/types.h>
| #include <signal.h>
| #ifdef HAVE_UNISTD_H
| #include <unistd.h>
| #endif
| #include <stdlib.h>
| #ifndef UNDER_SYS_SIGLIST_DECLARED
| extern char *_sys_siglist[];
| #endif
| int
| main()
| {
| char *msg = (char *)_sys_siglist[2];
| exit(msg == 0);
| }
| 
configure:18580: result: no
configure:18590: checking for clock_t
configure:18625: result: yes
configure:18635: checking for sigset_t
configure:18670: result: yes
configure:18681: checking for socklen_t
configure:18716: result: yes
configure:18729: checking for quad_t
configure:18729: /usr/bin/clang -c -g -O2  conftest.c >&5
configure:18729: $? = 0
configure:18729: /usr/bin/clang -c -g -O2  conftest.c >&5
conftest.c:402:21: error: expected expression
  402 | if (sizeof ((quad_t)))
      |                     ^
1 error generated.
configure:18729: $? = 1
configure: failed program was:
| /* confdefs.h */
| #define PACKAGE_NAME "bash"
| #define PACKAGE_TARNAME "bash"
| #define PACKAGE_VERSION "5.2-release"
| #define PACKAGE_STRING "bash 5.2-release"
| #define PACKAGE_BUGREPORT "bug-bash@gnu.org"
| #define PACKAGE_URL ""
| #define USING_BASH_MALLOC 1
| #define ALIAS 1
| #define PUSHD_AND_POPD 1
| #define RESTRICTED_SHELL 1
| #define PROCESS_SUBSTITUTION 1
| #define PROMPT_STRING_DECODE 1
| #define SELECT_COMMAND 1
| #define HELP_BUILTIN 1
| #define ARRAY_VARS 1
| #define DPAREN_ARITHMETIC 1
| #define BRACE_EXPANSION 1
| #define COMMAND_TIMING 1
| #define EXTENDED_GLOB 1
| #define EXTGLOB_DEFAULT 0
| #define COND_COMMAND 1
| #define COND_REGEXP 1
| #define COPROCESS_SUPPORT 1
| #define ARITH_FOR_COMMAND 1
| #define NETWORK_REDIRECTIONS 1
| #define PROGRAMMABLE_COMPLETION 1
| #define DEBUGGER 1
| #define CASEMOD_ATTRS 1
| #define CASEMOD_EXPANSIONS 1
| #define GLOBASCII_DEFAULT 1
| #define FUNCTION_IMPORT 1
| #define TRANSLATABLE_STRINGS 1
| #define MEMSCRAMBLE 1
| #define HAVE_STDIO_H 1
| #define HAVE_STDLIB_H 1
| #define HAVE_STRING_H 1
| #define HAVE_INTTYPES_H 1
| #define HAVE_STDINT_H 1
| #define HAVE_STRINGS_H 1
| #define HAVE_SYS_STAT_H 1
| #define HAVE_SYS_TYPES_H 1
| #define HAVE_UNISTD_H 1
| #define HAVE_WCHAR_H 1
| #define HAVE_SYS_PARAM_H 1
| #define HAVE_SYS_TIME_H 1
| #define STDC_HEADERS 1
| #define _ALL_SOURCE 1
| #define _DARWIN_C_SOURCE 1
| #define _GNU_SOURCE 1
| #define _HPUX_ALT_XOPEN_SOCKET_API 1
| #define _NETBSD_SOURCE 1
| #define _OPENBSD_SOURCE 1
| #define _POSIX_PTHREAD_SEMANTICS 1
| #define __STDC_WANT_IEC_60559_ATTRIBS_EXT__ 1
| #define __STDC_WANT_IEC_60559_BFP_EXT__ 1
| #define __STDC_WANT_IEC_60559_DFP_EXT__ 1
| #define __STDC_WANT_IEC_60559_FUNCS_EXT__ 1
| #define __STDC_WANT_IEC_60559_TYPES_EXT__ 1
| #define __STDC_WANT_LIB_EXT2__ 1
| #define __STDC_WANT_MATH_SPEC_FUNCS__ 1
| #define _TANDEM_SOURCE 1
| #define __EXTENSIONS__ 1
| #define READLINE 1
| #define HISTORY 1
| #define BANG_HISTORY 1
| #define HAVE_STRINGIZE 1
| #define HAVE_LONG_DOUBLE 1
| #define PROTOTYPES 1
| #define __PROTOTYPES 1
| #define restrict __restrict__
| #define HAVE_VISIBILITY 1
| #define HAVE_STDINT_H_WITH_UINTMAX 1
| #define HAVE_ALLOCA_H 1
| #define HAVE_ALLOCA 1
| #define HAVE_GETPAGESIZE 1
| #define HAVE_SYMLINK 1
| #define HAVE_USELOCALE 1
| #define HAVE_VPRINTF 1
| #define HAVE_ALARM 1
| #define HAVE___FPURGE 1
| #define HAVE_SNPRINTF 1
| #define HAVE_VSNPRINTF 1
| #define HAVE_MMAP 1
| #define INTDIV0_RAISES_SIGFPE 1
| #define HAVE_INTTYPES_H_WITH_UINTMAX 1
| #define HAVE_UNSIGNED_LONG_LONG_INT 1
| #define HAVE_UINTMAX_T 1
| #define HAVE_INTTYPES_H 1
| #define USE_POSIX_THREADS 1
| #define USE_POSIX_THREADS_WEAK 1
| #define HAVE_PTHREAD_RWLOCK 1
| #define HAVE_PTHREAD_MUTEX_RECURSIVE 1
| #define HAVE_ICONV 1
| #define ICONV_CONST 
| #define HAVE_BUILTIN_EXPECT 1
| #define HAVE_ARGZ_H 1
| #define HAVE_INTTYPES_H 1
| #define HAVE_LIMITS_H 1
| #define HAVE_UNISTD_H 1
| #define HAVE_SYS_PARAM_H 1
| #define HAVE_GETCWD 1
| #define HAVE_GETEGID 1
| #define HAVE_GETEUID 1
| #define HAVE_GETGID 1
| #define HAVE_GETUID 1
| #define HAVE_MEMPCPY 1
| #define HAVE_MUNMAP 1
| #define HAVE_STPCPY 1
| #define HAVE_STRCASECMP 1
| #define HAVE_STRDUP 1
| #define HAVE_STRTOUL 1
| #define HAVE_TSEARCH 1
| #define HAVE_ARGZ_COUNT 1
| #define HAVE_ARGZ_STRINGIFY 1
| #define HAVE_ARGZ_NEXT 1
| #define HAVE___FSETLOCKING 1
| #define HAVE_LOCALECONV 1
| #define HAVE_DECL_FEOF_UNLOCKED 1
| #define HAVE_DECL_FGETS_UNLOCKED 1
| #define HAVE_LONG_LONG_INT 1
| #define HAVE_WCHAR_T 1
| #define HAVE_WINT_T 1
| #define HAVE_INTMAX_T 1
| #define HAVE_POSIX_PRINTF 1
| #define HAVE_STDINT_H 1
| #define HAVE_STDINT_H 1
| #define HAVE_WORKING_O_NOATIME 1
| #define HAVE_WORKING_O_NOFOLLOW 1
| #define HAVE_WORKING_USELOCALE 1
| #define FLEXIBLE_ARRAY_MEMBER /**/
| #define HAVE_FEATURES_H 1
| #define HAVE_STDDEF_H 1
| #define HAVE_STDLIB_H 1
| #define HAVE_STRING_H 1
| #define HAVE_ASPRINTF 1
| #define HAVE_FWPRINTF 1
| #define HAVE_NEWLOCALE 1
| #define HAVE_PUTENV 1
| #define HAVE_SETENV 1
| #define HAVE_SETLOCALE 1
| #define HAVE_SNPRINTF 1
| #define HAVE_STRNLEN 1
| #define HAVE_USELOCALE 1
| #define HAVE_WCSLEN 1
| #define HAVE_WCSNLEN 1
| #define HAVE_MBRTOWC 1
| #define HAVE_WCRTOMB 1
| #define HAVE_DECL__SNPRINTF 0
| #define HAVE_DECL__SNWPRINTF 0
| #define HAVE_DECL_GETC_UNLOCKED 1
| #define HAVE_LANGINFO_CODESET 1
| #define HAVE_LC_MESSAGES 1
| #define ENABLE_NLS 1
| #define HAVE_GETTEXT 1
| #define HAVE_DCGETTEXT 1
| #define HAVE_DIRENT_H 1
| #define MAJOR_IN_SYSMACROS 1
| #define HAVE_INTTYPES_H 1
| #define HAVE_UNISTD_H 1
| #define HAVE_STDLIB_H 1
| #define HAVE_STDARG_H 1
| #define HAVE_LIMITS_H 1
| #define HAVE_STRING_H 1
| #define HAVE_MEMORY_H 1
| #define HAVE_LOCALE_H 1
| #define HAVE_TERMCAP_H 1
| #define HAVE_TERMIO_H 1
| #define HAVE_TERMIOS_H 1
| #define HAVE_DLFCN_H 1
| #define HAVE_STDBOOL_H 1
| #define HAVE_STDDEF_H 1
| #define HAVE_STDINT_H 1
| #define HAVE_NETDB_H 1
| #define HAVE_PWD_H 1
| #define HAVE_GRP_H 1
| #define HAVE_STRINGS_H 1
| #define HAVE_REGEX_H 1
| #define HAVE_SYSLOG_H 1
| #define HAVE_ULIMIT_H 1
| #define HAVE_SYS_SELECT_H 1
| #define HAVE_SYS_FILE_H 1
| #define HAVE_SYS_IOCTL_H 1
| #define HAVE_SYS_MMAN_H 1
| #define HAVE_SYS_PARAM_H 1
| #define HAVE_SYS_RANDOM_H 1
| #define HAVE_SYS_SOCKET_H 1
| #define HAVE_SYS_STAT_H 1
| #define HAVE_SYS_TIME_H 1
| #define HAVE_SYS_TIMES_H 1
| #define HAVE_SYS_TYPES_H 1
| #define HAVE_SYS_WAIT_H 1
| #define HAVE_NETINET_IN_H 1
| #define HAVE_ARPA_INET_H 1
| #define HAVE_SYS_RESOURCE_H 1
| #define HAVE_ALLOCA_H 1
| #define HAVE_ALLOCA 1
| #define HAVE_CHOWN 1
| #define GETPGRP_VOID 1
| #define HAVE_STRCOLL 1
| #define HAVE_WAIT3 1
| #define HAVE_MKFIFO 1
| #define HAVE_DUP2 1
| #define HAVE_EACCESS 1
| #define HAVE_FCNTL 1
| #define HAVE_GETDTABLESIZE 1
| #define HAVE_GETENTROPY 1
| #define HAVE_GETGROUPS 1
| #define HAVE_GETHOSTNAME 1
| #define HAVE_GETPAGESIZE 1
| #define HAVE_GETPEERNAME 1
| #define HAVE_GETRANDOM 1
| #define HAVE_GETRLIMIT 1
| #define HAVE_GETRUSAGE 1
| #define HAVE_GETTIMEOFDAY 1
| #define HAVE_KILL 1
| #define HAVE_KILLPG 1
| #define HAVE_LSTAT 1
| #define HAVE_PSELECT 1
| #define HAVE_READLINK 1
| #define HAVE_SELECT 1
| #define HAVE_SETITIMER 1
| #define HAVE_TCGETPGRP 1
| #define HAVE_UNAME 1
| #define HAVE_ULIMIT 1
| #define HAVE_WAITPID 1
| #define HAVE_RENAME 1
| #define HAVE_BCOPY 1
| #define HAVE_BZERO 1
| #define HAVE_CONFSTR 1
| #define HAVE_FACCESSAT 1
| #define HAVE_FNMATCH 1
| #define HAVE_GETADDRINFO 1
| #define HAVE_GETHOSTBYNAME 1
| #define HAVE_GETSERVBYNAME 1
| #define HAVE_GETSERVENT 1
| #define HAVE_INET_ATON 1
| #define HAVE_IMAXDIV 1
| #define HAVE_MEMMOVE 1
| #define HAVE_PATHCONF 1
| #define HAVE_PUTENV 1
| #define HAVE_RAISE 1
| #define HAVE_RANDOM 1
| #define HAVE_REGCOMP 1
| #define HAVE_REGEXEC 1
| #define HAVE_SETENV 1
| #define HAVE_SETLINEBUF 1
| #define HAVE_SETLOCALE 1
| #define HAVE_SETVBUF 1
| #define HAVE_SIGINTERRUPT 1
| #define HAVE_STRCHR 1
| #define HAVE_SYSCONF 1
| #define HAVE_SYSLOG 1
| #define HAVE_TCGETATTR 1
| #define HAVE_TIMES 1
| #define HAVE_TTYNAME 1
| #define HAVE_TZSET 1
| #define HAVE_UNSETENV 1
| #define HAVE_VASPRINTF 1
| #define HAVE_ASPRINTF 1
| #define HAVE_ISASCII 1
| #define HAVE_ISBLANK 1
| #define HAVE_ISGRAPH 1
| #define HAVE_ISPRINT 1
| #define HAVE_ISSPACE 1
| #define HAVE_ISXDIGIT 1
| #define HAVE_GETPWENT 1
| #define HAVE_GETPWNAM 1
| #define HAVE_GETPWUID 1
| #define HAVE_MKSTEMP 1
| #define HAVE_MKDTEMP 1
| #define HAVE_ARC4RANDOM 1
| #define HAVE_GETCWD 1
| #define HAVE_MEMSET 1
| #define HAVE_STRCASECMP 1
| #define HAVE_STRCASESTR 1
| #define HAVE_STRERROR 1
| #define HAVE_STRFTIME 1
| #define HAVE_STRNLEN 1
| #define HAVE_STRPBRK 1
| #define HAVE_STRSTR 1
| #define HAVE_STRTOD 1
| #define HAVE_STRTOL 1
| #define HAVE_STRTOUL 1
| #define HAVE_STRTOLL 1
| #define HAVE_STRTOULL 1
| #define HAVE_STRTOUMAX 1
| #define HAVE_DPRINTF 1
| #define HAVE_STRCHRNUL 1
| #define HAVE_STRDUP 1
| #define HAVE_DECL_AUDIT_USER_TTY 1
| #define HAVE_DECL_CONFSTR 1
| #define HAVE_DECL_PRINTF 1
| #define HAVE_DECL_SBRK 1
| #define HAVE_DECL_SETREGID 1
| #define HAVE_DECL_STRCPY 1
| #define HAVE_DECL_STRSIGNAL 1
| #define HAVE_SETRESUID 1
| #define HAVE_SETRESGID 1
| #define HAVE_DECL_STRTOLD 1
| #define HAVE_DECL_STRTOL 1
| #define HAVE_DECL_STRTOLL 1
| #define HAVE_DECL_STRTOUL 1
| #define HAVE_DECL_STRTOULL 1
| #define HAVE_DECL_STRTOUMAX 1
| #define HAVE_ARGZ_H 1
| #define HAVE_ERRNO_H 1
| #define HAVE_FCNTL_H 1
| #define HAVE_MALLOC_H 1
| #define HAVE_STDIO_EXT_H 1
| #define HAVE_MMAP 1
| #define HAVE___ARGZ_COUNT 1
| #define HAVE___ARGZ_NEXT 1
| #define HAVE___ARGZ_STRINGIFY 1
| #define HAVE_DCGETTEXT 1
| #define HAVE_MEMPCPY 1
| #define HAVE_MUNMAP 1
| #define HAVE_MREMAP 1
| #define HAVE_STPCPY 1
| #define HAVE_STRCSPN 1
| #define HAVE_WCTYPE_H 1
| #define HAVE_WCHAR_H 1
| #define HAVE_LANGINFO_H 1
| #define HAVE_MBRLEN 1
| #define HAVE_MBSNRTOWCS 1
| #define HAVE_MBSRTOWCS 1
| #define HAVE_WCRTOMB 1
| #define HAVE_WCSCOLL 1
| #define HAVE_WCSDUP 1
| #define HAVE_WCWIDTH 1
| #define HAVE_WCTYPE 1
| #define HAVE_WCSWIDTH 1
| #define HAVE_MBRTOWC 1
| #define HAVE_MBSTATE_T 1
| #define HAVE_ISWLOWER 1
| #define HAVE_ISWUPPER 1
| #define HAVE_TOWLOWER 1
| #define HAVE_TOWUPPER 1
| #define HAVE_ISWCTYPE 1
| #define HAVE_WCHAR_T 1
| #define HAVE_WCTYPE_T 1
| #define HAVE_WINT_T 1
| #define SIZEOF_WCHAR_T 4
| #define HAVE_LIBDL 1
| #define HAVE_DLOPEN 1
| #define HAVE_DLCLOSE 1
| #define HAVE_DLSYM 1
| #define GETGROUPS_T gid_t
| #define HAVE_UINTPTR_T 1
| #define HAVE_LONG_LONG_INT 1
| #define HAVE_UNSIGNED_LONG_LONG_INT 1
| #define SIZEOF_CHAR 1
| #define SIZEOF_SHORT 2
| #define SIZEOF_INT 4
| #define SIZEOF_LONG 8
| #define SIZEOF_CHAR_P 8
| #define SIZEOF_SIZE_T 8
| #define SIZEOF_DOUBLE 8
| #define SIZEOF_LONG_LONG 8
| #define bits16_t short
| #define u_bits16_t unsigned short
| #define bits32_t int
| #define u_bits32_t unsigned int
| #define bits64_t char *
| #define HAVE_HASH_BANG_EXEC 1
| #define HAVE_POSIX_SIGNALS 1
| #define HAVE_SYS_ERRLIST 1
| #define HAVE_DECL_SYS_SIGLIST 0
| #define HAVE_SOCKLEN_T 1
| /* end confdefs.h.  */
| #include <stddef.h>
| #ifdef HAVE_STDIO_H
| # include <stdio.h>
| #endif
| #ifdef HAVE_STDLIB_H
| # include <stdlib.h>
| #endif
| #ifdef HAVE_STRING_H
| # include <string.h>
| #endif
| #ifdef HAVE_INTTYPES_H
| # include <inttypes.h>
| #endif
| #ifdef HAVE_STDINT_H
| # include <stdint.h>
| #endif
| #ifdef HAVE_STRINGS_H
| # include <strings.h>
| #endif
| #ifdef HAVE_SYS_TYPES_H
| # include <sys/types.h>
| #endif
| #ifdef HAVE_SYS_STAT_H
| # include <sys/stat.h>
| #endif
| #ifdef HAVE_UNISTD_H
| # include <unistd.h>
| #endif
| int
| main (void)
| {
| if (sizeof ((quad_t)))
| 	    return 0;
|   ;
|   return 0;
| }
configure:18729: result: yes
configure:18736: checking for type of struct rlimit fields
configure:18756: /usr/bin/clang -c -g -O2  conftest.c >&5
configure:18756: $? = 0
configure:18872: result: rlim_t
configure:18880: checking for intmax_t
configure:18880: /usr/bin/clang -c -g -O2  conftest.c >&5
configure:18880: $? = 0
configure:18880: /usr/bin/clang -c -g -O2  conftest.c >&5
conftest.c:404:23: error: expected expression
  404 | if (sizeof ((intmax_t)))
      |                       ^
1 error generated.
configure:18880: $? = 1
configure: failed program was:
| /* confdefs.h */
| #define PACKAGE_NAME "bash"
| #define PACKAGE_TARNAME "bash"
| #define PACKAGE_VERSION "5.2-release"
| #define PACKAGE_STRING "bash 5.2-release"
| #define PACKAGE_BUGREPORT "bug-bash@gnu.org"
| #define PACKAGE_URL ""
| #define USING_BASH_MALLOC 1
| #define ALIAS 1
| #define PUSHD_AND_POPD 1
| #define RESTRICTED_SHELL 1
| #define PROCESS_SUBSTITUTION 1
| #define PROMPT_STRING_DECODE 1
| #define SELECT_COMMAND 1
| #define HELP_BUILTIN 1
| #define ARRAY_VARS 1
| #define DPAREN_ARITHMETIC 1
| #define BRACE_EXPANSION 1
| #define COMMAND_TIMING 1
| #define EXTENDED_GLOB 1
| #define EXTGLOB_DEFAULT 0
| #define COND_COMMAND 1
| #define COND_REGEXP 1
| #define COPROCESS_SUPPORT 1
| #define ARITH_FOR_COMMAND 1
| #define NETWORK_REDIRECTIONS 1
| #define PROGRAMMABLE_COMPLETION 1
| #define DEBUGGER 1
| #define CASEMOD_ATTRS 1
| #define CASEMOD_EXPANSIONS 1
| #define GLOBASCII_DEFAULT 1
| #define FUNCTION_IMPORT 1
| #define TRANSLATABLE_STRINGS 1
| #define MEMSCRAMBLE 1
| #define HAVE_STDIO_H 1
| #define HAVE_STDLIB_H 1
| #define HAVE_STRING_H 1
| #define HAVE_INTTYPES_H 1
| #define HAVE_STDINT_H 1
| #define HAVE_STRINGS_H 1
| #define HAVE_SYS_STAT_H 1
| #define HAVE_SYS_TYPES_H 1
| #define HAVE_UNISTD_H 1
| #define HAVE_WCHAR_H 1
| #define HAVE_SYS_PARAM_H 1
| #define HAVE_SYS_TIME_H 1
| #define STDC_HEADERS 1
| #define _ALL_SOURCE 1
| #define _DARWIN_C_SOURCE 1
| #define _GNU_SOURCE 1
| #define _HPUX_ALT_XOPEN_SOCKET_API 1
| #define _NETBSD_SOURCE 1
| #define _OPENBSD_SOURCE 1
| #define _POSIX_PTHREAD_SEMANTICS 1
| #define __STDC_WANT_IEC_60559_ATTRIBS_EXT__ 1
| #define __STDC_WANT_IEC_60559_BFP_EXT__ 1
| #define __STDC_WANT_IEC_60559_DFP_EXT__ 1
| #define __STDC_WANT_IEC_60559_FUNCS_EXT__ 1
| #define __STDC_WANT_IEC_60559_TYPES_EXT__ 1
| #define __STDC_WANT_LIB_EXT2__ 1
| #define __STDC_WANT_MATH_SPEC_FUNCS__ 1
| #define _TANDEM_SOURCE 1
| #define __EXTENSIONS__ 1
| #define READLINE 1
| #define HISTORY 1
| #define BANG_HISTORY 1
| #define HAVE_STRINGIZE 1
| #define HAVE_LONG_DOUBLE 1
| #define PROTOTYPES 1
| #define __PROTOTYPES 1
| #define restrict __restrict__
| #define HAVE_VISIBILITY 1
| #define HAVE_STDINT_H_WITH_UINTMAX 1
| #define HAVE_ALLOCA_H 1
| #define HAVE_ALLOCA 1
| #define HAVE_GETPAGESIZE 1
| #define HAVE_SYMLINK 1
| #define HAVE_USELOCALE 1
| #define HAVE_VPRINTF 1
| #define HAVE_ALARM 1
| #define HAVE___FPURGE 1
| #define HAVE_SNPRINTF 1
| #define HAVE_VSNPRINTF 1
| #define HAVE_MMAP 1
| #define INTDIV0_RAISES_SIGFPE 1
| #define HAVE_INTTYPES_H_WITH_UINTMAX 1
| #define HAVE_UNSIGNED_LONG_LONG_INT 1
| #define HAVE_UINTMAX_T 1
| #define HAVE_INTTYPES_H 1
| #define USE_POSIX_THREADS 1
| #define USE_POSIX_THREADS_WEAK 1
| #define HAVE_PTHREAD_RWLOCK 1
| #define HAVE_PTHREAD_MUTEX_RECURSIVE 1
| #define HAVE_ICONV 1
| #define ICONV_CONST 
| #define HAVE_BUILTIN_EXPECT 1
| #define HAVE_ARGZ_H 1
| #define HAVE_INTTYPES_H 1
| #define HAVE_LIMITS_H 1
| #define HAVE_UNISTD_H 1
| #define HAVE_SYS_PARAM_H 1
| #define HAVE_GETCWD 1
| #define HAVE_GETEGID 1
| #define HAVE_GETEUID 1
| #define HAVE_GETGID 1
| #define HAVE_GETUID 1
| #define HAVE_MEMPCPY 1
| #define HAVE_MUNMAP 1
| #define HAVE_STPCPY 1
| #define HAVE_STRCASECMP 1
| #define HAVE_STRDUP 1
| #define HAVE_STRTOUL 1
| #define HAVE_TSEARCH 1
| #define HAVE_ARGZ_COUNT 1
| #define HAVE_ARGZ_STRINGIFY 1
| #define HAVE_ARGZ_NEXT 1
| #define HAVE___FSETLOCKING 1
| #define HAVE_LOCALECONV 1
| #define HAVE_DECL_FEOF_UNLOCKED 1
| #define HAVE_DECL_FGETS_UNLOCKED 1
| #define HAVE_LONG_LONG_INT 1
| #define HAVE_WCHAR_T 1
| #define HAVE_WINT_T 1
| #define HAVE_INTMAX_T 1
| #define HAVE_POSIX_PRINTF 1
| #define HAVE_STDINT_H 1
| #define HAVE_STDINT_H 1
| #define HAVE_WORKING_O_NOATIME 1
| #define HAVE_WORKING_O_NOFOLLOW 1
| #define HAVE_WORKING_USELOCALE 1
| #define FLEXIBLE_ARRAY_MEMBER /**/
| #define HAVE_FEATURES_H 1
| #define HAVE_STDDEF_H 1
| #define HAVE_STDLIB_H 1
| #define HAVE_STRING_H 1
| #define HAVE_ASPRINTF 1
| #define HAVE_FWPRINTF 1
| #define HAVE_NEWLOCALE 1
| #define HAVE_PUTENV 1
| #define HAVE_SETENV 1
| #define HAVE_SETLOCALE 1
| #define HAVE_SNPRINTF 1
| #define HAVE_STRNLEN 1
| #define HAVE_USELOCALE 1
| #define HAVE_WCSLEN 1
| #define HAVE_WCSNLEN 1
| #define HAVE_MBRTOWC 1
| #define HAVE_WCRTOMB 1
| #define HAVE_DECL__SNPRINTF 0
| #define HAVE_DECL__SNWPRINTF 0
| #define HAVE_DECL_GETC_UNLOCKED 1
| #define HAVE_LANGINFO_CODESET 1
| #define HAVE_LC_MESSAGES 1
| #define ENABLE_NLS 1
| #define HAVE_GETTEXT 1
| #define HAVE_DCGETTEXT 1
| #define HAVE_DIRENT_H 1
| #define MAJOR_IN_SYSMACROS 1
| #define HAVE_INTTYPES_H 1
| #define HAVE_UNISTD_H 1
| #define HAVE_STDLIB_H 1
| #define HAVE_STDARG_H 1
| #define HAVE_LIMITS_H 1
| #define HAVE_STRING_H 1
| #define HAVE_MEMORY_H 1
| #define HAVE_LOCALE_H 1
| #define HAVE_TERMCAP_H 1
| #define HAVE_TERMIO_H 1
| #define HAVE_TERMIOS_H 1
| #define HAVE_DLFCN_H 1
| #define HAVE_STDBOOL_H 1
| #define HAVE_STDDEF_H 1
| #define HAVE_STDINT_H 1
| #define HAVE_NETDB_H 1
| #define HAVE_PWD_H 1
| #define HAVE_GRP_H 1
| #define HAVE_STRINGS_H 1
| #define HAVE_REGEX_H 1
| #define HAVE_SYSLOG_H 1
| #define HAVE_ULIMIT_H 1
| #define HAVE_SYS_SELECT_H 1
| #define HAVE_SYS_FILE_H 1
| #define HAVE_SYS_IOCTL_H 1
| #define HAVE_SYS_MMAN_H 1
| #define HAVE_SYS_PARAM_H 1
| #define HAVE_SYS_RANDOM_H 1
| #define HAVE_SYS_SOCKET_H 1
| #define HAVE_SYS_STAT_H 1
| #define HAVE_SYS_TIME_H 1
| #define HAVE_SYS_TIMES_H 1
| #define HAVE_SYS_TYPES_H 1
| #define HAVE_SYS_WAIT_H 1
| #define HAVE_NETINET_IN_H 1
| #define HAVE_ARPA_INET_H 1
| #define HAVE_SYS_RESOURCE_H 1
| #define HAVE_ALLOCA_H 1
| #define HAVE_ALLOCA 1
| #define HAVE_CHOWN 1
| #define GETPGRP_VOID 1
| #define HAVE_STRCOLL 1
| #define HAVE_WAIT3 1
| #define HAVE_MKFIFO 1
| #define HAVE_DUP2 1
| #define HAVE_EACCESS 1
| #define HAVE_FCNTL 1
| #define HAVE_GETDTABLESIZE 1
| #define HAVE_GETENTROPY 1
| #define HAVE_GETGROUPS 1
| #define HAVE_GETHOSTNAME 1
| #define HAVE_GETPAGESIZE 1
| #define HAVE_GETPEERNAME 1
| #define HAVE_GETRANDOM 1
| #define HAVE_GETRLIMIT 1
| #define HAVE_GETRUSAGE 1
| #define HAVE_GETTIMEOFDAY 1
| #define HAVE_KILL 1
| #define HAVE_KILLPG 1
| #define HAVE_LSTAT 1
| #define HAVE_PSELECT 1
| #define HAVE_READLINK 1
| #define HAVE_SELECT 1
| #define HAVE_SETITIMER 1
| #define HAVE_TCGETPGRP 1
| #define HAVE_UNAME 1
| #define HAVE_ULIMIT 1
| #define HAVE_WAITPID 1
| #define HAVE_RENAME 1
| #define HAVE_BCOPY 1
| #define HAVE_BZERO 1
| #define HAVE_CONFSTR 1
| #define HAVE_FACCESSAT 1
| #define HAVE_FNMATCH 1
| #define HAVE_GETADDRINFO 1
| #define HAVE_GETHOSTBYNAME 1
| #define HAVE_GETSERVBYNAME 1
| #define HAVE_GETSERVENT 1
| #define HAVE_INET_ATON 1
| #define HAVE_IMAXDIV 1
| #define HAVE_MEMMOVE 1
| #define HAVE_PATHCONF 1
| #define HAVE_PUTENV 1
| #define HAVE_RAISE 1
| #define HAVE_RANDOM 1
| #define HAVE_REGCOMP 1
| #define HAVE_REGEXEC 1
| #define HAVE_SETENV 1
| #define HAVE_SETLINEBUF 1
| #define HAVE_SETLOCALE 1
| #define HAVE_SETVBUF 1
| #define HAVE_SIGINTERRUPT 1
| #define HAVE_STRCHR 1
| #define HAVE_SYSCONF 1
| #define HAVE_SYSLOG 1
| #define HAVE_TCGETATTR 1
| #define HAVE_TIMES 1
| #define HAVE_TTYNAME 1
| #define HAVE_TZSET 1
| #define HAVE_UNSETENV 1
| #define HAVE_VASPRINTF 1
| #define HAVE_ASPRINTF 1
| #define HAVE_ISASCII 1
| #define HAVE_ISBLANK 1
| #define HAVE_ISGRAPH 1
| #define HAVE_ISPRINT 1
| #define HAVE_ISSPACE 1
| #define HAVE_ISXDIGIT 1
| #define HAVE_GETPWENT 1
| #define HAVE_GETPWNAM 1
| #define HAVE_GETPWUID 1
| #define HAVE_MKSTEMP 1
| #define HAVE_MKDTEMP 1
| #define HAVE_ARC4RANDOM 1
| #define HAVE_GETCWD 1
| #define HAVE_MEMSET 1
| #define HAVE_STRCASECMP 1
| #define HAVE_STRCASESTR 1
| #define HAVE_STRERROR 1
| #define HAVE_STRFTIME 1
| #define HAVE_STRNLEN 1
| #define HAVE_STRPBRK 1
| #define HAVE_STRSTR 1
| #define HAVE_STRTOD 1
| #define HAVE_STRTOL 1
| #define HAVE_STRTOUL 1
| #define HAVE_STRTOLL 1
| #define HAVE_STRTOULL 1
| #define HAVE_STRTOUMAX 1
| #define HAVE_DPRINTF 1
| #define HAVE_STRCHRNUL 1
| #define HAVE_STRDUP 1
| #define HAVE_DECL_AUDIT_USER_TTY 1
| #define HAVE_DECL_CONFSTR 1
| #define HAVE_DECL_PRINTF 1
| #define HAVE_DECL_SBRK 1
| #define HAVE_DECL_SETREGID 1
| #define HAVE_DECL_STRCPY 1
| #define HAVE_DECL_STRSIGNAL 1
| #define HAVE_SETRESUID 1
| #define HAVE_SETRESGID 1
| #define HAVE_DECL_STRTOLD 1
| #define HAVE_DECL_STRTOL 1
| #define HAVE_DECL_STRTOLL 1
| #define HAVE_DECL_STRTOUL 1
| #define HAVE_DECL_STRTOULL 1
| #define HAVE_DECL_STRTOUMAX 1
| #define HAVE_ARGZ_H 1
| #define HAVE_ERRNO_H 1
| #define HAVE_FCNTL_H 1
| #define HAVE_MALLOC_H 1
| #define HAVE_STDIO_EXT_H 1
| #define HAVE_MMAP 1
| #define HAVE___ARGZ_COUNT 1
| #define HAVE___ARGZ_NEXT 1
| #define HAVE___ARGZ_STRINGIFY 1
| #define HAVE_DCGETTEXT 1
| #define HAVE_MEMPCPY 1
| #define HAVE_MUNMAP 1
| #define HAVE_MREMAP 1
| #define HAVE_STPCPY 1
| #define HAVE_STRCSPN 1
| #define HAVE_WCTYPE_H 1
| #define HAVE_WCHAR_H 1
| #define HAVE_LANGINFO_H 1
| #define HAVE_MBRLEN 1
| #define HAVE_MBSNRTOWCS 1
| #define HAVE_MBSRTOWCS 1
| #define HAVE_WCRTOMB 1
| #define HAVE_WCSCOLL 1
| #define HAVE_WCSDUP 1
| #define HAVE_WCWIDTH 1
| #define HAVE_WCTYPE 1
| #define HAVE_WCSWIDTH 1
| #define HAVE_MBRTOWC 1
| #define HAVE_MBSTATE_T 1
| #define HAVE_ISWLOWER 1
| #define HAVE_ISWUPPER 1
| #define HAVE_TOWLOWER 1
| #define HAVE_TOWUPPER 1
| #define HAVE_ISWCTYPE 1
| #define HAVE_WCHAR_T 1
| #define HAVE_WCTYPE_T 1
| #define HAVE_WINT_T 1
| #define SIZEOF_WCHAR_T 4
| #define HAVE_LIBDL 1
| #define HAVE_DLOPEN 1
| #define HAVE_DLCLOSE 1
| #define HAVE_DLSYM 1
| #define GETGROUPS_T gid_t
| #define HAVE_UINTPTR_T 1
| #define HAVE_LONG_LONG_INT 1
| #define HAVE_UNSIGNED_LONG_LONG_INT 1
| #define SIZEOF_CHAR 1
| #define SIZEOF_SHORT 2
| #define SIZEOF_INT 4
| #define SIZEOF_LONG 8
| #define SIZEOF_CHAR_P 8
| #define SIZEOF_SIZE_T 8
| #define SIZEOF_DOUBLE 8
| #define SIZEOF_LONG_LONG 8
| #define bits16_t short
| #define u_bits16_t unsigned short
| #define bits32_t int
| #define u_bits32_t unsigned int
| #define bits64_t char *
| #define HAVE_HASH_BANG_EXEC 1
| #define HAVE_POSIX_SIGNALS 1
| #define HAVE_SYS_ERRLIST 1
| #define HAVE_DECL_SYS_SIGLIST 0
| #define HAVE_SOCKLEN_T 1
| #define HAVE_QUAD_T 1
| #define RLIMTYPE rlim_t
| /* end confdefs.h.  */
| #include <stddef.h>
| #ifdef HAVE_STDIO_H
| # include <stdio.h>
| #endif
| #ifdef HAVE_STDLIB_H
| # include <stdlib.h>
| #endif
| #ifdef HAVE_STRING_H
| # include <string.h>
| #endif
| #ifdef HAVE_INTTYPES_H
| # include <inttypes.h>
| #endif
| #ifdef HAVE_STDINT_H
| # include <stdint.h>
| #endif
| #ifdef HAVE_STRINGS_H
| # include <strings.h>
| #endif
| #ifdef HAVE_SYS_TYPES_H
| # include <sys/types.h>
| #endif
| #ifdef HAVE_SYS_STAT_H
| # include <sys/stat.h>
| #endif
| #ifdef HAVE_UNISTD_H
| # include <unistd.h>
| #endif
| int
| main (void)
| {
| if (sizeof ((intmax_t)))
| 	    return 0;
|   ;
|   return 0;
| }
configure:18880: result: yes
configure:18898: checking for uintmax_t
configure:18898: /usr/bin/clang -c -g -O2  conftest.c >&5
configure:18898: $? = 0
configure:18898: /usr/bin/clang -c -g -O2  conftest.c >&5
conftest.c:405:24: error: expected expression
  405 | if (sizeof ((uintmax_t)))
      |                        ^
1 error generated.
configure:18898: $? = 1
configure: failed program was:
| /* confdefs.h */
| #define PACKAGE_NAME "bash"
| #define PACKAGE_TARNAME "bash"
| #define PACKAGE_VERSION "5.2-release"
| #define PACKAGE_STRING "bash 5.2-release"
| #define PACKAGE_BUGREPORT "bug-bash@gnu.org"
| #define PACKAGE_URL ""
| #define USING_BASH_MALLOC 1
| #define ALIAS 1
| #define PUSHD_AND_POPD 1
| #define RESTRICTED_SHELL 1
| #define PROCESS_SUBSTITUTION 1
| #define PROMPT_STRING_DECODE 1
| #define SELECT_COMMAND 1
| #define HELP_BUILTIN 1
| #define ARRAY_VARS 1
| #define DPAREN_ARITHMETIC 1
| #define BRACE_EXPANSION 1
| #define COMMAND_TIMING 1
| #define EXTENDED_GLOB 1
| #define EXTGLOB_DEFAULT 0
| #define COND_COMMAND 1
| #define COND_REGEXP 1
| #define COPROCESS_SUPPORT 1
| #define ARITH_FOR_COMMAND 1
| #define NETWORK_REDIRECTIONS 1
| #define PROGRAMMABLE_COMPLETION 1
| #define DEBUGGER 1
| #define CASEMOD_ATTRS 1
| #define CASEMOD_EXPANSIONS 1
| #define GLOBASCII_DEFAULT 1
| #define FUNCTION_IMPORT 1
| #define TRANSLATABLE_STRINGS 1
| #define MEMSCRAMBLE 1
| #define HAVE_STDIO_H 1
| #define HAVE_STDLIB_H 1
| #define HAVE_STRING_H 1
| #define HAVE_INTTYPES_H 1
| #define HAVE_STDINT_H 1
| #define HAVE_STRINGS_H 1
| #define HAVE_SYS_STAT_H 1
| #define HAVE_SYS_TYPES_H 1
| #define HAVE_UNISTD_H 1
| #define HAVE_WCHAR_H 1
| #define HAVE_SYS_PARAM_H 1
| #define HAVE_SYS_TIME_H 1
| #define STDC_HEADERS 1
| #define _ALL_SOURCE 1
| #define _DARWIN_C_SOURCE 1
| #define _GNU_SOURCE 1
| #define _HPUX_ALT_XOPEN_SOCKET_API 1
| #define _NETBSD_SOURCE 1
| #define _OPENBSD_SOURCE 1
| #define _POSIX_PTHREAD_SEMANTICS 1
| #define __STDC_WANT_IEC_60559_ATTRIBS_EXT__ 1
| #define __STDC_WANT_IEC_60559_BFP_EXT__ 1
| #define __STDC_WANT_IEC_60559_DFP_EXT__ 1
| #define __STDC_WANT_IEC_60559_FUNCS_EXT__ 1
| #define __STDC_WANT_IEC_60559_TYPES_EXT__ 1
| #define __STDC_WANT_LIB_EXT2__ 1
| #define __STDC_WANT_MATH_SPEC_FUNCS__ 1
| #define _TANDEM_SOURCE 1
| #define __EXTENSIONS__ 1
| #define READLINE 1
| #define HISTORY 1
| #define BANG_HISTORY 1
| #define HAVE_STRINGIZE 1
| #define HAVE_LONG_DOUBLE 1
| #define PROTOTYPES 1
| #define __PROTOTYPES 1
| #define restrict __restrict__
| #define HAVE_VISIBILITY 1
| #define HAVE_STDINT_H_WITH_UINTMAX 1
| #define HAVE_ALLOCA_H 1
| #define HAVE_ALLOCA 1
| #define HAVE_GETPAGESIZE 1
| #define HAVE_SYMLINK 1
| #define HAVE_USELOCALE 1
| #define HAVE_VPRINTF 1
| #define HAVE_ALARM 1
| #define HAVE___FPURGE 1
| #define HAVE_SNPRINTF 1
| #define HAVE_VSNPRINTF 1
| #define HAVE_MMAP 1
| #define INTDIV0_RAISES_SIGFPE 1
| #define HAVE_INTTYPES_H_WITH_UINTMAX 1
| #define HAVE_UNSIGNED_LONG_LONG_INT 1
| #define HAVE_UINTMAX_T 1
| #define HAVE_INTTYPES_H 1
| #define USE_POSIX_THREADS 1
| #define USE_POSIX_THREADS_WEAK 1
| #define HAVE_PTHREAD_RWLOCK 1
| #define HAVE_PTHREAD_MUTEX_RECURSIVE 1
| #define HAVE_ICONV 1
| #define ICONV_CONST 
| #define HAVE_BUILTIN_EXPECT 1
| #define HAVE_ARGZ_H 1
| #define HAVE_INTTYPES_H 1
| #define HAVE_LIMITS_H 1
| #define HAVE_UNISTD_H 1
| #define HAVE_SYS_PARAM_H 1
| #define HAVE_GETCWD 1
| #define HAVE_GETEGID 1
| #define HAVE_GETEUID 1
| #define HAVE_GETGID 1
| #define HAVE_GETUID 1
| #define HAVE_MEMPCPY 1
| #define HAVE_MUNMAP 1
| #define HAVE_STPCPY 1
| #define HAVE_STRCASECMP 1
| #define HAVE_STRDUP 1
| #define HAVE_STRTOUL 1
| #define HAVE_TSEARCH 1
| #define HAVE_ARGZ_COUNT 1
| #define HAVE_ARGZ_STRINGIFY 1
| #define HAVE_ARGZ_NEXT 1
| #define HAVE___FSETLOCKING 1
| #define HAVE_LOCALECONV 1
| #define HAVE_DECL_FEOF_UNLOCKED 1
| #define HAVE_DECL_FGETS_UNLOCKED 1
| #define HAVE_LONG_LONG_INT 1
| #define HAVE_WCHAR_T 1
| #define HAVE_WINT_T 1
| #define HAVE_INTMAX_T 1
| #define HAVE_POSIX_PRINTF 1
| #define HAVE_STDINT_H 1
| #define HAVE_STDINT_H 1
| #define HAVE_WORKING_O_NOATIME 1
| #define HAVE_WORKING_O_NOFOLLOW 1
| #define HAVE_WORKING_USELOCALE 1
| #define FLEXIBLE_ARRAY_MEMBER /**/
| #define HAVE_FEATURES_H 1
| #define HAVE_STDDEF_H 1
| #define HAVE_STDLIB_H 1
| #define HAVE_STRING_H 1
| #define HAVE_ASPRINTF 1
| #define HAVE_FWPRINTF 1
| #define HAVE_NEWLOCALE 1
| #define HAVE_PUTENV 1
| #define HAVE_SETENV 1
| #define HAVE_SETLOCALE 1
| #define HAVE_SNPRINTF 1
| #define HAVE_STRNLEN 1
| #define HAVE_USELOCALE 1
| #define HAVE_WCSLEN 1
| #define HAVE_WCSNLEN 1
| #define HAVE_MBRTOWC 1
| #define HAVE_WCRTOMB 1
| #define HAVE_DECL__SNPRINTF 0
| #define HAVE_DECL__SNWPRINTF 0
| #define HAVE_DECL_GETC_UNLOCKED 1
| #define HAVE_LANGINFO_CODESET 1
| #define HAVE_LC_MESSAGES 1
| #define ENABLE_NLS 1
| #define HAVE_GETTEXT 1
| #define HAVE_DCGETTEXT 1
| #define HAVE_DIRENT_H 1
| #define MAJOR_IN_SYSMACROS 1
| #define HAVE_INTTYPES_H 1
| #define HAVE_UNISTD_H 1
| #define HAVE_STDLIB_H 1
| #define HAVE_STDARG_H 1
| #define HAVE_LIMITS_H 1
| #define HAVE_STRING_H 1
| #define HAVE_MEMORY_H 1
| #define HAVE_LOCALE_H 1
| #define HAVE_TERMCAP_H 1
| #define HAVE_TERMIO_H 1
| #define HAVE_TERMIOS_H 1
| #define HAVE_DLFCN_H 1
| #define HAVE_STDBOOL_H 1
| #define HAVE_STDDEF_H 1
| #define HAVE_STDINT_H 1
| #define HAVE_NETDB_H 1
| #define HAVE_PWD_H 1
| #define HAVE_GRP_H 1
| #define HAVE_STRINGS_H 1
| #define HAVE_REGEX_H 1
| #define HAVE_SYSLOG_H 1
| #define HAVE_ULIMIT_H 1
| #define HAVE_SYS_SELECT_H 1
| #define HAVE_SYS_FILE_H 1
| #define HAVE_SYS_IOCTL_H 1
| #define HAVE_SYS_MMAN_H 1
| #define HAVE_SYS_PARAM_H 1
| #define HAVE_SYS_RANDOM_H 1
| #define HAVE_SYS_SOCKET_H 1
| #define HAVE_SYS_STAT_H 1
| #define HAVE_SYS_TIME_H 1
| #define HAVE_SYS_TIMES_H 1
| #define HAVE_SYS_TYPES_H 1
| #define HAVE_SYS_WAIT_H 1
| #define HAVE_NETINET_IN_H 1
| #define HAVE_ARPA_INET_H 1
| #define HAVE_SYS_RESOURCE_H 1
| #define HAVE_ALLOCA_H 1
| #define HAVE_ALLOCA 1
| #define HAVE_CHOWN 1
| #define GETPGRP_VOID 1
| #define HAVE_STRCOLL 1
| #define HAVE_WAIT3 1
| #define HAVE_MKFIFO 1
| #define HAVE_DUP2 1
| #define HAVE_EACCESS 1
| #define HAVE_FCNTL 1
| #define HAVE_GETDTABLESIZE 1
| #define HAVE_GETENTROPY 1
| #define HAVE_GETGROUPS 1
| #define HAVE_GETHOSTNAME 1
| #define HAVE_GETPAGESIZE 1
| #define HAVE_GETPEERNAME 1
| #define HAVE_GETRANDOM 1
| #define HAVE_GETRLIMIT 1
| #define HAVE_GETRUSAGE 1
| #define HAVE_GETTIMEOFDAY 1
| #define HAVE_KILL 1
| #define HAVE_KILLPG 1
| #define HAVE_LSTAT 1
| #define HAVE_PSELECT 1
| #define HAVE_READLINK 1
| #define HAVE_SELECT 1
| #define HAVE_SETITIMER 1
| #define HAVE_TCGETPGRP 1
| #define HAVE_UNAME 1
| #define HAVE_ULIMIT 1
| #define HAVE_WAITPID 1
| #define HAVE_RENAME 1
| #define HAVE_BCOPY 1
| #define HAVE_BZERO 1
| #define HAVE_CONFSTR 1
| #define HAVE_FACCESSAT 1
| #define HAVE_FNMATCH 1
| #define HAVE_GETADDRINFO 1
| #define HAVE_GETHOSTBYNAME 1
| #define HAVE_GETSERVBYNAME 1
| #define HAVE_GETSERVENT 1
| #define HAVE_INET_ATON 1
| #define HAVE_IMAXDIV 1
| #define HAVE_MEMMOVE 1
| #define HAVE_PATHCONF 1
| #define HAVE_PUTENV 1
| #define HAVE_RAISE 1
| #define HAVE_RANDOM 1
| #define HAVE_REGCOMP 1
| #define HAVE_REGEXEC 1
| #define HAVE_SETENV 1
| #define HAVE_SETLINEBUF 1
| #define HAVE_SETLOCALE 1
| #define HAVE_SETVBUF 1
| #define HAVE_SIGINTERRUPT 1
| #define HAVE_STRCHR 1
| #define HAVE_SYSCONF 1
| #define HAVE_SYSLOG 1
| #define HAVE_TCGETATTR 1
| #define HAVE_TIMES 1
| #define HAVE_TTYNAME 1
| #define HAVE_TZSET 1
| #define HAVE_UNSETENV 1
| #define HAVE_VASPRINTF 1
| #define HAVE_ASPRINTF 1
| #define HAVE_ISASCII 1
| #define HAVE_ISBLANK 1
| #define HAVE_ISGRAPH 1
| #define HAVE_ISPRINT 1
| #define HAVE_ISSPACE 1
| #define HAVE_ISXDIGIT 1
| #define HAVE_GETPWENT 1
| #define HAVE_GETPWNAM 1
| #define HAVE_GETPWUID 1
| #define HAVE_MKSTEMP 1
| #define HAVE_MKDTEMP 1
| #define HAVE_ARC4RANDOM 1
| #define HAVE_GETCWD 1
| #define HAVE_MEMSET 1
| #define HAVE_STRCASECMP 1
| #define HAVE_STRCASESTR 1
| #define HAVE_STRERROR 1
| #define HAVE_STRFTIME 1
| #define HAVE_STRNLEN 1
| #define HAVE_STRPBRK 1
| #define HAVE_STRSTR 1
| #define HAVE_STRTOD 1
| #define HAVE_STRTOL 1
| #define HAVE_STRTOUL 1
| #define HAVE_STRTOLL 1
| #define HAVE_STRTOULL 1
| #define HAVE_STRTOUMAX 1
| #define HAVE_DPRINTF 1
| #define HAVE_STRCHRNUL 1
| #define HAVE_STRDUP 1
| #define HAVE_DECL_AUDIT_USER_TTY 1
| #define HAVE_DECL_CONFSTR 1
| #define HAVE_DECL_PRINTF 1
| #define HAVE_DECL_SBRK 1
| #define HAVE_DECL_SETREGID 1
| #define HAVE_DECL_STRCPY 1
| #define HAVE_DECL_STRSIGNAL 1
| #define HAVE_SETRESUID 1
| #define HAVE_SETRESGID 1
| #define HAVE_DECL_STRTOLD 1
| #define HAVE_DECL_STRTOL 1
| #define HAVE_DECL_STRTOLL 1
| #define HAVE_DECL_STRTOUL 1
| #define HAVE_DECL_STRTOULL 1
| #define HAVE_DECL_STRTOUMAX 1
| #define HAVE_ARGZ_H 1
| #define HAVE_ERRNO_H 1
| #define HAVE_FCNTL_H 1
| #define HAVE_MALLOC_H 1
| #define HAVE_STDIO_EXT_H 1
| #define HAVE_MMAP 1
| #define HAVE___ARGZ_COUNT 1
| #define HAVE___ARGZ_NEXT 1
| #define HAVE___ARGZ_STRINGIFY 1
| #define HAVE_DCGETTEXT 1
| #define HAVE_MEMPCPY 1
| #define HAVE_MUNMAP 1
| #define HAVE_MREMAP 1
| #define HAVE_STPCPY 1
| #define HAVE_STRCSPN 1
| #define HAVE_WCTYPE_H 1
| #define HAVE_WCHAR_H 1
| #define HAVE_LANGINFO_H 1
| #define HAVE_MBRLEN 1
| #define HAVE_MBSNRTOWCS 1
| #define HAVE_MBSRTOWCS 1
| #define HAVE_WCRTOMB 1
| #define HAVE_WCSCOLL 1
| #define HAVE_WCSDUP 1
| #define HAVE_WCWIDTH 1
| #define HAVE_WCTYPE 1
| #define HAVE_WCSWIDTH 1
| #define HAVE_MBRTOWC 1
| #define HAVE_MBSTATE_T 1
| #define HAVE_ISWLOWER 1
| #define HAVE_ISWUPPER 1
| #define HAVE_TOWLOWER 1
| #define HAVE_TOWUPPER 1
| #define HAVE_ISWCTYPE 1
| #define HAVE_WCHAR_T 1
| #define HAVE_WCTYPE_T 1
| #define HAVE_WINT_T 1
| #define SIZEOF_WCHAR_T 4
| #define HAVE_LIBDL 1
| #define HAVE_DLOPEN 1
| #define HAVE_DLCLOSE 1
| #define HAVE_DLSYM 1
| #define GETGROUPS_T gid_t
| #define HAVE_UINTPTR_T 1
| #define HAVE_LONG_LONG_INT 1
| #define HAVE_UNSIGNED_LONG_LONG_INT 1
| #define SIZEOF_CHAR 1
| #define SIZEOF_SHORT 2
| #define SIZEOF_INT 4
| #define SIZEOF_LONG 8
| #define SIZEOF_CHAR_P 8
| #define SIZEOF_SIZE_T 8
| #define SIZEOF_DOUBLE 8
| #define SIZEOF_LONG_LONG 8
| #define bits16_t short
| #define u_bits16_t unsigned short
| #define bits32_t int
| #define u_bits32_t unsigned int
| #define bits64_t char *
| #define HAVE_HASH_BANG_EXEC 1
| #define HAVE_POSIX_SIGNALS 1
| #define HAVE_SYS_ERRLIST 1
| #define HAVE_DECL_SYS_SIGLIST 0
| #define HAVE_SOCKLEN_T 1
| #define HAVE_QUAD_T 1
| #define RLIMTYPE rlim_t
| #define HAVE_INTMAX_T 1
| /* end confdefs.h.  */
| #include <stddef.h>
| #ifdef HAVE_STDIO_H
| # include <stdio.h>
| #endif
| #ifdef HAVE_STDLIB_H
| # include <stdlib.h>
| #endif
| #ifdef HAVE_STRING_H
| # include <string.h>
| #endif
| #ifdef HAVE_INTTYPES_H
| # include <inttypes.h>
| #endif
| #ifdef HAVE_STDINT_H
| # include <stdint.h>
| #endif
| #ifdef HAVE_STRINGS_H
| # include <strings.h>
| #endif
| #ifdef HAVE_SYS_TYPES_H
| # include <sys/types.h>
| #endif
| #ifdef HAVE_SYS_STAT_H
| # include <sys/stat.h>
| #endif
| #ifdef HAVE_UNISTD_H
| # include <unistd.h>
| #endif
| int
| main (void)
| {
| if (sizeof ((uintmax_t)))
| 	    return 0;
|   ;
|   return 0;
| }
configure:18898: result: yes
configure:18919: checking size of intmax_t
configure:18925: /usr/bin/clang -o conftest -g -O2   conftest.c -ldl  >&5
configure:18925: $? = 0
configure:18925: ./conftest
configure:18925: $? = 0
configure:18940: result: 8
configure:18950: checking for struct termios.c_line
configure:18950: /usr/bin/clang -c -g -O2  conftest.c >&5
configure:18950: $? = 0
configure:18950: result: yes
configure:18963: checking for struct termio.c_line
configure:18963: /usr/bin/clang -c -g -O2  conftest.c >&5
configure:18963: $? = 0
configure:18963: result: yes
configure:18976: checking for struct dirent.d_ino
configure:18984: checking for struct dirent.d_ino
configure:18984: /usr/bin/clang -c -g -O2  conftest.c >&5
configure:18984: $? = 0
configure:18984: result: yes
configure:19019: result: yes
configure:19027: checking for struct dirent.d_fileno
configure:19035: checking for struct dirent.d_fileno
configure:19035: /usr/bin/clang -c -g -O2  conftest.c >&5
configure:19035: $? = 0
configure:19035: result: yes
configure:19070: result: yes
configure:19078: checking for struct dirent.d_namlen
configure:19086: checking for struct dirent.d_namlen
configure:19086: /usr/bin/clang -c -g -O2  conftest.c >&5
conftest.c:408:13: error: no member named 'd_namlen' in 'struct dirent'; did you mean 'd_name'?
  408 | if (ac_aggr.d_namlen)
      |             ^~~~~~~~
      |             d_name
/usr/include/x86_64-linux-gnu/bits/dirent.h:33:10: note: 'd_name' declared here
   33 |     char d_name[256];           /* We must not include limits.h! */
      |          ^
1 error generated.
configure:19086: $? = 1
configure: failed program was:
| /* confdefs.h */
| #define PACKAGE_NAME "bash"
| #define PACKAGE_TARNAME "bash"
| #define PACKAGE_VERSION "5.2-release"
| #define PACKAGE_STRING "bash 5.2-release"
| #define PACKAGE_BUGREPORT "bug-bash@gnu.org"
| #define PACKAGE_URL ""
| #define USING_BASH_MALLOC 1
| #define ALIAS 1
| #define PUSHD_AND_POPD 1
| #define RESTRICTED_SHELL 1
| #define PROCESS_SUBSTITUTION 1
| #define PROMPT_STRING_DECODE 1
| #define SELECT_COMMAND 1
| #define HELP_BUILTIN 1
| #define ARRAY_VARS 1
| #define DPAREN_ARITHMETIC 1
| #define BRACE_EXPANSION 1
| #define COMMAND_TIMING 1
| #define EXTENDED_GLOB 1
| #define EXTGLOB_DEFAULT 0
| #define COND_COMMAND 1
| #define COND_REGEXP 1
| #define COPROCESS_SUPPORT 1
| #define ARITH_FOR_COMMAND 1
| #define NETWORK_REDIRECTIONS 1
| #define PROGRAMMABLE_COMPLETION 1
| #define DEBUGGER 1
| #define CASEMOD_ATTRS 1
| #define CASEMOD_EXPANSIONS 1
| #define GLOBASCII_DEFAULT 1
| #define FUNCTION_IMPORT 1
| #define TRANSLATABLE_STRINGS 1
| #define MEMSCRAMBLE 1
| #define HAVE_STDIO_H 1
| #define HAVE_STDLIB_H 1
| #define HAVE_STRING_H 1
| #define HAVE_INTTYPES_H 1
| #define HAVE_STDINT_H 1
| #define HAVE_STRINGS_H 1
| #define HAVE_SYS_STAT_H 1
| #define HAVE_SYS_TYPES_H 1
| #define HAVE_UNISTD_H 1
| #define HAVE_WCHAR_H 1
| #define HAVE_SYS_PARAM_H 1
| #define HAVE_SYS_TIME_H 1
| #define STDC_HEADERS 1
| #define _ALL_SOURCE 1
| #define _DARWIN_C_SOURCE 1
| #define _GNU_SOURCE 1
| #define _HPUX_ALT_XOPEN_SOCKET_API 1
| #define _NETBSD_SOURCE 1
| #define _OPENBSD_SOURCE 1
| #define _POSIX_PTHREAD_SEMANTICS 1
| #define __STDC_WANT_IEC_60559_ATTRIBS_EXT__ 1
| #define __STDC_WANT_IEC_60559_BFP_EXT__ 1
| #define __STDC_WANT_IEC_60559_DFP_EXT__ 1
| #define __STDC_WANT_IEC_60559_FUNCS_EXT__ 1
| #define __STDC_WANT_IEC_60559_TYPES_EXT__ 1
| #define __STDC_WANT_LIB_EXT2__ 1
| #define __STDC_WANT_MATH_SPEC_FUNCS__ 1
| #define _TANDEM_SOURCE 1
| #define __EXTENSIONS__ 1
| #define READLINE 1
| #define HISTORY 1
| #define BANG_HISTORY 1
| #define HAVE_STRINGIZE 1
| #define HAVE_LONG_DOUBLE 1
| #define PROTOTYPES 1
| #define __PROTOTYPES 1
| #define restrict __restrict__
| #define HAVE_VISIBILITY 1
| #define HAVE_STDINT_H_WITH_UINTMAX 1
| #define HAVE_ALLOCA_H 1
| #define HAVE_ALLOCA 1
| #define HAVE_GETPAGESIZE 1
| #define HAVE_SYMLINK 1
| #define HAVE_USELOCALE 1
| #define HAVE_VPRINTF 1
| #define HAVE_ALARM 1
| #define HAVE___FPURGE 1
| #define HAVE_SNPRINTF 1
| #define HAVE_VSNPRINTF 1
| #define HAVE_MMAP 1
| #define INTDIV0_RAISES_SIGFPE 1
| #define HAVE_INTTYPES_H_WITH_UINTMAX 1
| #define HAVE_UNSIGNED_LONG_LONG_INT 1
| #define HAVE_UINTMAX_T 1
| #define HAVE_INTTYPES_H 1
| #define USE_POSIX_THREADS 1
| #define USE_POSIX_THREADS_WEAK 1
| #define HAVE_PTHREAD_RWLOCK 1
| #define HAVE_PTHREAD_MUTEX_RECURSIVE 1
| #define HAVE_ICONV 1
| #define ICONV_CONST 
| #define HAVE_BUILTIN_EXPECT 1
| #define HAVE_ARGZ_H 1
| #define HAVE_INTTYPES_H 1
| #define HAVE_LIMITS_H 1
| #define HAVE_UNISTD_H 1
| #define HAVE_SYS_PARAM_H 1
| #define HAVE_GETCWD 1
| #define HAVE_GETEGID 1
| #define HAVE_GETEUID 1
| #define HAVE_GETGID 1
| #define HAVE_GETUID 1
| #define HAVE_MEMPCPY 1
| #define HAVE_MUNMAP 1
| #define HAVE_STPCPY 1
| #define HAVE_STRCASECMP 1
| #define HAVE_STRDUP 1
| #define HAVE_STRTOUL 1
| #define HAVE_TSEARCH 1
| #define HAVE_ARGZ_COUNT 1
| #define HAVE_ARGZ_STRINGIFY 1
| #define HAVE_ARGZ_NEXT 1
| #define HAVE___FSETLOCKING 1
| #define HAVE_LOCALECONV 1
| #define HAVE_DECL_FEOF_UNLOCKED 1
| #define HAVE_DECL_FGETS_UNLOCKED 1
| #define HAVE_LONG_LONG_INT 1
| #define HAVE_WCHAR_T 1
| #define HAVE_WINT_T 1
| #define HAVE_INTMAX_T 1
| #define HAVE_POSIX_PRINTF 1
| #define HAVE_STDINT_H 1
| #define HAVE_STDINT_H 1
| #define HAVE_WORKING_O_NOATIME 1
| #define HAVE_WORKING_O_NOFOLLOW 1
| #define HAVE_WORKING_USELOCALE 1
| #define FLEXIBLE_ARRAY_MEMBER /**/
| #define HAVE_FEATURES_H 1
| #define HAVE_STDDEF_H 1
| #define HAVE_STDLIB_H 1
| #define HAVE_STRING_H 1
| #define HAVE_ASPRINTF 1
| #define HAVE_FWPRINTF 1
| #define HAVE_NEWLOCALE 1
| #define HAVE_PUTENV 1
| #define HAVE_SETENV 1
| #define HAVE_SETLOCALE 1
| #define HAVE_SNPRINTF 1
| #define HAVE_STRNLEN 1
| #define HAVE_USELOCALE 1
| #define HAVE_WCSLEN 1
| #define HAVE_WCSNLEN 1
| #define HAVE_MBRTOWC 1
| #define HAVE_WCRTOMB 1
| #define HAVE_DECL__SNPRINTF 0
| #define HAVE_DECL__SNWPRINTF 0
| #define HAVE_DECL_GETC_UNLOCKED 1
| #define HAVE_LANGINFO_CODESET 1
| #define HAVE_LC_MESSAGES 1
| #define ENABLE_NLS 1
| #define HAVE_GETTEXT 1
| #define HAVE_DCGETTEXT 1
| #define HAVE_DIRENT_H 1
| #define MAJOR_IN_SYSMACROS 1
| #define HAVE_INTTYPES_H 1
| #define HAVE_UNISTD_H 1
| #define HAVE_STDLIB_H 1
| #define HAVE_STDARG_H 1
| #define HAVE_LIMITS_H 1
| #define HAVE_STRING_H 1
| #define HAVE_MEMORY_H 1
| #define HAVE_LOCALE_H 1
| #define HAVE_TERMCAP_H 1
| #define HAVE_TERMIO_H 1
| #define HAVE_TERMIOS_H 1
| #define HAVE_DLFCN_H 1
| #define HAVE_STDBOOL_H 1
| #define HAVE_STDDEF_H 1
| #define HAVE_STDINT_H 1
| #define HAVE_NETDB_H 1
| #define HAVE_PWD_H 1
| #define HAVE_GRP_H 1
| #define HAVE_STRINGS_H 1
| #define HAVE_REGEX_H 1
| #define HAVE_SYSLOG_H 1
| #define HAVE_ULIMIT_H 1
| #define HAVE_SYS_SELECT_H 1
| #define HAVE_SYS_FILE_H 1
| #define HAVE_SYS_IOCTL_H 1
| #define HAVE_SYS_MMAN_H 1
| #define HAVE_SYS_PARAM_H 1
| #define HAVE_SYS_RANDOM_H 1
| #define HAVE_SYS_SOCKET_H 1
| #define HAVE_SYS_STAT_H 1
| #define HAVE_SYS_TIME_H 1
| #define HAVE_SYS_TIMES_H 1
| #define HAVE_SYS_TYPES_H 1
| #define HAVE_SYS_WAIT_H 1
| #define HAVE_NETINET_IN_H 1
| #define HAVE_ARPA_INET_H 1
| #define HAVE_SYS_RESOURCE_H 1
| #define HAVE_ALLOCA_H 1
| #define HAVE_ALLOCA 1
| #define HAVE_CHOWN 1
| #define GETPGRP_VOID 1
| #define HAVE_STRCOLL 1
| #define HAVE_WAIT3 1
| #define HAVE_MKFIFO 1
| #define HAVE_DUP2 1
| #define HAVE_EACCESS 1
| #define HAVE_FCNTL 1
| #define HAVE_GETDTABLESIZE 1
| #define HAVE_GETENTROPY 1
| #define HAVE_GETGROUPS 1
| #define HAVE_GETHOSTNAME 1
| #define HAVE_GETPAGESIZE 1
| #define HAVE_GETPEERNAME 1
| #define HAVE_GETRANDOM 1
| #define HAVE_GETRLIMIT 1
| #define HAVE_GETRUSAGE 1
| #define HAVE_GETTIMEOFDAY 1
| #define HAVE_KILL 1
| #define HAVE_KILLPG 1
| #define HAVE_LSTAT 1
| #define HAVE_PSELECT 1
| #define HAVE_READLINK 1
| #define HAVE_SELECT 1
| #define HAVE_SETITIMER 1
| #define HAVE_TCGETPGRP 1
| #define HAVE_UNAME 1
| #define HAVE_ULIMIT 1
| #define HAVE_WAITPID 1
| #define HAVE_RENAME 1
| #define HAVE_BCOPY 1
| #define HAVE_BZERO 1
| #define HAVE_CONFSTR 1
| #define HAVE_FACCESSAT 1
| #define HAVE_FNMATCH 1
| #define HAVE_GETADDRINFO 1
| #define HAVE_GETHOSTBYNAME 1
| #define HAVE_GETSERVBYNAME 1
| #define HAVE_GETSERVENT 1
| #define HAVE_INET_ATON 1
| #define HAVE_IMAXDIV 1
| #define HAVE_MEMMOVE 1
| #define HAVE_PATHCONF 1
| #define HAVE_PUTENV 1
| #define HAVE_RAISE 1
| #define HAVE_RANDOM 1
| #define HAVE_REGCOMP 1
| #define HAVE_REGEXEC 1
| #define HAVE_SETENV 1
| #define HAVE_SETLINEBUF 1
| #define HAVE_SETLOCALE 1
| #define HAVE_SETVBUF 1
| #define HAVE_SIGINTERRUPT 1
| #define HAVE_STRCHR 1
| #define HAVE_SYSCONF 1
| #define HAVE_SYSLOG 1
| #define HAVE_TCGETATTR 1
| #define HAVE_TIMES 1
| #define HAVE_TTYNAME 1
| #define HAVE_TZSET 1
| #define HAVE_UNSETENV 1
| #define HAVE_VASPRINTF 1
| #define HAVE_ASPRINTF 1
| #define HAVE_ISASCII 1
| #define HAVE_ISBLANK 1
| #define HAVE_ISGRAPH 1
| #define HAVE_ISPRINT 1
| #define HAVE_ISSPACE 1
| #define HAVE_ISXDIGIT 1
| #define HAVE_GETPWENT 1
| #define HAVE_GETPWNAM 1
| #define HAVE_GETPWUID 1
| #define HAVE_MKSTEMP 1
| #define HAVE_MKDTEMP 1
| #define HAVE_ARC4RANDOM 1
| #define HAVE_GETCWD 1
| #define HAVE_MEMSET 1
| #define HAVE_STRCASECMP 1
| #define HAVE_STRCASESTR 1
| #define HAVE_STRERROR 1
| #define HAVE_STRFTIME 1
| #define HAVE_STRNLEN 1
| #define HAVE_STRPBRK 1
| #define HAVE_STRSTR 1
| #define HAVE_STRTOD 1
| #define HAVE_STRTOL 1
| #define HAVE_STRTOUL 1
| #define HAVE_STRTOLL 1
| #define HAVE_STRTOULL 1
| #define HAVE_STRTOUMAX 1
| #define HAVE_DPRINTF 1
| #define HAVE_STRCHRNUL 1
| #define HAVE_STRDUP 1
| #define HAVE_DECL_AUDIT_USER_TTY 1
| #define HAVE_DECL_CONFSTR 1
| #define HAVE_DECL_PRINTF 1
| #define HAVE_DECL_SBRK 1
| #define HAVE_DECL_SETREGID 1
| #define HAVE_DECL_STRCPY 1
| #define HAVE_DECL_STRSIGNAL 1
| #define HAVE_SETRESUID 1
| #define HAVE_SETRESGID 1
| #define HAVE_DECL_STRTOLD 1
| #define HAVE_DECL_STRTOL 1
| #define HAVE_DECL_STRTOLL 1
| #define HAVE_DECL_STRTOUL 1
| #define HAVE_DECL_STRTOULL 1
| #define HAVE_DECL_STRTOUMAX 1
| #define HAVE_ARGZ_H 1
| #define HAVE_ERRNO_H 1
| #define HAVE_FCNTL_H 1
| #define HAVE_MALLOC_H 1
| #define HAVE_STDIO_EXT_H 1
| #define HAVE_MMAP 1
| #define HAVE___ARGZ_COUNT 1
| #define HAVE___ARGZ_NEXT 1
| #define HAVE___ARGZ_STRINGIFY 1
| #define HAVE_DCGETTEXT 1
| #define HAVE_MEMPCPY 1
| #define HAVE_MUNMAP 1
| #define HAVE_MREMAP 1
| #define HAVE_STPCPY 1
| #define HAVE_STRCSPN 1
| #define HAVE_WCTYPE_H 1
| #define HAVE_WCHAR_H 1
| #define HAVE_LANGINFO_H 1
| #define HAVE_MBRLEN 1
| #define HAVE_MBSNRTOWCS 1
| #define HAVE_MBSRTOWCS 1
| #define HAVE_WCRTOMB 1
| #define HAVE_WCSCOLL 1
| #define HAVE_WCSDUP 1
| #define HAVE_WCWIDTH 1
| #define HAVE_WCTYPE 1
| #define HAVE_WCSWIDTH 1
| #define HAVE_MBRTOWC 1
| #define HAVE_MBSTATE_T 1
| #define HAVE_ISWLOWER 1
| #define HAVE_ISWUPPER 1
| #define HAVE_TOWLOWER 1
| #define HAVE_TOWUPPER 1
| #define HAVE_ISWCTYPE 1
| #define HAVE_WCHAR_T 1
| #define HAVE_WCTYPE_T 1
| #define HAVE_WINT_T 1
| #define SIZEOF_WCHAR_T 4
| #define HAVE_LIBDL 1
| #define HAVE_DLOPEN 1
| #define HAVE_DLCLOSE 1
| #define HAVE_DLSYM 1
| #define GETGROUPS_T gid_t
| #define HAVE_UINTPTR_T 1
| #define HAVE_LONG_LONG_INT 1
| #define HAVE_UNSIGNED_LONG_LONG_INT 1
| #define SIZEOF_CHAR 1
| #define SIZEOF_SHORT 2
| #define SIZEOF_INT 4
| #define SIZEOF_LONG 8
| #define SIZEOF_CHAR_P 8
| #define SIZEOF_SIZE_T 8
| #define SIZEOF_DOUBLE 8
| #define SIZEOF_LONG_LONG 8
| #define bits16_t short
| #define u_bits16_t unsigned short
| #define bits32_t int
| #define u_bits32_t unsigned int
| #define bits64_t char *
| #define HAVE_HASH_BANG_EXEC 1
| #define HAVE_POSIX_SIGNALS 1
| #define HAVE_SYS_ERRLIST 1
| #define HAVE_DECL_SYS_SIGLIST 0
| #define HAVE_SOCKLEN_T 1
| #define HAVE_QUAD_T 1
| #define RLIMTYPE rlim_t
| #define HAVE_INTMAX_T 1
| #define HAVE_UINTMAX_T 1
| #define SIZEOF_INTMAX_T 8
| #define TERMIOS_LDISC 1
| #define TERMIO_LDISC 1
| #define HAVE_STRUCT_DIRENT_D_INO 1
| #define HAVE_STRUCT_DIRENT_D_INO 1
| #define HAVE_STRUCT_DIRENT_D_FILENO 1
| #define HAVE_STRUCT_DIRENT_D_FILENO 1
| /* end confdefs.h.  */
| 
| #include <stdio.h>
| #include <sys/types.h>
| #ifdef HAVE_UNISTD_H
| # include <unistd.h>
| #endif /* HAVE_UNISTD_H */
| #if defined(HAVE_DIRENT_H)
| # include <dirent.h>
| #else
| # define dirent direct
| # ifdef HAVE_SYS_NDIR_H
| #  include <sys/ndir.h>
| # endif /* SYSNDIR */
| # ifdef HAVE_SYS_DIR_H
| #  include <sys/dir.h>
| # endif /* SYSDIR */
| # ifdef HAVE_NDIR_H
| #  include <ndir.h>
| # endif
| #endif /* HAVE_DIRENT_H */
| 
| 
| int
| main (void)
| {
| static struct dirent ac_aggr;
| if (ac_aggr.d_namlen)
| return 0;
|   ;
|   return 0;
| }
configure:19086: /usr/bin/clang -c -g -O2  conftest.c >&5
conftest.c:408:20: error: no member named 'd_namlen' in 'struct dirent'; did you mean 'd_name'?
  408 | if (sizeof ac_aggr.d_namlen)
      |                    ^~~~~~~~
      |                    d_name
/usr/include/x86_64-linux-gnu/bits/dirent.h:33:10: note: 'd_name' declared here
   33 |     char d_name[256];           /* We must not include limits.h! */
      |          ^
1 error generated.
configure:19086: $? = 1
configure: failed program was:
| /* confdefs.h */
| #define PACKAGE_NAME "bash"
| #define PACKAGE_TARNAME "bash"
| #define PACKAGE_VERSION "5.2-release"
| #define PACKAGE_STRING "bash 5.2-release"
| #define PACKAGE_BUGREPORT "bug-bash@gnu.org"
| #define PACKAGE_URL ""
| #define USING_BASH_MALLOC 1
| #define ALIAS 1
| #define PUSHD_AND_POPD 1
| #define RESTRICTED_SHELL 1
| #define PROCESS_SUBSTITUTION 1
| #define PROMPT_STRING_DECODE 1
| #define SELECT_COMMAND 1
| #define HELP_BUILTIN 1
| #define ARRAY_VARS 1
| #define DPAREN_ARITHMETIC 1
| #define BRACE_EXPANSION 1
| #define COMMAND_TIMING 1
| #define EXTENDED_GLOB 1
| #define EXTGLOB_DEFAULT 0
| #define COND_COMMAND 1
| #define COND_REGEXP 1
| #define COPROCESS_SUPPORT 1
| #define ARITH_FOR_COMMAND 1
| #define NETWORK_REDIRECTIONS 1
| #define PROGRAMMABLE_COMPLETION 1
| #define DEBUGGER 1
| #define CASEMOD_ATTRS 1
| #define CASEMOD_EXPANSIONS 1
| #define GLOBASCII_DEFAULT 1
| #define FUNCTION_IMPORT 1
| #define TRANSLATABLE_STRINGS 1
| #define MEMSCRAMBLE 1
| #define HAVE_STDIO_H 1
| #define HAVE_STDLIB_H 1
| #define HAVE_STRING_H 1
| #define HAVE_INTTYPES_H 1
| #define HAVE_STDINT_H 1
| #define HAVE_STRINGS_H 1
| #define HAVE_SYS_STAT_H 1
| #define HAVE_SYS_TYPES_H 1
| #define HAVE_UNISTD_H 1
| #define HAVE_WCHAR_H 1
| #define HAVE_SYS_PARAM_H 1
| #define HAVE_SYS_TIME_H 1
| #define STDC_HEADERS 1
| #define _ALL_SOURCE 1
| #define _DARWIN_C_SOURCE 1
| #define _GNU_SOURCE 1
| #define _HPUX_ALT_XOPEN_SOCKET_API 1
| #define _NETBSD_SOURCE 1
| #define _OPENBSD_SOURCE 1
| #define _POSIX_PTHREAD_SEMANTICS 1
| #define __STDC_WANT_IEC_60559_ATTRIBS_EXT__ 1
| #define __STDC_WANT_IEC_60559_BFP_EXT__ 1
| #define __STDC_WANT_IEC_60559_DFP_EXT__ 1
| #define __STDC_WANT_IEC_60559_FUNCS_EXT__ 1
| #define __STDC_WANT_IEC_60559_TYPES_EXT__ 1
| #define __STDC_WANT_LIB_EXT2__ 1
| #define __STDC_WANT_MATH_SPEC_FUNCS__ 1
| #define _TANDEM_SOURCE 1
| #define __EXTENSIONS__ 1
| #define READLINE 1
| #define HISTORY 1
| #define BANG_HISTORY 1
| #define HAVE_STRINGIZE 1
| #define HAVE_LONG_DOUBLE 1
| #define PROTOTYPES 1
| #define __PROTOTYPES 1
| #define restrict __restrict__
| #define HAVE_VISIBILITY 1
| #define HAVE_STDINT_H_WITH_UINTMAX 1
| #define HAVE_ALLOCA_H 1
| #define HAVE_ALLOCA 1
| #define HAVE_GETPAGESIZE 1
| #define HAVE_SYMLINK 1
| #define HAVE_USELOCALE 1
| #define HAVE_VPRINTF 1
| #define HAVE_ALARM 1
| #define HAVE___FPURGE 1
| #define HAVE_SNPRINTF 1
| #define HAVE_VSNPRINTF 1
| #define HAVE_MMAP 1
| #define INTDIV0_RAISES_SIGFPE 1
| #define HAVE_INTTYPES_H_WITH_UINTMAX 1
| #define HAVE_UNSIGNED_LONG_LONG_INT 1
| #define HAVE_UINTMAX_T 1
| #define HAVE_INTTYPES_H 1
| #define USE_POSIX_THREADS 1
| #define USE_POSIX_THREADS_WEAK 1
| #define HAVE_PTHREAD_RWLOCK 1
| #define HAVE_PTHREAD_MUTEX_RECURSIVE 1
| #define HAVE_ICONV 1
| #define ICONV_CONST 
| #define HAVE_BUILTIN_EXPECT 1
| #define HAVE_ARGZ_H 1
| #define HAVE_INTTYPES_H 1
| #define HAVE_LIMITS_H 1
| #define HAVE_UNISTD_H 1
| #define HAVE_SYS_PARAM_H 1
| #define HAVE_GETCWD 1
| #define HAVE_GETEGID 1
| #define HAVE_GETEUID 1
| #define HAVE_GETGID 1
| #define HAVE_GETUID 1
| #define HAVE_MEMPCPY 1
| #define HAVE_MUNMAP 1
| #define HAVE_STPCPY 1
| #define HAVE_STRCASECMP 1
| #define HAVE_STRDUP 1
| #define HAVE_STRTOUL 1
| #define HAVE_TSEARCH 1
| #define HAVE_ARGZ_COUNT 1
| #define HAVE_ARGZ_STRINGIFY 1
| #define HAVE_ARGZ_NEXT 1
| #define HAVE___FSETLOCKING 1
| #define HAVE_LOCALECONV 1
| #define HAVE_DECL_FEOF_UNLOCKED 1
| #define HAVE_DECL_FGETS_UNLOCKED 1
| #define HAVE_LONG_LONG_INT 1
| #define HAVE_WCHAR_T 1
| #define HAVE_WINT_T 1
| #define HAVE_INTMAX_T 1
| #define HAVE_POSIX_PRINTF 1
| #define HAVE_STDINT_H 1
| #define HAVE_STDINT_H 1
| #define HAVE_WORKING_O_NOATIME 1
| #define HAVE_WORKING_O_NOFOLLOW 1
| #define HAVE_WORKING_USELOCALE 1
| #define FLEXIBLE_ARRAY_MEMBER /**/
| #define HAVE_FEATURES_H 1
| #define HAVE_STDDEF_H 1
| #define HAVE_STDLIB_H 1
| #define HAVE_STRING_H 1
| #define HAVE_ASPRINTF 1
| #define HAVE_FWPRINTF 1
| #define HAVE_NEWLOCALE 1
| #define HAVE_PUTENV 1
| #define HAVE_SETENV 1
| #define HAVE_SETLOCALE 1
| #define HAVE_SNPRINTF 1
| #define HAVE_STRNLEN 1
| #define HAVE_USELOCALE 1
| #define HAVE_WCSLEN 1
| #define HAVE_WCSNLEN 1
| #define HAVE_MBRTOWC 1
| #define HAVE_WCRTOMB 1
| #define HAVE_DECL__SNPRINTF 0
| #define HAVE_DECL__SNWPRINTF 0
| #define HAVE_DECL_GETC_UNLOCKED 1
| #define HAVE_LANGINFO_CODESET 1
| #define HAVE_LC_MESSAGES 1
| #define ENABLE_NLS 1
| #define HAVE_GETTEXT 1
| #define HAVE_DCGETTEXT 1
| #define HAVE_DIRENT_H 1
| #define MAJOR_IN_SYSMACROS 1
| #define HAVE_INTTYPES_H 1
| #define HAVE_UNISTD_H 1
| #define HAVE_STDLIB_H 1
| #define HAVE_STDARG_H 1
| #define HAVE_LIMITS_H 1
| #define HAVE_STRING_H 1
| #define HAVE_MEMORY_H 1
| #define HAVE_LOCALE_H 1
| #define HAVE_TERMCAP_H 1
| #define HAVE_TERMIO_H 1
| #define HAVE_TERMIOS_H 1
| #define HAVE_DLFCN_H 1
| #define HAVE_STDBOOL_H 1
| #define HAVE_STDDEF_H 1
| #define HAVE_STDINT_H 1
| #define HAVE_NETDB_H 1
| #define HAVE_PWD_H 1
| #define HAVE_GRP_H 1
| #define HAVE_STRINGS_H 1
| #define HAVE_REGEX_H 1
| #define HAVE_SYSLOG_H 1
| #define HAVE_ULIMIT_H 1
| #define HAVE_SYS_SELECT_H 1
| #define HAVE_SYS_FILE_H 1
| #define HAVE_SYS_IOCTL_H 1
| #define HAVE_SYS_MMAN_H 1
| #define HAVE_SYS_PARAM_H 1
| #define HAVE_SYS_RANDOM_H 1
| #define HAVE_SYS_SOCKET_H 1
| #define HAVE_SYS_STAT_H 1
| #define HAVE_SYS_TIME_H 1
| #define HAVE_SYS_TIMES_H 1
| #define HAVE_SYS_TYPES_H 1
| #define HAVE_SYS_WAIT_H 1
| #define HAVE_NETINET_IN_H 1
| #define HAVE_ARPA_INET_H 1
| #define HAVE_SYS_RESOURCE_H 1
| #define HAVE_ALLOCA_H 1
| #define HAVE_ALLOCA 1
| #define HAVE_CHOWN 1
| #define GETPGRP_VOID 1
| #define HAVE_STRCOLL 1
| #define HAVE_WAIT3 1
| #define HAVE_MKFIFO 1
| #define HAVE_DUP2 1
| #define HAVE_EACCESS 1
| #define HAVE_FCNTL 1
| #define HAVE_GETDTABLESIZE 1
| #define HAVE_GETENTROPY 1
| #define HAVE_GETGROUPS 1
| #define HAVE_GETHOSTNAME 1
| #define HAVE_GETPAGESIZE 1
| #define HAVE_GETPEERNAME 1
| #define HAVE_GETRANDOM 1
| #define HAVE_GETRLIMIT 1
| #define HAVE_GETRUSAGE 1
| #define HAVE_GETTIMEOFDAY 1
| #define HAVE_KILL 1
| #define HAVE_KILLPG 1
| #define HAVE_LSTAT 1
| #define HAVE_PSELECT 1
| #define HAVE_READLINK 1
| #define HAVE_SELECT 1
| #define HAVE_SETITIMER 1
| #define HAVE_TCGETPGRP 1
| #define HAVE_UNAME 1
| #define HAVE_ULIMIT 1
| #define HAVE_WAITPID 1
| #define HAVE_RENAME 1
| #define HAVE_BCOPY 1
| #define HAVE_BZERO 1
| #define HAVE_CONFSTR 1
| #define HAVE_FACCESSAT 1
| #define HAVE_FNMATCH 1
| #define HAVE_GETADDRINFO 1
| #define HAVE_GETHOSTBYNAME 1
| #define HAVE_GETSERVBYNAME 1
| #define HAVE_GETSERVENT 1
| #define HAVE_INET_ATON 1
| #define HAVE_IMAXDIV 1
| #define HAVE_MEMMOVE 1
| #define HAVE_PATHCONF 1
| #define HAVE_PUTENV 1
| #define HAVE_RAISE 1
| #define HAVE_RANDOM 1
| #define HAVE_REGCOMP 1
| #define HAVE_REGEXEC 1
| #define HAVE_SETENV 1
| #define HAVE_SETLINEBUF 1
| #define HAVE_SETLOCALE 1
| #define HAVE_SETVBUF 1
| #define HAVE_SIGINTERRUPT 1
| #define HAVE_STRCHR 1
| #define HAVE_SYSCONF 1
| #define HAVE_SYSLOG 1
| #define HAVE_TCGETATTR 1
| #define HAVE_TIMES 1
| #define HAVE_TTYNAME 1
| #define HAVE_TZSET 1
| #define HAVE_UNSETENV 1
| #define HAVE_VASPRINTF 1
| #define HAVE_ASPRINTF 1
| #define HAVE_ISASCII 1
| #define HAVE_ISBLANK 1
| #define HAVE_ISGRAPH 1
| #define HAVE_ISPRINT 1
| #define HAVE_ISSPACE 1
| #define HAVE_ISXDIGIT 1
| #define HAVE_GETPWENT 1
| #define HAVE_GETPWNAM 1
| #define HAVE_GETPWUID 1
| #define HAVE_MKSTEMP 1
| #define HAVE_MKDTEMP 1
| #define HAVE_ARC4RANDOM 1
| #define HAVE_GETCWD 1
| #define HAVE_MEMSET 1
| #define HAVE_STRCASECMP 1
| #define HAVE_STRCASESTR 1
| #define HAVE_STRERROR 1
| #define HAVE_STRFTIME 1
| #define HAVE_STRNLEN 1
| #define HAVE_STRPBRK 1
| #define HAVE_STRSTR 1
| #define HAVE_STRTOD 1
| #define HAVE_STRTOL 1
| #define HAVE_STRTOUL 1
| #define HAVE_STRTOLL 1
| #define HAVE_STRTOULL 1
| #define HAVE_STRTOUMAX 1
| #define HAVE_DPRINTF 1
| #define HAVE_STRCHRNUL 1
| #define HAVE_STRDUP 1
| #define HAVE_DECL_AUDIT_USER_TTY 1
| #define HAVE_DECL_CONFSTR 1
| #define HAVE_DECL_PRINTF 1
| #define HAVE_DECL_SBRK 1
| #define HAVE_DECL_SETREGID 1
| #define HAVE_DECL_STRCPY 1
| #define HAVE_DECL_STRSIGNAL 1
| #define HAVE_SETRESUID 1
| #define HAVE_SETRESGID 1
| #define HAVE_DECL_STRTOLD 1
| #define HAVE_DECL_STRTOL 1
| #define HAVE_DECL_STRTOLL 1
| #define HAVE_DECL_STRTOUL 1
| #define HAVE_DECL_STRTOULL 1
| #define HAVE_DECL_STRTOUMAX 1
| #define HAVE_ARGZ_H 1
| #define HAVE_ERRNO_H 1
| #define HAVE_FCNTL_H 1
| #define HAVE_MALLOC_H 1
| #define HAVE_STDIO_EXT_H 1
| #define HAVE_MMAP 1
| #define HAVE___ARGZ_COUNT 1
| #define HAVE___ARGZ_NEXT 1
| #define HAVE___ARGZ_STRINGIFY 1
| #define HAVE_DCGETTEXT 1
| #define HAVE_MEMPCPY 1
| #define HAVE_MUNMAP 1
| #define HAVE_MREMAP 1
| #define HAVE_STPCPY 1
| #define HAVE_STRCSPN 1
| #define HAVE_WCTYPE_H 1
| #define HAVE_WCHAR_H 1
| #define HAVE_LANGINFO_H 1
| #define HAVE_MBRLEN 1
| #define HAVE_MBSNRTOWCS 1
| #define HAVE_MBSRTOWCS 1
| #define HAVE_WCRTOMB 1
| #define HAVE_WCSCOLL 1
| #define HAVE_WCSDUP 1
| #define HAVE_WCWIDTH 1
| #define HAVE_WCTYPE 1
| #define HAVE_WCSWIDTH 1
| #define HAVE_MBRTOWC 1
| #define HAVE_MBSTATE_T 1
| #define HAVE_ISWLOWER 1
| #define HAVE_ISWUPPER 1
| #define HAVE_TOWLOWER 1
| #define HAVE_TOWUPPER 1
| #define HAVE_ISWCTYPE 1
| #define HAVE_WCHAR_T 1
| #define HAVE_WCTYPE_T 1
| #define HAVE_WINT_T 1
| #define SIZEOF_WCHAR_T 4
| #define HAVE_LIBDL 1
| #define HAVE_DLOPEN 1
| #define HAVE_DLCLOSE 1
| #define HAVE_DLSYM 1
| #define GETGROUPS_T gid_t
| #define HAVE_UINTPTR_T 1
| #define HAVE_LONG_LONG_INT 1
| #define HAVE_UNSIGNED_LONG_LONG_INT 1
| #define SIZEOF_CHAR 1
| #define SIZEOF_SHORT 2
| #define SIZEOF_INT 4
| #define SIZEOF_LONG 8
| #define SIZEOF_CHAR_P 8
| #define SIZEOF_SIZE_T 8
| #define SIZEOF_DOUBLE 8
| #define SIZEOF_LONG_LONG 8
| #define bits16_t short
| #define u_bits16_t unsigned short
| #define bits32_t int
| #define u_bits32_t unsigned int
| #define bits64_t char *
| #define HAVE_HASH_BANG_EXEC 1
| #define HAVE_POSIX_SIGNALS 1
| #define HAVE_SYS_ERRLIST 1
| #define HAVE_DECL_SYS_SIGLIST 0
| #define HAVE_SOCKLEN_T 1
| #define HAVE_QUAD_T 1
| #define RLIMTYPE rlim_t
| #define HAVE_INTMAX_T 1
| #define HAVE_UINTMAX_T 1
| #define SIZEOF_INTMAX_T 8
| #define TERMIOS_LDISC 1
| #define TERMIO_LDISC 1
| #define HAVE_STRUCT_DIRENT_D_INO 1
| #define HAVE_STRUCT_DIRENT_D_INO 1
| #define HAVE_STRUCT_DIRENT_D_FILENO 1
| #define HAVE_STRUCT_DIRENT_D_FILENO 1
| /* end confdefs.h.  */
| 
| #include <stdio.h>
| #include <sys/types.h>
| #ifdef HAVE_UNISTD_H
| # include <unistd.h>
| #endif /* HAVE_UNISTD_H */
| #if defined(HAVE_DIRENT_H)
| # include <dirent.h>
| #else
| # define dirent direct
| # ifdef HAVE_SYS_NDIR_H
| #  include <sys/ndir.h>
| # endif /* SYSNDIR */
| # ifdef HAVE_SYS_DIR_H
| #  include <sys/dir.h>
| # endif /* SYSDIR */
| # ifdef HAVE_NDIR_H
| #  include <ndir.h>
| # endif
| #endif /* HAVE_DIRENT_H */
| 
| 
| int
| main (void)
| {
| static struct dirent ac_aggr;
| if (sizeof ac_aggr.d_namlen)
| return 0;
|   ;
|   return 0;
| }
configure:19086: result: no
configure:19121: result: no
configure:19128: checking for struct winsize in sys/ioctl.h and termios.h
configure:19156: /usr/bin/clang -c -g -O2  conftest.c >&5
configure:19156: $? = 0
configure:19188: /usr/bin/clang -c -g -O2  conftest.c >&5
conftest.c:390:16: error: variable has incomplete type 'struct winsize'
  390 | struct winsize x;
      |                ^
conftest.c:390:8: note: forward declaration of 'struct winsize'
  390 | struct winsize x;
      |        ^
1 error generated.
configure:19188: $? = 1
configure: failed program was:
| /* confdefs.h */
| #define PACKAGE_NAME "bash"
| #define PACKAGE_TARNAME "bash"
| #define PACKAGE_VERSION "5.2-release"
| #define PACKAGE_STRING "bash 5.2-release"
| #define PACKAGE_BUGREPORT "bug-bash@gnu.org"
| #define PACKAGE_URL ""
| #define USING_BASH_MALLOC 1
| #define ALIAS 1
| #define PUSHD_AND_POPD 1
| #define RESTRICTED_SHELL 1
| #define PROCESS_SUBSTITUTION 1
| #define PROMPT_STRING_DECODE 1
| #define SELECT_COMMAND 1
| #define HELP_BUILTIN 1
| #define ARRAY_VARS 1
| #define DPAREN_ARITHMETIC 1
| #define BRACE_EXPANSION 1
| #define COMMAND_TIMING 1
| #define EXTENDED_GLOB 1
| #define EXTGLOB_DEFAULT 0
| #define COND_COMMAND 1
| #define COND_REGEXP 1
| #define COPROCESS_SUPPORT 1
| #define ARITH_FOR_COMMAND 1
| #define NETWORK_REDIRECTIONS 1
| #define PROGRAMMABLE_COMPLETION 1
| #define DEBUGGER 1
| #define CASEMOD_ATTRS 1
| #define CASEMOD_EXPANSIONS 1
| #define GLOBASCII_DEFAULT 1
| #define FUNCTION_IMPORT 1
| #define TRANSLATABLE_STRINGS 1
| #define MEMSCRAMBLE 1
| #define HAVE_STDIO_H 1
| #define HAVE_STDLIB_H 1
| #define HAVE_STRING_H 1
| #define HAVE_INTTYPES_H 1
| #define HAVE_STDINT_H 1
| #define HAVE_STRINGS_H 1
| #define HAVE_SYS_STAT_H 1
| #define HAVE_SYS_TYPES_H 1
| #define HAVE_UNISTD_H 1
| #define HAVE_WCHAR_H 1
| #define HAVE_SYS_PARAM_H 1
| #define HAVE_SYS_TIME_H 1
| #define STDC_HEADERS 1
| #define _ALL_SOURCE 1
| #define _DARWIN_C_SOURCE 1
| #define _GNU_SOURCE 1
| #define _HPUX_ALT_XOPEN_SOCKET_API 1
| #define _NETBSD_SOURCE 1
| #define _OPENBSD_SOURCE 1
| #define _POSIX_PTHREAD_SEMANTICS 1
| #define __STDC_WANT_IEC_60559_ATTRIBS_EXT__ 1
| #define __STDC_WANT_IEC_60559_BFP_EXT__ 1
| #define __STDC_WANT_IEC_60559_DFP_EXT__ 1
| #define __STDC_WANT_IEC_60559_FUNCS_EXT__ 1
| #define __STDC_WANT_IEC_60559_TYPES_EXT__ 1
| #define __STDC_WANT_LIB_EXT2__ 1
| #define __STDC_WANT_MATH_SPEC_FUNCS__ 1
| #define _TANDEM_SOURCE 1
| #define __EXTENSIONS__ 1
| #define READLINE 1
| #define HISTORY 1
| #define BANG_HISTORY 1
| #define HAVE_STRINGIZE 1
| #define HAVE_LONG_DOUBLE 1
| #define PROTOTYPES 1
| #define __PROTOTYPES 1
| #define restrict __restrict__
| #define HAVE_VISIBILITY 1
| #define HAVE_STDINT_H_WITH_UINTMAX 1
| #define HAVE_ALLOCA_H 1
| #define HAVE_ALLOCA 1
| #define HAVE_GETPAGESIZE 1
| #define HAVE_SYMLINK 1
| #define HAVE_USELOCALE 1
| #define HAVE_VPRINTF 1
| #define HAVE_ALARM 1
| #define HAVE___FPURGE 1
| #define HAVE_SNPRINTF 1
| #define HAVE_VSNPRINTF 1
| #define HAVE_MMAP 1
| #define INTDIV0_RAISES_SIGFPE 1
| #define HAVE_INTTYPES_H_WITH_UINTMAX 1
| #define HAVE_UNSIGNED_LONG_LONG_INT 1
| #define HAVE_UINTMAX_T 1
| #define HAVE_INTTYPES_H 1
| #define USE_POSIX_THREADS 1
| #define USE_POSIX_THREADS_WEAK 1
| #define HAVE_PTHREAD_RWLOCK 1
| #define HAVE_PTHREAD_MUTEX_RECURSIVE 1
| #define HAVE_ICONV 1
| #define ICONV_CONST 
| #define HAVE_BUILTIN_EXPECT 1
| #define HAVE_ARGZ_H 1
| #define HAVE_INTTYPES_H 1
| #define HAVE_LIMITS_H 1
| #define HAVE_UNISTD_H 1
| #define HAVE_SYS_PARAM_H 1
| #define HAVE_GETCWD 1
| #define HAVE_GETEGID 1
| #define HAVE_GETEUID 1
| #define HAVE_GETGID 1
| #define HAVE_GETUID 1
| #define HAVE_MEMPCPY 1
| #define HAVE_MUNMAP 1
| #define HAVE_STPCPY 1
| #define HAVE_STRCASECMP 1
| #define HAVE_STRDUP 1
| #define HAVE_STRTOUL 1
| #define HAVE_TSEARCH 1
| #define HAVE_ARGZ_COUNT 1
| #define HAVE_ARGZ_STRINGIFY 1
| #define HAVE_ARGZ_NEXT 1
| #define HAVE___FSETLOCKING 1
| #define HAVE_LOCALECONV 1
| #define HAVE_DECL_FEOF_UNLOCKED 1
| #define HAVE_DECL_FGETS_UNLOCKED 1
| #define HAVE_LONG_LONG_INT 1
| #define HAVE_WCHAR_T 1
| #define HAVE_WINT_T 1
| #define HAVE_INTMAX_T 1
| #define HAVE_POSIX_PRINTF 1
| #define HAVE_STDINT_H 1
| #define HAVE_STDINT_H 1
| #define HAVE_WORKING_O_NOATIME 1
| #define HAVE_WORKING_O_NOFOLLOW 1
| #define HAVE_WORKING_USELOCALE 1
| #define FLEXIBLE_ARRAY_MEMBER /**/
| #define HAVE_FEATURES_H 1
| #define HAVE_STDDEF_H 1
| #define HAVE_STDLIB_H 1
| #define HAVE_STRING_H 1
| #define HAVE_ASPRINTF 1
| #define HAVE_FWPRINTF 1
| #define HAVE_NEWLOCALE 1
| #define HAVE_PUTENV 1
| #define HAVE_SETENV 1
| #define HAVE_SETLOCALE 1
| #define HAVE_SNPRINTF 1
| #define HAVE_STRNLEN 1
| #define HAVE_USELOCALE 1
| #define HAVE_WCSLEN 1
| #define HAVE_WCSNLEN 1
| #define HAVE_MBRTOWC 1
| #define HAVE_WCRTOMB 1
| #define HAVE_DECL__SNPRINTF 0
| #define HAVE_DECL__SNWPRINTF 0
| #define HAVE_DECL_GETC_UNLOCKED 1
| #define HAVE_LANGINFO_CODESET 1
| #define HAVE_LC_MESSAGES 1
| #define ENABLE_NLS 1
| #define HAVE_GETTEXT 1
| #define HAVE_DCGETTEXT 1
| #define HAVE_DIRENT_H 1
| #define MAJOR_IN_SYSMACROS 1
| #define HAVE_INTTYPES_H 1
| #define HAVE_UNISTD_H 1
| #define HAVE_STDLIB_H 1
| #define HAVE_STDARG_H 1
| #define HAVE_LIMITS_H 1
| #define HAVE_STRING_H 1
| #define HAVE_MEMORY_H 1
| #define HAVE_LOCALE_H 1
| #define HAVE_TERMCAP_H 1
| #define HAVE_TERMIO_H 1
| #define HAVE_TERMIOS_H 1
| #define HAVE_DLFCN_H 1
| #define HAVE_STDBOOL_H 1
| #define HAVE_STDDEF_H 1
| #define HAVE_STDINT_H 1
| #define HAVE_NETDB_H 1
| #define HAVE_PWD_H 1
| #define HAVE_GRP_H 1
| #define HAVE_STRINGS_H 1
| #define HAVE_REGEX_H 1
| #define HAVE_SYSLOG_H 1
| #define HAVE_ULIMIT_H 1
| #define HAVE_SYS_SELECT_H 1
| #define HAVE_SYS_FILE_H 1
| #define HAVE_SYS_IOCTL_H 1
| #define HAVE_SYS_MMAN_H 1
| #define HAVE_SYS_PARAM_H 1
| #define HAVE_SYS_RANDOM_H 1
| #define HAVE_SYS_SOCKET_H 1
| #define HAVE_SYS_STAT_H 1
| #define HAVE_SYS_TIME_H 1
| #define HAVE_SYS_TIMES_H 1
| #define HAVE_SYS_TYPES_H 1
| #define HAVE_SYS_WAIT_H 1
| #define HAVE_NETINET_IN_H 1
| #define HAVE_ARPA_INET_H 1
| #define HAVE_SYS_RESOURCE_H 1
| #define HAVE_ALLOCA_H 1
| #define HAVE_ALLOCA 1
| #define HAVE_CHOWN 1
| #define GETPGRP_VOID 1
| #define HAVE_STRCOLL 1
| #define HAVE_WAIT3 1
| #define HAVE_MKFIFO 1
| #define HAVE_DUP2 1
| #define HAVE_EACCESS 1
| #define HAVE_FCNTL 1
| #define HAVE_GETDTABLESIZE 1
| #define HAVE_GETENTROPY 1
| #define HAVE_GETGROUPS 1
| #define HAVE_GETHOSTNAME 1
| #define HAVE_GETPAGESIZE 1
| #define HAVE_GETPEERNAME 1
| #define HAVE_GETRANDOM 1
| #define HAVE_GETRLIMIT 1
| #define HAVE_GETRUSAGE 1
| #define HAVE_GETTIMEOFDAY 1
| #define HAVE_KILL 1
| #define HAVE_KILLPG 1
| #define HAVE_LSTAT 1
| #define HAVE_PSELECT 1
| #define HAVE_READLINK 1
| #define HAVE_SELECT 1
| #define HAVE_SETITIMER 1
| #define HAVE_TCGETPGRP 1
| #define HAVE_UNAME 1
| #define HAVE_ULIMIT 1
| #define HAVE_WAITPID 1
| #define HAVE_RENAME 1
| #define HAVE_BCOPY 1
| #define HAVE_BZERO 1
| #define HAVE_CONFSTR 1
| #define HAVE_FACCESSAT 1
| #define HAVE_FNMATCH 1
| #define HAVE_GETADDRINFO 1
| #define HAVE_GETHOSTBYNAME 1
| #define HAVE_GETSERVBYNAME 1
| #define HAVE_GETSERVENT 1
| #define HAVE_INET_ATON 1
| #define HAVE_IMAXDIV 1
| #define HAVE_MEMMOVE 1
| #define HAVE_PATHCONF 1
| #define HAVE_PUTENV 1
| #define HAVE_RAISE 1
| #define HAVE_RANDOM 1
| #define HAVE_REGCOMP 1
| #define HAVE_REGEXEC 1
| #define HAVE_SETENV 1
| #define HAVE_SETLINEBUF 1
| #define HAVE_SETLOCALE 1
| #define HAVE_SETVBUF 1
| #define HAVE_SIGINTERRUPT 1
| #define HAVE_STRCHR 1
| #define HAVE_SYSCONF 1
| #define HAVE_SYSLOG 1
| #define HAVE_TCGETATTR 1
| #define HAVE_TIMES 1
| #define HAVE_TTYNAME 1
| #define HAVE_TZSET 1
| #define HAVE_UNSETENV 1
| #define HAVE_VASPRINTF 1
| #define HAVE_ASPRINTF 1
| #define HAVE_ISASCII 1
| #define HAVE_ISBLANK 1
| #define HAVE_ISGRAPH 1
| #define HAVE_ISPRINT 1
| #define HAVE_ISSPACE 1
| #define HAVE_ISXDIGIT 1
| #define HAVE_GETPWENT 1
| #define HAVE_GETPWNAM 1
| #define HAVE_GETPWUID 1
| #define HAVE_MKSTEMP 1
| #define HAVE_MKDTEMP 1
| #define HAVE_ARC4RANDOM 1
| #define HAVE_GETCWD 1
| #define HAVE_MEMSET 1
| #define HAVE_STRCASECMP 1
| #define HAVE_STRCASESTR 1
| #define HAVE_STRERROR 1
| #define HAVE_STRFTIME 1
| #define HAVE_STRNLEN 1
| #define HAVE_STRPBRK 1
| #define HAVE_STRSTR 1
| #define HAVE_STRTOD 1
| #define HAVE_STRTOL 1
| #define HAVE_STRTOUL 1
| #define HAVE_STRTOLL 1
| #define HAVE_STRTOULL 1
| #define HAVE_STRTOUMAX 1
| #define HAVE_DPRINTF 1
| #define HAVE_STRCHRNUL 1
| #define HAVE_STRDUP 1
| #define HAVE_DECL_AUDIT_USER_TTY 1
| #define HAVE_DECL_CONFSTR 1
| #define HAVE_DECL_PRINTF 1
| #define HAVE_DECL_SBRK 1
| #define HAVE_DECL_SETREGID 1
| #define HAVE_DECL_STRCPY 1
| #define HAVE_DECL_STRSIGNAL 1
| #define HAVE_SETRESUID 1
| #define HAVE_SETRESGID 1
| #define HAVE_DECL_STRTOLD 1
| #define HAVE_DECL_STRTOL 1
| #define HAVE_DECL_STRTOLL 1
| #define HAVE_DECL_STRTOUL 1
| #define HAVE_DECL_STRTOULL 1
| #define HAVE_DECL_STRTOUMAX 1
| #define HAVE_ARGZ_H 1
| #define HAVE_ERRNO_H 1
| #define HAVE_FCNTL_H 1
| #define HAVE_MALLOC_H 1
| #define HAVE_STDIO_EXT_H 1
| #define HAVE_MMAP 1
| #define HAVE___ARGZ_COUNT 1
| #define HAVE___ARGZ_NEXT 1
| #define HAVE___ARGZ_STRINGIFY 1
| #define HAVE_DCGETTEXT 1
| #define HAVE_MEMPCPY 1
| #define HAVE_MUNMAP 1
| #define HAVE_MREMAP 1
| #define HAVE_STPCPY 1
| #define HAVE_STRCSPN 1
| #define HAVE_WCTYPE_H 1
| #define HAVE_WCHAR_H 1
| #define HAVE_LANGINFO_H 1
| #define HAVE_MBRLEN 1
| #define HAVE_MBSNRTOWCS 1
| #define HAVE_MBSRTOWCS 1
| #define HAVE_WCRTOMB 1
| #define HAVE_WCSCOLL 1
| #define HAVE_WCSDUP 1
| #define HAVE_WCWIDTH 1
| #define HAVE_WCTYPE 1
| #define HAVE_WCSWIDTH 1
| #define HAVE_MBRTOWC 1
| #define HAVE_MBSTATE_T 1
| #define HAVE_ISWLOWER 1
| #define HAVE_ISWUPPER 1
| #define HAVE_TOWLOWER 1
| #define HAVE_TOWUPPER 1
| #define HAVE_ISWCTYPE 1
| #define HAVE_WCHAR_T 1
| #define HAVE_WCTYPE_T 1
| #define HAVE_WINT_T 1
| #define SIZEOF_WCHAR_T 4
| #define HAVE_LIBDL 1
| #define HAVE_DLOPEN 1
| #define HAVE_DLCLOSE 1
| #define HAVE_DLSYM 1
| #define GETGROUPS_T gid_t
| #define HAVE_UINTPTR_T 1
| #define HAVE_LONG_LONG_INT 1
| #define HAVE_UNSIGNED_LONG_LONG_INT 1
| #define SIZEOF_CHAR 1
| #define SIZEOF_SHORT 2
| #define SIZEOF_INT 4
| #define SIZEOF_LONG 8
| #define SIZEOF_CHAR_P 8
| #define SIZEOF_SIZE_T 8
| #define SIZEOF_DOUBLE 8
| #define SIZEOF_LONG_LONG 8
| #define bits16_t short
| #define u_bits16_t unsigned short
| #define bits32_t int
| #define u_bits32_t unsigned int
| #define bits64_t char *
| #define HAVE_HASH_BANG_EXEC 1
| #define HAVE_POSIX_SIGNALS 1
| #define HAVE_SYS_ERRLIST 1
| #define HAVE_DECL_SYS_SIGLIST 0
| #define HAVE_SOCKLEN_T 1
| #define HAVE_QUAD_T 1
| #define RLIMTYPE rlim_t
| #define HAVE_INTMAX_T 1
| #define HAVE_UINTMAX_T 1
| #define SIZEOF_INTMAX_T 8
| #define TERMIOS_LDISC 1
| #define TERMIO_LDISC 1
| #define HAVE_STRUCT_DIRENT_D_INO 1
| #define HAVE_STRUCT_DIRENT_D_INO 1
| #define HAVE_STRUCT_DIRENT_D_FILENO 1
| #define HAVE_STRUCT_DIRENT_D_FILENO 1
| /* end confdefs.h.  */
| 
| #include <sys/types.h>
| #include <sys/termios.h>
| 
| int
| main (void)
| {
| 
| struct winsize x;
| if (sizeof (x) > 0) return (0);
| 
|   ;
|   return 0;
| }
configure:19211: result: sys/ioctl.h
configure:19225: checking for struct timeval in sys/time.h and time.h
configure:19247: /usr/bin/clang -c -g -O2  conftest.c >&5
configure:19247: $? = 0
configure:19257: result: yes
configure:19264: checking for struct stat.st_blocks
configure:19264: /usr/bin/clang -c -g -O2  conftest.c >&5
configure:19264: $? = 0
configure:19264: result: yes
configure:19273: checking whether struct tm is in sys/time.h or time.h
configure:19294: /usr/bin/clang -c -g -O2  conftest.c >&5
configure:19294: $? = 0
configure:19302: result: time.h
configure:19310: checking for struct tm.tm_zone
configure:19310: /usr/bin/clang -c -g -O2  conftest.c >&5
configure:19310: $? = 0
configure:19310: result: yes
configure:19376: checking for struct timezone in sys/time.h and time.h
configure:19413: result: yes
configure:19421: checking for offset of exit status in return status from wait
configure:19472: /usr/bin/clang -o conftest -g -O2   conftest.c -ldl  >&5
conftest.c:395:1: warning: a function definition without a prototype is deprecated in all versions of C and is not supported in C23 [-Wdeprecated-non-prototype]
  395 | main(c, v)
      | ^
1 warning generated.
configure:19472: $? = 0
configure:19472: ./conftest
configure:19472: $? = 8
configure: program exited with status 8
configure: failed program was:
| /* confdefs.h */
| #define PACKAGE_NAME "bash"
| #define PACKAGE_TARNAME "bash"
| #define PACKAGE_VERSION "5.2-release"
| #define PACKAGE_STRING "bash 5.2-release"
| #define PACKAGE_BUGREPORT "bug-bash@gnu.org"
| #define PACKAGE_URL ""
| #define USING_BASH_MALLOC 1
| #define ALIAS 1
| #define PUSHD_AND_POPD 1
| #define RESTRICTED_SHELL 1
| #define PROCESS_SUBSTITUTION 1
| #define PROMPT_STRING_DECODE 1
| #define SELECT_COMMAND 1
| #define HELP_BUILTIN 1
| #define ARRAY_VARS 1
| #define DPAREN_ARITHMETIC 1
| #define BRACE_EXPANSION 1
| #define COMMAND_TIMING 1
| #define EXTENDED_GLOB 1
| #define EXTGLOB_DEFAULT 0
| #define COND_COMMAND 1
| #define COND_REGEXP 1
| #define COPROCESS_SUPPORT 1
| #define ARITH_FOR_COMMAND 1
| #define NETWORK_REDIRECTIONS 1
| #define PROGRAMMABLE_COMPLETION 1
| #define DEBUGGER 1
| #define CASEMOD_ATTRS 1
| #define CASEMOD_EXPANSIONS 1
| #define GLOBASCII_DEFAULT 1
| #define FUNCTION_IMPORT 1
| #define TRANSLATABLE_STRINGS 1
| #define MEMSCRAMBLE 1
| #define HAVE_STDIO_H 1
| #define HAVE_STDLIB_H 1
| #define HAVE_STRING_H 1
| #define HAVE_INTTYPES_H 1
| #define HAVE_STDINT_H 1
| #define HAVE_STRINGS_H 1
| #define HAVE_SYS_STAT_H 1
| #define HAVE_SYS_TYPES_H 1
| #define HAVE_UNISTD_H 1
| #define HAVE_WCHAR_H 1
| #define HAVE_SYS_PARAM_H 1
| #define HAVE_SYS_TIME_H 1
| #define STDC_HEADERS 1
| #define _ALL_SOURCE 1
| #define _DARWIN_C_SOURCE 1
| #define _GNU_SOURCE 1
| #define _HPUX_ALT_XOPEN_SOCKET_API 1
| #define _NETBSD_SOURCE 1
| #define _OPENBSD_SOURCE 1
| #define _POSIX_PTHREAD_SEMANTICS 1
| #define __STDC_WANT_IEC_60559_ATTRIBS_EXT__ 1
| #define __STDC_WANT_IEC_60559_BFP_EXT__ 1
| #define __STDC_WANT_IEC_60559_DFP_EXT__ 1
| #define __STDC_WANT_IEC_60559_FUNCS_EXT__ 1
| #define __STDC_WANT_IEC_60559_TYPES_EXT__ 1
| #define __STDC_WANT_LIB_EXT2__ 1
| #define __STDC_WANT_MATH_SPEC_FUNCS__ 1
| #define _TANDEM_SOURCE 1
| #define __EXTENSIONS__ 1
| #define READLINE 1
| #define HISTORY 1
| #define BANG_HISTORY 1
| #define HAVE_STRINGIZE 1
| #define HAVE_LONG_DOUBLE 1
| #define PROTOTYPES 1
| #define __PROTOTYPES 1
| #define restrict __restrict__
| #define HAVE_VISIBILITY 1
| #define HAVE_STDINT_H_WITH_UINTMAX 1
| #define HAVE_ALLOCA_H 1
| #define HAVE_ALLOCA 1
| #define HAVE_GETPAGESIZE 1
| #define HAVE_SYMLINK 1
| #define HAVE_USELOCALE 1
| #define HAVE_VPRINTF 1
| #define HAVE_ALARM 1
| #define HAVE___FPURGE 1
| #define HAVE_SNPRINTF 1
| #define HAVE_VSNPRINTF 1
| #define HAVE_MMAP 1
| #define INTDIV0_RAISES_SIGFPE 1
| #define HAVE_INTTYPES_H_WITH_UINTMAX 1
| #define HAVE_UNSIGNED_LONG_LONG_INT 1
| #define HAVE_UINTMAX_T 1
| #define HAVE_INTTYPES_H 1
| #define USE_POSIX_THREADS 1
| #define USE_POSIX_THREADS_WEAK 1
| #define HAVE_PTHREAD_RWLOCK 1
| #define HAVE_PTHREAD_MUTEX_RECURSIVE 1
| #define HAVE_ICONV 1
| #define ICONV_CONST 
| #define HAVE_BUILTIN_EXPECT 1
| #define HAVE_ARGZ_H 1
| #define HAVE_INTTYPES_H 1
| #define HAVE_LIMITS_H 1
| #define HAVE_UNISTD_H 1
| #define HAVE_SYS_PARAM_H 1
| #define HAVE_GETCWD 1
| #define HAVE_GETEGID 1
| #define HAVE_GETEUID 1
| #define HAVE_GETGID 1
| #define HAVE_GETUID 1
| #define HAVE_MEMPCPY 1
| #define HAVE_MUNMAP 1
| #define HAVE_STPCPY 1
| #define HAVE_STRCASECMP 1
| #define HAVE_STRDUP 1
| #define HAVE_STRTOUL 1
| #define HAVE_TSEARCH 1
| #define HAVE_ARGZ_COUNT 1
| #define HAVE_ARGZ_STRINGIFY 1
| #define HAVE_ARGZ_NEXT 1
| #define HAVE___FSETLOCKING 1
| #define HAVE_LOCALECONV 1
| #define HAVE_DECL_FEOF_UNLOCKED 1
| #define HAVE_DECL_FGETS_UNLOCKED 1
| #define HAVE_LONG_LONG_INT 1
| #define HAVE_WCHAR_T 1
| #define HAVE_WINT_T 1
| #define HAVE_INTMAX_T 1
| #define HAVE_POSIX_PRINTF 1
| #define HAVE_STDINT_H 1
| #define HAVE_STDINT_H 1
| #define HAVE_WORKING_O_NOATIME 1
| #define HAVE_WORKING_O_NOFOLLOW 1
| #define HAVE_WORKING_USELOCALE 1
| #define FLEXIBLE_ARRAY_MEMBER /**/
| #define HAVE_FEATURES_H 1
| #define HAVE_STDDEF_H 1
| #define HAVE_STDLIB_H 1
| #define HAVE_STRING_H 1
| #define HAVE_ASPRINTF 1
| #define HAVE_FWPRINTF 1
| #define HAVE_NEWLOCALE 1
| #define HAVE_PUTENV 1
| #define HAVE_SETENV 1
| #define HAVE_SETLOCALE 1
| #define HAVE_SNPRINTF 1
| #define HAVE_STRNLEN 1
| #define HAVE_USELOCALE 1
| #define HAVE_WCSLEN 1
| #define HAVE_WCSNLEN 1
| #define HAVE_MBRTOWC 1
| #define HAVE_WCRTOMB 1
| #define HAVE_DECL__SNPRINTF 0
| #define HAVE_DECL__SNWPRINTF 0
| #define HAVE_DECL_GETC_UNLOCKED 1
| #define HAVE_LANGINFO_CODESET 1
| #define HAVE_LC_MESSAGES 1
| #define ENABLE_NLS 1
| #define HAVE_GETTEXT 1
| #define HAVE_DCGETTEXT 1
| #define HAVE_DIRENT_H 1
| #define MAJOR_IN_SYSMACROS 1
| #define HAVE_INTTYPES_H 1
| #define HAVE_UNISTD_H 1
| #define HAVE_STDLIB_H 1
| #define HAVE_STDARG_H 1
| #define HAVE_LIMITS_H 1
| #define HAVE_STRING_H 1
| #define HAVE_MEMORY_H 1
| #define HAVE_LOCALE_H 1
| #define HAVE_TERMCAP_H 1
| #define HAVE_TERMIO_H 1
| #define HAVE_TERMIOS_H 1
| #define HAVE_DLFCN_H 1
| #define HAVE_STDBOOL_H 1
| #define HAVE_STDDEF_H 1
| #define HAVE_STDINT_H 1
| #define HAVE_NETDB_H 1
| #define HAVE_PWD_H 1
| #define HAVE_GRP_H 1
| #define HAVE_STRINGS_H 1
| #define HAVE_REGEX_H 1
| #define HAVE_SYSLOG_H 1
| #define HAVE_ULIMIT_H 1
| #define HAVE_SYS_SELECT_H 1
| #define HAVE_SYS_FILE_H 1
| #define HAVE_SYS_IOCTL_H 1
| #define HAVE_SYS_MMAN_H 1
| #define HAVE_SYS_PARAM_H 1
| #define HAVE_SYS_RANDOM_H 1
| #define HAVE_SYS_SOCKET_H 1
| #define HAVE_SYS_STAT_H 1
| #define HAVE_SYS_TIME_H 1
| #define HAVE_SYS_TIMES_H 1
| #define HAVE_SYS_TYPES_H 1
| #define HAVE_SYS_WAIT_H 1
| #define HAVE_NETINET_IN_H 1
| #define HAVE_ARPA_INET_H 1
| #define HAVE_SYS_RESOURCE_H 1
| #define HAVE_ALLOCA_H 1
| #define HAVE_ALLOCA 1
| #define HAVE_CHOWN 1
| #define GETPGRP_VOID 1
| #define HAVE_STRCOLL 1
| #define HAVE_WAIT3 1
| #define HAVE_MKFIFO 1
| #define HAVE_DUP2 1
| #define HAVE_EACCESS 1
| #define HAVE_FCNTL 1
| #define HAVE_GETDTABLESIZE 1
| #define HAVE_GETENTROPY 1
| #define HAVE_GETGROUPS 1
| #define HAVE_GETHOSTNAME 1
| #define HAVE_GETPAGESIZE 1
| #define HAVE_GETPEERNAME 1
| #define HAVE_GETRANDOM 1
| #define HAVE_GETRLIMIT 1
| #define HAVE_GETRUSAGE 1
| #define HAVE_GETTIMEOFDAY 1
| #define HAVE_KILL 1
| #define HAVE_KILLPG 1
| #define HAVE_LSTAT 1
| #define HAVE_PSELECT 1
| #define HAVE_READLINK 1
| #define HAVE_SELECT 1
| #define HAVE_SETITIMER 1
| #define HAVE_TCGETPGRP 1
| #define HAVE_UNAME 1
| #define HAVE_ULIMIT 1
| #define HAVE_WAITPID 1
| #define HAVE_RENAME 1
| #define HAVE_BCOPY 1
| #define HAVE_BZERO 1
| #define HAVE_CONFSTR 1
| #define HAVE_FACCESSAT 1
| #define HAVE_FNMATCH 1
| #define HAVE_GETADDRINFO 1
| #define HAVE_GETHOSTBYNAME 1
| #define HAVE_GETSERVBYNAME 1
| #define HAVE_GETSERVENT 1
| #define HAVE_INET_ATON 1
| #define HAVE_IMAXDIV 1
| #define HAVE_MEMMOVE 1
| #define HAVE_PATHCONF 1
| #define HAVE_PUTENV 1
| #define HAVE_RAISE 1
| #define HAVE_RANDOM 1
| #define HAVE_REGCOMP 1
| #define HAVE_REGEXEC 1
| #define HAVE_SETENV 1
| #define HAVE_SETLINEBUF 1
| #define HAVE_SETLOCALE 1
| #define HAVE_SETVBUF 1
| #define HAVE_SIGINTERRUPT 1
| #define HAVE_STRCHR 1
| #define HAVE_SYSCONF 1
| #define HAVE_SYSLOG 1
| #define HAVE_TCGETATTR 1
| #define HAVE_TIMES 1
| #define HAVE_TTYNAME 1
| #define HAVE_TZSET 1
| #define HAVE_UNSETENV 1
| #define HAVE_VASPRINTF 1
| #define HAVE_ASPRINTF 1
| #define HAVE_ISASCII 1
| #define HAVE_ISBLANK 1
| #define HAVE_ISGRAPH 1
| #define HAVE_ISPRINT 1
| #define HAVE_ISSPACE 1
| #define HAVE_ISXDIGIT 1
| #define HAVE_GETPWENT 1
| #define HAVE_GETPWNAM 1
| #define HAVE_GETPWUID 1
| #define HAVE_MKSTEMP 1
| #define HAVE_MKDTEMP 1
| #define HAVE_ARC4RANDOM 1
| #define HAVE_GETCWD 1
| #define HAVE_MEMSET 1
| #define HAVE_STRCASECMP 1
| #define HAVE_STRCASESTR 1
| #define HAVE_STRERROR 1
| #define HAVE_STRFTIME 1
| #define HAVE_STRNLEN 1
| #define HAVE_STRPBRK 1
| #define HAVE_STRSTR 1
| #define HAVE_STRTOD 1
| #define HAVE_STRTOL 1
| #define HAVE_STRTOUL 1
| #define HAVE_STRTOLL 1
| #define HAVE_STRTOULL 1
| #define HAVE_STRTOUMAX 1
| #define HAVE_DPRINTF 1
| #define HAVE_STRCHRNUL 1
| #define HAVE_STRDUP 1
| #define HAVE_DECL_AUDIT_USER_TTY 1
| #define HAVE_DECL_CONFSTR 1
| #define HAVE_DECL_PRINTF 1
| #define HAVE_DECL_SBRK 1
| #define HAVE_DECL_SETREGID 1
| #define HAVE_DECL_STRCPY 1
| #define HAVE_DECL_STRSIGNAL 1
| #define HAVE_SETRESUID 1
| #define HAVE_SETRESGID 1
| #define HAVE_DECL_STRTOLD 1
| #define HAVE_DECL_STRTOL 1
| #define HAVE_DECL_STRTOLL 1
| #define HAVE_DECL_STRTOUL 1
| #define HAVE_DECL_STRTOULL 1
| #define HAVE_DECL_STRTOUMAX 1
| #define HAVE_ARGZ_H 1
| #define HAVE_ERRNO_H 1
| #define HAVE_FCNTL_H 1
| #define HAVE_MALLOC_H 1
| #define HAVE_STDIO_EXT_H 1
| #define HAVE_MMAP 1
| #define HAVE___ARGZ_COUNT 1
| #define HAVE___ARGZ_NEXT 1
| #define HAVE___ARGZ_STRINGIFY 1
| #define HAVE_DCGETTEXT 1
| #define HAVE_MEMPCPY 1
| #define HAVE_MUNMAP 1
| #define HAVE_MREMAP 1
| #define HAVE_STPCPY 1
| #define HAVE_STRCSPN 1
| #define HAVE_WCTYPE_H 1
| #define HAVE_WCHAR_H 1
| #define HAVE_LANGINFO_H 1
| #define HAVE_MBRLEN 1
| #define HAVE_MBSNRTOWCS 1
| #define HAVE_MBSRTOWCS 1
| #define HAVE_WCRTOMB 1
| #define HAVE_WCSCOLL 1
| #define HAVE_WCSDUP 1
| #define HAVE_WCWIDTH 1
| #define HAVE_WCTYPE 1
| #define HAVE_WCSWIDTH 1
| #define HAVE_MBRTOWC 1
| #define HAVE_MBSTATE_T 1
| #define HAVE_ISWLOWER 1
| #define HAVE_ISWUPPER 1
| #define HAVE_TOWLOWER 1
| #define HAVE_TOWUPPER 1
| #define HAVE_ISWCTYPE 1
| #define HAVE_WCHAR_T 1
| #define HAVE_WCTYPE_T 1
| #define HAVE_WINT_T 1
| #define SIZEOF_WCHAR_T 4
| #define HAVE_LIBDL 1
| #define HAVE_DLOPEN 1
| #define HAVE_DLCLOSE 1
| #define HAVE_DLSYM 1
| #define GETGROUPS_T gid_t
| #define HAVE_UINTPTR_T 1
| #define HAVE_LONG_LONG_INT 1
| #define HAVE_UNSIGNED_LONG_LONG_INT 1
| #define SIZEOF_CHAR 1
| #define SIZEOF_SHORT 2
| #define SIZEOF_INT 4
| #define SIZEOF_LONG 8
| #define SIZEOF_CHAR_P 8
| #define SIZEOF_SIZE_T 8
| #define SIZEOF_DOUBLE 8
| #define SIZEOF_LONG_LONG 8
| #define bits16_t short
| #define u_bits16_t unsigned short
| #define bits32_t int
| #define u_bits32_t unsigned int
| #define bits64_t char *
| #define HAVE_HASH_BANG_EXEC 1
| #define HAVE_POSIX_SIGNALS 1
| #define HAVE_SYS_ERRLIST 1
| #define HAVE_DECL_SYS_SIGLIST 0
| #define HAVE_SOCKLEN_T 1
| #define HAVE_QUAD_T 1
| #define RLIMTYPE rlim_t
| #define HAVE_INTMAX_T 1
| #define HAVE_UINTMAX_T 1
| #define SIZEOF_INTMAX_T 8
| #define TERMIOS_LDISC 1
| #define TERMIO_LDISC 1
| #define HAVE_STRUCT_DIRENT_D_INO 1
| #define HAVE_STRUCT_DIRENT_D_INO 1
| #define HAVE_STRUCT_DIRENT_D_FILENO 1
| #define HAVE_STRUCT_DIRENT_D_FILENO 1
| #define STRUCT_WINSIZE_IN_SYS_IOCTL 1
| #define HAVE_TIMEVAL 1
| #define HAVE_STRUCT_STAT_ST_BLOCKS 1
| #define HAVE_STRUCT_TM_TM_ZONE 1
| #define HAVE_TM_ZONE 1
| #define HAVE_STRUCT_TIMEZONE 1
| /* end confdefs.h.  */
| 
| #include <stdlib.h>
| #include <unistd.h>
| 
| #include <sys/wait.h>
| 
| int
| main(c, v)
|      int c;
|      char **v;
| {
|   pid_t pid, p;
|   int s, i, n;
| 
|   s = 0;
|   pid = fork();
|   if (pid == 0)
|     exit (42);
| 
|   /* wait for the process */
|   p = wait(&s);
|   if (p != pid)
|     exit (255);
| 
|   /* crack s */
|   for (i = 0; i < (sizeof(s) * 8); i++)
|     {
|       n = (s >> i) & 0xff;
|       if (n == 42)
| 	exit (i);
|     }
| 
|   exit (254);
| }
| 
configure:19489: result: 8
configure:19498: checking for struct timespec in <time.h>
configure:19516: /usr/bin/clang -c -g -O2  conftest.c >&5
configure:19516: $? = 0
configure:19524: result: yes
configure:19619: checking for struct stat.st_atim.tv_nsec
configure:19619: /usr/bin/clang -c -g -O2  conftest.c >&5
configure:19619: $? = 0
configure:19619: result: yes
configure:19627: checking whether struct stat.st_atim is of type struct timespec
configure:19655: /usr/bin/clang -c -g -O2  conftest.c >&5
configure:19655: $? = 0
configure:19663: result: yes
configure:19711: checking for sbrk
configure:19728: /usr/bin/clang -o conftest -g -O2   conftest.c -ldl  >&5
configure:19728: $? = 0
configure:19738: result: yes
configure:19741: checking for working sbrk
configure:19770: /usr/bin/clang -o conftest -g -O2   conftest.c -ldl  >&5
configure:19770: $? = 0
configure:19770: ./conftest
configure:19770: $? = 0
configure:19781: result: yes
configure:19794: checking for the existence of strsignal
configure:19813: /usr/bin/clang -o conftest -g -O2   conftest.c -ldl  >&5
configure:19813: $? = 0
configure:19823: result: yes
configure:19830: checking if opendir() opens non-directories
configure:19891: /usr/bin/clang -o conftest -g -O2   conftest.c -ldl  >&5
configure:19891: $? = 0
configure:19891: ./conftest
configure:19891: $? = 1
configure: program exited with status 1
configure: failed program was:
| /* confdefs.h */
| #define PACKAGE_NAME "bash"
| #define PACKAGE_TARNAME "bash"
| #define PACKAGE_VERSION "5.2-release"
| #define PACKAGE_STRING "bash 5.2-release"
| #define PACKAGE_BUGREPORT "bug-bash@gnu.org"
| #define PACKAGE_URL ""
| #define USING_BASH_MALLOC 1
| #define ALIAS 1
| #define PUSHD_AND_POPD 1
| #define RESTRICTED_SHELL 1
| #define PROCESS_SUBSTITUTION 1
| #define PROMPT_STRING_DECODE 1
| #define SELECT_COMMAND 1
| #define HELP_BUILTIN 1
| #define ARRAY_VARS 1
| #define DPAREN_ARITHMETIC 1
| #define BRACE_EXPANSION 1
| #define COMMAND_TIMING 1
| #define EXTENDED_GLOB 1
| #define EXTGLOB_DEFAULT 0
| #define COND_COMMAND 1
| #define COND_REGEXP 1
| #define COPROCESS_SUPPORT 1
| #define ARITH_FOR_COMMAND 1
| #define NETWORK_REDIRECTIONS 1
| #define PROGRAMMABLE_COMPLETION 1
| #define DEBUGGER 1
| #define CASEMOD_ATTRS 1
| #define CASEMOD_EXPANSIONS 1
| #define GLOBASCII_DEFAULT 1
| #define FUNCTION_IMPORT 1
| #define TRANSLATABLE_STRINGS 1
| #define MEMSCRAMBLE 1
| #define HAVE_STDIO_H 1
| #define HAVE_STDLIB_H 1
| #define HAVE_STRING_H 1
| #define HAVE_INTTYPES_H 1
| #define HAVE_STDINT_H 1
| #define HAVE_STRINGS_H 1
| #define HAVE_SYS_STAT_H 1
| #define HAVE_SYS_TYPES_H 1
| #define HAVE_UNISTD_H 1
| #define HAVE_WCHAR_H 1
| #define HAVE_SYS_PARAM_H 1
| #define HAVE_SYS_TIME_H 1
| #define STDC_HEADERS 1
| #define _ALL_SOURCE 1
| #define _DARWIN_C_SOURCE 1
| #define _GNU_SOURCE 1
| #define _HPUX_ALT_XOPEN_SOCKET_API 1
| #define _NETBSD_SOURCE 1
| #define _OPENBSD_SOURCE 1
| #define _POSIX_PTHREAD_SEMANTICS 1
| #define __STDC_WANT_IEC_60559_ATTRIBS_EXT__ 1
| #define __STDC_WANT_IEC_60559_BFP_EXT__ 1
| #define __STDC_WANT_IEC_60559_DFP_EXT__ 1
| #define __STDC_WANT_IEC_60559_FUNCS_EXT__ 1
| #define __STDC_WANT_IEC_60559_TYPES_EXT__ 1
| #define __STDC_WANT_LIB_EXT2__ 1
| #define __STDC_WANT_MATH_SPEC_FUNCS__ 1
| #define _TANDEM_SOURCE 1
| #define __EXTENSIONS__ 1
| #define READLINE 1
| #define HISTORY 1
| #define BANG_HISTORY 1
| #define HAVE_STRINGIZE 1
| #define HAVE_LONG_DOUBLE 1
| #define PROTOTYPES 1
| #define __PROTOTYPES 1
| #define restrict __restrict__
| #define HAVE_VISIBILITY 1
| #define HAVE_STDINT_H_WITH_UINTMAX 1
| #define HAVE_ALLOCA_H 1
| #define HAVE_ALLOCA 1
| #define HAVE_GETPAGESIZE 1
| #define HAVE_SYMLINK 1
| #define HAVE_USELOCALE 1
| #define HAVE_VPRINTF 1
| #define HAVE_ALARM 1
| #define HAVE___FPURGE 1
| #define HAVE_SNPRINTF 1
| #define HAVE_VSNPRINTF 1
| #define HAVE_MMAP 1
| #define INTDIV0_RAISES_SIGFPE 1
| #define HAVE_INTTYPES_H_WITH_UINTMAX 1
| #define HAVE_UNSIGNED_LONG_LONG_INT 1
| #define HAVE_UINTMAX_T 1
| #define HAVE_INTTYPES_H 1
| #define USE_POSIX_THREADS 1
| #define USE_POSIX_THREADS_WEAK 1
| #define HAVE_PTHREAD_RWLOCK 1
| #define HAVE_PTHREAD_MUTEX_RECURSIVE 1
| #define HAVE_ICONV 1
| #define ICONV_CONST 
| #define HAVE_BUILTIN_EXPECT 1
| #define HAVE_ARGZ_H 1
| #define HAVE_INTTYPES_H 1
| #define HAVE_LIMITS_H 1
| #define HAVE_UNISTD_H 1
| #define HAVE_SYS_PARAM_H 1
| #define HAVE_GETCWD 1
| #define HAVE_GETEGID 1
| #define HAVE_GETEUID 1
| #define HAVE_GETGID 1
| #define HAVE_GETUID 1
| #define HAVE_MEMPCPY 1
| #define HAVE_MUNMAP 1
| #define HAVE_STPCPY 1
| #define HAVE_STRCASECMP 1
| #define HAVE_STRDUP 1
| #define HAVE_STRTOUL 1
| #define HAVE_TSEARCH 1
| #define HAVE_ARGZ_COUNT 1
| #define HAVE_ARGZ_STRINGIFY 1
| #define HAVE_ARGZ_NEXT 1
| #define HAVE___FSETLOCKING 1
| #define HAVE_LOCALECONV 1
| #define HAVE_DECL_FEOF_UNLOCKED 1
| #define HAVE_DECL_FGETS_UNLOCKED 1
| #define HAVE_LONG_LONG_INT 1
| #define HAVE_WCHAR_T 1
| #define HAVE_WINT_T 1
| #define HAVE_INTMAX_T 1
| #define HAVE_POSIX_PRINTF 1
| #define HAVE_STDINT_H 1
| #define HAVE_STDINT_H 1
| #define HAVE_WORKING_O_NOATIME 1
| #define HAVE_WORKING_O_NOFOLLOW 1
| #define HAVE_WORKING_USELOCALE 1
| #define FLEXIBLE_ARRAY_MEMBER /**/
| #define HAVE_FEATURES_H 1
| #define HAVE_STDDEF_H 1
| #define HAVE_STDLIB_H 1
| #define HAVE_STRING_H 1
| #define HAVE_ASPRINTF 1
| #define HAVE_FWPRINTF 1
| #define HAVE_NEWLOCALE 1
| #define HAVE_PUTENV 1
| #define HAVE_SETENV 1
| #define HAVE_SETLOCALE 1
| #define HAVE_SNPRINTF 1
| #define HAVE_STRNLEN 1
| #define HAVE_USELOCALE 1
| #define HAVE_WCSLEN 1
| #define HAVE_WCSNLEN 1
| #define HAVE_MBRTOWC 1
| #define HAVE_WCRTOMB 1
| #define HAVE_DECL__SNPRINTF 0
| #define HAVE_DECL__SNWPRINTF 0
| #define HAVE_DECL_GETC_UNLOCKED 1
| #define HAVE_LANGINFO_CODESET 1
| #define HAVE_LC_MESSAGES 1
| #define ENABLE_NLS 1
| #define HAVE_GETTEXT 1
| #define HAVE_DCGETTEXT 1
| #define HAVE_DIRENT_H 1
| #define MAJOR_IN_SYSMACROS 1
| #define HAVE_INTTYPES_H 1
| #define HAVE_UNISTD_H 1
| #define HAVE_STDLIB_H 1
| #define HAVE_STDARG_H 1
| #define HAVE_LIMITS_H 1
| #define HAVE_STRING_H 1
| #define HAVE_MEMORY_H 1
| #define HAVE_LOCALE_H 1
| #define HAVE_TERMCAP_H 1
| #define HAVE_TERMIO_H 1
| #define HAVE_TERMIOS_H 1
| #define HAVE_DLFCN_H 1
| #define HAVE_STDBOOL_H 1
| #define HAVE_STDDEF_H 1
| #define HAVE_STDINT_H 1
| #define HAVE_NETDB_H 1
| #define HAVE_PWD_H 1
| #define HAVE_GRP_H 1
| #define HAVE_STRINGS_H 1
| #define HAVE_REGEX_H 1
| #define HAVE_SYSLOG_H 1
| #define HAVE_ULIMIT_H 1
| #define HAVE_SYS_SELECT_H 1
| #define HAVE_SYS_FILE_H 1
| #define HAVE_SYS_IOCTL_H 1
| #define HAVE_SYS_MMAN_H 1
| #define HAVE_SYS_PARAM_H 1
| #define HAVE_SYS_RANDOM_H 1
| #define HAVE_SYS_SOCKET_H 1
| #define HAVE_SYS_STAT_H 1
| #define HAVE_SYS_TIME_H 1
| #define HAVE_SYS_TIMES_H 1
| #define HAVE_SYS_TYPES_H 1
| #define HAVE_SYS_WAIT_H 1
| #define HAVE_NETINET_IN_H 1
| #define HAVE_ARPA_INET_H 1
| #define HAVE_SYS_RESOURCE_H 1
| #define HAVE_ALLOCA_H 1
| #define HAVE_ALLOCA 1
| #define HAVE_CHOWN 1
| #define GETPGRP_VOID 1
| #define HAVE_STRCOLL 1
| #define HAVE_WAIT3 1
| #define HAVE_MKFIFO 1
| #define HAVE_DUP2 1
| #define HAVE_EACCESS 1
| #define HAVE_FCNTL 1
| #define HAVE_GETDTABLESIZE 1
| #define HAVE_GETENTROPY 1
| #define HAVE_GETGROUPS 1
| #define HAVE_GETHOSTNAME 1
| #define HAVE_GETPAGESIZE 1
| #define HAVE_GETPEERNAME 1
| #define HAVE_GETRANDOM 1
| #define HAVE_GETRLIMIT 1
| #define HAVE_GETRUSAGE 1
| #define HAVE_GETTIMEOFDAY 1
| #define HAVE_KILL 1
| #define HAVE_KILLPG 1
| #define HAVE_LSTAT 1
| #define HAVE_PSELECT 1
| #define HAVE_READLINK 1
| #define HAVE_SELECT 1
| #define HAVE_SETITIMER 1
| #define HAVE_TCGETPGRP 1
| #define HAVE_UNAME 1
| #define HAVE_ULIMIT 1
| #define HAVE_WAITPID 1
| #define HAVE_RENAME 1
| #define HAVE_BCOPY 1
| #define HAVE_BZERO 1
| #define HAVE_CONFSTR 1
| #define HAVE_FACCESSAT 1
| #define HAVE_FNMATCH 1
| #define HAVE_GETADDRINFO 1
| #define HAVE_GETHOSTBYNAME 1
| #define HAVE_GETSERVBYNAME 1
| #define HAVE_GETSERVENT 1
| #define HAVE_INET_ATON 1
| #define HAVE_IMAXDIV 1
| #define HAVE_MEMMOVE 1
| #define HAVE_PATHCONF 1
| #define HAVE_PUTENV 1
| #define HAVE_RAISE 1
| #define HAVE_RANDOM 1
| #define HAVE_REGCOMP 1
| #define HAVE_REGEXEC 1
| #define HAVE_SETENV 1
| #define HAVE_SETLINEBUF 1
| #define HAVE_SETLOCALE 1
| #define HAVE_SETVBUF 1
| #define HAVE_SIGINTERRUPT 1
| #define HAVE_STRCHR 1
| #define HAVE_SYSCONF 1
| #define HAVE_SYSLOG 1
| #define HAVE_TCGETATTR 1
| #define HAVE_TIMES 1
| #define HAVE_TTYNAME 1
| #define HAVE_TZSET 1
| #define HAVE_UNSETENV 1
| #define HAVE_VASPRINTF 1
| #define HAVE_ASPRINTF 1
| #define HAVE_ISASCII 1
| #define HAVE_ISBLANK 1
| #define HAVE_ISGRAPH 1
| #define HAVE_ISPRINT 1
| #define HAVE_ISSPACE 1
| #define HAVE_ISXDIGIT 1
| #define HAVE_GETPWENT 1
| #define HAVE_GETPWNAM 1
| #define HAVE_GETPWUID 1
| #define HAVE_MKSTEMP 1
| #define HAVE_MKDTEMP 1
| #define HAVE_ARC4RANDOM 1
| #define HAVE_GETCWD 1
| #define HAVE_MEMSET 1
| #define HAVE_STRCASECMP 1
| #define HAVE_STRCASESTR 1
| #define HAVE_STRERROR 1
| #define HAVE_STRFTIME 1
| #define HAVE_STRNLEN 1
| #define HAVE_STRPBRK 1
| #define HAVE_STRSTR 1
| #define HAVE_STRTOD 1
| #define HAVE_STRTOL 1
| #define HAVE_STRTOUL 1
| #define HAVE_STRTOLL 1
| #define HAVE_STRTOULL 1
| #define HAVE_STRTOUMAX 1
| #define HAVE_DPRINTF 1
| #define HAVE_STRCHRNUL 1
| #define HAVE_STRDUP 1
| #define HAVE_DECL_AUDIT_USER_TTY 1
| #define HAVE_DECL_CONFSTR 1
| #define HAVE_DECL_PRINTF 1
| #define HAVE_DECL_SBRK 1
| #define HAVE_DECL_SETREGID 1
| #define HAVE_DECL_STRCPY 1
| #define HAVE_DECL_STRSIGNAL 1
| #define HAVE_SETRESUID 1
| #define HAVE_SETRESGID 1
| #define HAVE_DECL_STRTOLD 1
| #define HAVE_DECL_STRTOL 1
| #define HAVE_DECL_STRTOLL 1
| #define HAVE_DECL_STRTOUL 1
| #define HAVE_DECL_STRTOULL 1
| #define HAVE_DECL_STRTOUMAX 1
| #define HAVE_ARGZ_H 1
| #define HAVE_ERRNO_H 1
| #define HAVE_FCNTL_H 1
| #define HAVE_MALLOC_H 1
| #define HAVE_STDIO_EXT_H 1
| #define HAVE_MMAP 1
| #define HAVE___ARGZ_COUNT 1
| #define HAVE___ARGZ_NEXT 1
| #define HAVE___ARGZ_STRINGIFY 1
| #define HAVE_DCGETTEXT 1
| #define HAVE_MEMPCPY 1
| #define HAVE_MUNMAP 1
| #define HAVE_MREMAP 1
| #define HAVE_STPCPY 1
| #define HAVE_STRCSPN 1
| #define HAVE_WCTYPE_H 1
| #define HAVE_WCHAR_H 1
| #define HAVE_LANGINFO_H 1
| #define HAVE_MBRLEN 1
| #define HAVE_MBSNRTOWCS 1
| #define HAVE_MBSRTOWCS 1
| #define HAVE_WCRTOMB 1
| #define HAVE_WCSCOLL 1
| #define HAVE_WCSDUP 1
| #define HAVE_WCWIDTH 1
| #define HAVE_WCTYPE 1
| #define HAVE_WCSWIDTH 1
| #define HAVE_MBRTOWC 1
| #define HAVE_MBSTATE_T 1
| #define HAVE_ISWLOWER 1
| #define HAVE_ISWUPPER 1
| #define HAVE_TOWLOWER 1
| #define HAVE_TOWUPPER 1
| #define HAVE_ISWCTYPE 1
| #define HAVE_WCHAR_T 1
| #define HAVE_WCTYPE_T 1
| #define HAVE_WINT_T 1
| #define SIZEOF_WCHAR_T 4
| #define HAVE_LIBDL 1
| #define HAVE_DLOPEN 1
| #define HAVE_DLCLOSE 1
| #define HAVE_DLSYM 1
| #define GETGROUPS_T gid_t
| #define HAVE_UINTPTR_T 1
| #define HAVE_LONG_LONG_INT 1
| #define HAVE_UNSIGNED_LONG_LONG_INT 1
| #define SIZEOF_CHAR 1
| #define SIZEOF_SHORT 2
| #define SIZEOF_INT 4
| #define SIZEOF_LONG 8
| #define SIZEOF_CHAR_P 8
| #define SIZEOF_SIZE_T 8
| #define SIZEOF_DOUBLE 8
| #define SIZEOF_LONG_LONG 8
| #define bits16_t short
| #define u_bits16_t unsigned short
| #define bits32_t int
| #define u_bits32_t unsigned int
| #define bits64_t char *
| #define HAVE_HASH_BANG_EXEC 1
| #define HAVE_POSIX_SIGNALS 1
| #define HAVE_SYS_ERRLIST 1
| #define HAVE_DECL_SYS_SIGLIST 0
| #define HAVE_SOCKLEN_T 1
| #define HAVE_QUAD_T 1
| #define RLIMTYPE rlim_t
| #define HAVE_INTMAX_T 1
| #define HAVE_UINTMAX_T 1
| #define SIZEOF_INTMAX_T 8
| #define TERMIOS_LDISC 1
| #define TERMIO_LDISC 1
| #define HAVE_STRUCT_DIRENT_D_INO 1
| #define HAVE_STRUCT_DIRENT_D_INO 1
| #define HAVE_STRUCT_DIRENT_D_FILENO 1
| #define HAVE_STRUCT_DIRENT_D_FILENO 1
| #define STRUCT_WINSIZE_IN_SYS_IOCTL 1
| #define HAVE_TIMEVAL 1
| #define HAVE_STRUCT_STAT_ST_BLOCKS 1
| #define HAVE_STRUCT_TM_TM_ZONE 1
| #define HAVE_TM_ZONE 1
| #define HAVE_STRUCT_TIMEZONE 1
| #define WEXITSTATUS_OFFSET 8
| #define HAVE_STRUCT_TIMESPEC 1
| #define TIME_H_DEFINES_STRUCT_TIMESPEC 1
| #define HAVE_STRUCT_STAT_ST_ATIM_TV_NSEC 1
| #define TYPEOF_STRUCT_STAT_ST_ATIM_IS_STRUCT_TIMESPEC 1
| #define HAVE_SBRK 1
| #define HAVE_STRSIGNAL 1
| /* end confdefs.h.  */
| 
| #include <stdio.h>
| #include <sys/types.h>
| #include <fcntl.h>
| #ifdef HAVE_UNISTD_H
| # include <unistd.h>
| #endif /* HAVE_UNISTD_H */
| #ifdef HAVE_SYS_STAT_H
| #include <sys/stat.h>
| #endif
| #if defined(HAVE_DIRENT_H)
| # include <dirent.h>
| #else
| # define dirent direct
| # ifdef HAVE_SYS_NDIR_H
| #  include <sys/ndir.h>
| # endif /* SYSNDIR */
| # ifdef HAVE_SYS_DIR_H
| #  include <sys/dir.h>
| # endif /* SYSDIR */
| # ifdef HAVE_NDIR_H
| #  include <ndir.h>
| # endif
| #endif /* HAVE_DIRENT_H */
| #include <stdlib.h>
| int
| main()
| {
| DIR *dir;
| int fd, err;
| err = mkdir("bash-aclocal", 0700);
| if (err < 0) {
|   perror("mkdir");
|   exit(1);
| }
| unlink("bash-aclocal/not_a_directory");
| fd = open("bash-aclocal/not_a_directory", O_WRONLY|O_CREAT|O_EXCL, 0666);
| write(fd, "\n", 1);
| close(fd);
| dir = opendir("bash-aclocal/not_a_directory");
| unlink("bash-aclocal/not_a_directory");
| rmdir("bash-aclocal");
| exit (dir == 0);
| }
| 
configure:19903: result: no
configure:19910: checking whether ulimit can substitute for getdtablesize
configure:19938: /usr/bin/clang -o conftest -g -O2   conftest.c -ldl  >&5
configure:19938: $? = 0
configure:19938: ./conftest
configure:19938: $? = 0
configure:19950: result: yes
configure:19962: checking whether fpurge is declared
configure:19962: /usr/bin/clang -c -g -O2   conftest.c >&5
conftest.c:405:10: error: use of undeclared identifier 'fpurge'
  405 |   (void) fpurge;
      |          ^
1 error generated.
configure:19962: $? = 1
configure: failed program was:
| /* confdefs.h */
| #define PACKAGE_NAME "bash"
| #define PACKAGE_TARNAME "bash"
| #define PACKAGE_VERSION "5.2-release"
| #define PACKAGE_STRING "bash 5.2-release"
| #define PACKAGE_BUGREPORT "bug-bash@gnu.org"
| #define PACKAGE_URL ""
| #define USING_BASH_MALLOC 1
| #define ALIAS 1
| #define PUSHD_AND_POPD 1
| #define RESTRICTED_SHELL 1
| #define PROCESS_SUBSTITUTION 1
| #define PROMPT_STRING_DECODE 1
| #define SELECT_COMMAND 1
| #define HELP_BUILTIN 1
| #define ARRAY_VARS 1
| #define DPAREN_ARITHMETIC 1
| #define BRACE_EXPANSION 1
| #define COMMAND_TIMING 1
| #define EXTENDED_GLOB 1
| #define EXTGLOB_DEFAULT 0
| #define COND_COMMAND 1
| #define COND_REGEXP 1
| #define COPROCESS_SUPPORT 1
| #define ARITH_FOR_COMMAND 1
| #define NETWORK_REDIRECTIONS 1
| #define PROGRAMMABLE_COMPLETION 1
| #define DEBUGGER 1
| #define CASEMOD_ATTRS 1
| #define CASEMOD_EXPANSIONS 1
| #define GLOBASCII_DEFAULT 1
| #define FUNCTION_IMPORT 1
| #define TRANSLATABLE_STRINGS 1
| #define MEMSCRAMBLE 1
| #define HAVE_STDIO_H 1
| #define HAVE_STDLIB_H 1
| #define HAVE_STRING_H 1
| #define HAVE_INTTYPES_H 1
| #define HAVE_STDINT_H 1
| #define HAVE_STRINGS_H 1
| #define HAVE_SYS_STAT_H 1
| #define HAVE_SYS_TYPES_H 1
| #define HAVE_UNISTD_H 1
| #define HAVE_WCHAR_H 1
| #define HAVE_SYS_PARAM_H 1
| #define HAVE_SYS_TIME_H 1
| #define STDC_HEADERS 1
| #define _ALL_SOURCE 1
| #define _DARWIN_C_SOURCE 1
| #define _GNU_SOURCE 1
| #define _HPUX_ALT_XOPEN_SOCKET_API 1
| #define _NETBSD_SOURCE 1
| #define _OPENBSD_SOURCE 1
| #define _POSIX_PTHREAD_SEMANTICS 1
| #define __STDC_WANT_IEC_60559_ATTRIBS_EXT__ 1
| #define __STDC_WANT_IEC_60559_BFP_EXT__ 1
| #define __STDC_WANT_IEC_60559_DFP_EXT__ 1
| #define __STDC_WANT_IEC_60559_FUNCS_EXT__ 1
| #define __STDC_WANT_IEC_60559_TYPES_EXT__ 1
| #define __STDC_WANT_LIB_EXT2__ 1
| #define __STDC_WANT_MATH_SPEC_FUNCS__ 1
| #define _TANDEM_SOURCE 1
| #define __EXTENSIONS__ 1
| #define READLINE 1
| #define HISTORY 1
| #define BANG_HISTORY 1
| #define HAVE_STRINGIZE 1
| #define HAVE_LONG_DOUBLE 1
| #define PROTOTYPES 1
| #define __PROTOTYPES 1
| #define restrict __restrict__
| #define HAVE_VISIBILITY 1
| #define HAVE_STDINT_H_WITH_UINTMAX 1
| #define HAVE_ALLOCA_H 1
| #define HAVE_ALLOCA 1
| #define HAVE_GETPAGESIZE 1
| #define HAVE_SYMLINK 1
| #define HAVE_USELOCALE 1
| #define HAVE_VPRINTF 1
| #define HAVE_ALARM 1
| #define HAVE___FPURGE 1
| #define HAVE_SNPRINTF 1
| #define HAVE_VSNPRINTF 1
| #define HAVE_MMAP 1
| #define INTDIV0_RAISES_SIGFPE 1
| #define HAVE_INTTYPES_H_WITH_UINTMAX 1
| #define HAVE_UNSIGNED_LONG_LONG_INT 1
| #define HAVE_UINTMAX_T 1
| #define HAVE_INTTYPES_H 1
| #define USE_POSIX_THREADS 1
| #define USE_POSIX_THREADS_WEAK 1
| #define HAVE_PTHREAD_RWLOCK 1
| #define HAVE_PTHREAD_MUTEX_RECURSIVE 1
| #define HAVE_ICONV 1
| #define ICONV_CONST 
| #define HAVE_BUILTIN_EXPECT 1
| #define HAVE_ARGZ_H 1
| #define HAVE_INTTYPES_H 1
| #define HAVE_LIMITS_H 1
| #define HAVE_UNISTD_H 1
| #define HAVE_SYS_PARAM_H 1
| #define HAVE_GETCWD 1
| #define HAVE_GETEGID 1
| #define HAVE_GETEUID 1
| #define HAVE_GETGID 1
| #define HAVE_GETUID 1
| #define HAVE_MEMPCPY 1
| #define HAVE_MUNMAP 1
| #define HAVE_STPCPY 1
| #define HAVE_STRCASECMP 1
| #define HAVE_STRDUP 1
| #define HAVE_STRTOUL 1
| #define HAVE_TSEARCH 1
| #define HAVE_ARGZ_COUNT 1
| #define HAVE_ARGZ_STRINGIFY 1
| #define HAVE_ARGZ_NEXT 1
| #define HAVE___FSETLOCKING 1
| #define HAVE_LOCALECONV 1
| #define HAVE_DECL_FEOF_UNLOCKED 1
| #define HAVE_DECL_FGETS_UNLOCKED 1
| #define HAVE_LONG_LONG_INT 1
| #define HAVE_WCHAR_T 1
| #define HAVE_WINT_T 1
| #define HAVE_INTMAX_T 1
| #define HAVE_POSIX_PRINTF 1
| #define HAVE_STDINT_H 1
| #define HAVE_STDINT_H 1
| #define HAVE_WORKING_O_NOATIME 1
| #define HAVE_WORKING_O_NOFOLLOW 1
| #define HAVE_WORKING_USELOCALE 1
| #define FLEXIBLE_ARRAY_MEMBER /**/
| #define HAVE_FEATURES_H 1
| #define HAVE_STDDEF_H 1
| #define HAVE_STDLIB_H 1
| #define HAVE_STRING_H 1
| #define HAVE_ASPRINTF 1
| #define HAVE_FWPRINTF 1
| #define HAVE_NEWLOCALE 1
| #define HAVE_PUTENV 1
| #define HAVE_SETENV 1
| #define HAVE_SETLOCALE 1
| #define HAVE_SNPRINTF 1
| #define HAVE_STRNLEN 1
| #define HAVE_USELOCALE 1
| #define HAVE_WCSLEN 1
| #define HAVE_WCSNLEN 1
| #define HAVE_MBRTOWC 1
| #define HAVE_WCRTOMB 1
| #define HAVE_DECL__SNPRINTF 0
| #define HAVE_DECL__SNWPRINTF 0
| #define HAVE_DECL_GETC_UNLOCKED 1
| #define HAVE_LANGINFO_CODESET 1
| #define HAVE_LC_MESSAGES 1
| #define ENABLE_NLS 1
| #define HAVE_GETTEXT 1
| #define HAVE_DCGETTEXT 1
| #define HAVE_DIRENT_H 1
| #define MAJOR_IN_SYSMACROS 1
| #define HAVE_INTTYPES_H 1
| #define HAVE_UNISTD_H 1
| #define HAVE_STDLIB_H 1
| #define HAVE_STDARG_H 1
| #define HAVE_LIMITS_H 1
| #define HAVE_STRING_H 1
| #define HAVE_MEMORY_H 1
| #define HAVE_LOCALE_H 1
| #define HAVE_TERMCAP_H 1
| #define HAVE_TERMIO_H 1
| #define HAVE_TERMIOS_H 1
| #define HAVE_DLFCN_H 1
| #define HAVE_STDBOOL_H 1
| #define HAVE_STDDEF_H 1
| #define HAVE_STDINT_H 1
| #define HAVE_NETDB_H 1
| #define HAVE_PWD_H 1
| #define HAVE_GRP_H 1
| #define HAVE_STRINGS_H 1
| #define HAVE_REGEX_H 1
| #define HAVE_SYSLOG_H 1
| #define HAVE_ULIMIT_H 1
| #define HAVE_SYS_SELECT_H 1
| #define HAVE_SYS_FILE_H 1
| #define HAVE_SYS_IOCTL_H 1
| #define HAVE_SYS_MMAN_H 1
| #define HAVE_SYS_PARAM_H 1
| #define HAVE_SYS_RANDOM_H 1
| #define HAVE_SYS_SOCKET_H 1
| #define HAVE_SYS_STAT_H 1
| #define HAVE_SYS_TIME_H 1
| #define HAVE_SYS_TIMES_H 1
| #define HAVE_SYS_TYPES_H 1
| #define HAVE_SYS_WAIT_H 1
| #define HAVE_NETINET_IN_H 1
| #define HAVE_ARPA_INET_H 1
| #define HAVE_SYS_RESOURCE_H 1
| #define HAVE_ALLOCA_H 1
| #define HAVE_ALLOCA 1
| #define HAVE_CHOWN 1
| #define GETPGRP_VOID 1
| #define HAVE_STRCOLL 1
| #define HAVE_WAIT3 1
| #define HAVE_MKFIFO 1
| #define HAVE_DUP2 1
| #define HAVE_EACCESS 1
| #define HAVE_FCNTL 1
| #define HAVE_GETDTABLESIZE 1
| #define HAVE_GETENTROPY 1
| #define HAVE_GETGROUPS 1
| #define HAVE_GETHOSTNAME 1
| #define HAVE_GETPAGESIZE 1
| #define HAVE_GETPEERNAME 1
| #define HAVE_GETRANDOM 1
| #define HAVE_GETRLIMIT 1
| #define HAVE_GETRUSAGE 1
| #define HAVE_GETTIMEOFDAY 1
| #define HAVE_KILL 1
| #define HAVE_KILLPG 1
| #define HAVE_LSTAT 1
| #define HAVE_PSELECT 1
| #define HAVE_READLINK 1
| #define HAVE_SELECT 1
| #define HAVE_SETITIMER 1
| #define HAVE_TCGETPGRP 1
| #define HAVE_UNAME 1
| #define HAVE_ULIMIT 1
| #define HAVE_WAITPID 1
| #define HAVE_RENAME 1
| #define HAVE_BCOPY 1
| #define HAVE_BZERO 1
| #define HAVE_CONFSTR 1
| #define HAVE_FACCESSAT 1
| #define HAVE_FNMATCH 1
| #define HAVE_GETADDRINFO 1
| #define HAVE_GETHOSTBYNAME 1
| #define HAVE_GETSERVBYNAME 1
| #define HAVE_GETSERVENT 1
| #define HAVE_INET_ATON 1
| #define HAVE_IMAXDIV 1
| #define HAVE_MEMMOVE 1
| #define HAVE_PATHCONF 1
| #define HAVE_PUTENV 1
| #define HAVE_RAISE 1
| #define HAVE_RANDOM 1
| #define HAVE_REGCOMP 1
| #define HAVE_REGEXEC 1
| #define HAVE_SETENV 1
| #define HAVE_SETLINEBUF 1
| #define HAVE_SETLOCALE 1
| #define HAVE_SETVBUF 1
| #define HAVE_SIGINTERRUPT 1
| #define HAVE_STRCHR 1
| #define HAVE_SYSCONF 1
| #define HAVE_SYSLOG 1
| #define HAVE_TCGETATTR 1
| #define HAVE_TIMES 1
| #define HAVE_TTYNAME 1
| #define HAVE_TZSET 1
| #define HAVE_UNSETENV 1
| #define HAVE_VASPRINTF 1
| #define HAVE_ASPRINTF 1
| #define HAVE_ISASCII 1
| #define HAVE_ISBLANK 1
| #define HAVE_ISGRAPH 1
| #define HAVE_ISPRINT 1
| #define HAVE_ISSPACE 1
| #define HAVE_ISXDIGIT 1
| #define HAVE_GETPWENT 1
| #define HAVE_GETPWNAM 1
| #define HAVE_GETPWUID 1
| #define HAVE_MKSTEMP 1
| #define HAVE_MKDTEMP 1
| #define HAVE_ARC4RANDOM 1
| #define HAVE_GETCWD 1
| #define HAVE_MEMSET 1
| #define HAVE_STRCASECMP 1
| #define HAVE_STRCASESTR 1
| #define HAVE_STRERROR 1
| #define HAVE_STRFTIME 1
| #define HAVE_STRNLEN 1
| #define HAVE_STRPBRK 1
| #define HAVE_STRSTR 1
| #define HAVE_STRTOD 1
| #define HAVE_STRTOL 1
| #define HAVE_STRTOUL 1
| #define HAVE_STRTOLL 1
| #define HAVE_STRTOULL 1
| #define HAVE_STRTOUMAX 1
| #define HAVE_DPRINTF 1
| #define HAVE_STRCHRNUL 1
| #define HAVE_STRDUP 1
| #define HAVE_DECL_AUDIT_USER_TTY 1
| #define HAVE_DECL_CONFSTR 1
| #define HAVE_DECL_PRINTF 1
| #define HAVE_DECL_SBRK 1
| #define HAVE_DECL_SETREGID 1
| #define HAVE_DECL_STRCPY 1
| #define HAVE_DECL_STRSIGNAL 1
| #define HAVE_SETRESUID 1
| #define HAVE_SETRESGID 1
| #define HAVE_DECL_STRTOLD 1
| #define HAVE_DECL_STRTOL 1
| #define HAVE_DECL_STRTOLL 1
| #define HAVE_DECL_STRTOUL 1
| #define HAVE_DECL_STRTOULL 1
| #define HAVE_DECL_STRTOUMAX 1
| #define HAVE_ARGZ_H 1
| #define HAVE_ERRNO_H 1
| #define HAVE_FCNTL_H 1
| #define HAVE_MALLOC_H 1
| #define HAVE_STDIO_EXT_H 1
| #define HAVE_MMAP 1
| #define HAVE___ARGZ_COUNT 1
| #define HAVE___ARGZ_NEXT 1
| #define HAVE___ARGZ_STRINGIFY 1
| #define HAVE_DCGETTEXT 1
| #define HAVE_MEMPCPY 1
| #define HAVE_MUNMAP 1
| #define HAVE_MREMAP 1
| #define HAVE_STPCPY 1
| #define HAVE_STRCSPN 1
| #define HAVE_WCTYPE_H 1
| #define HAVE_WCHAR_H 1
| #define HAVE_LANGINFO_H 1
| #define HAVE_MBRLEN 1
| #define HAVE_MBSNRTOWCS 1
| #define HAVE_MBSRTOWCS 1
| #define HAVE_WCRTOMB 1
| #define HAVE_WCSCOLL 1
| #define HAVE_WCSDUP 1
| #define HAVE_WCWIDTH 1
| #define HAVE_WCTYPE 1
| #define HAVE_WCSWIDTH 1
| #define HAVE_MBRTOWC 1
| #define HAVE_MBSTATE_T 1
| #define HAVE_ISWLOWER 1
| #define HAVE_ISWUPPER 1
| #define HAVE_TOWLOWER 1
| #define HAVE_TOWUPPER 1
| #define HAVE_ISWCTYPE 1
| #define HAVE_WCHAR_T 1
| #define HAVE_WCTYPE_T 1
| #define HAVE_WINT_T 1
| #define SIZEOF_WCHAR_T 4
| #define HAVE_LIBDL 1
| #define HAVE_DLOPEN 1
| #define HAVE_DLCLOSE 1
| #define HAVE_DLSYM 1
| #define GETGROUPS_T gid_t
| #define HAVE_UINTPTR_T 1
| #define HAVE_LONG_LONG_INT 1
| #define HAVE_UNSIGNED_LONG_LONG_INT 1
| #define SIZEOF_CHAR 1
| #define SIZEOF_SHORT 2
| #define SIZEOF_INT 4
| #define SIZEOF_LONG 8
| #define SIZEOF_CHAR_P 8
| #define SIZEOF_SIZE_T 8
| #define SIZEOF_DOUBLE 8
| #define SIZEOF_LONG_LONG 8
| #define bits16_t short
| #define u_bits16_t unsigned short
| #define bits32_t int
| #define u_bits32_t unsigned int
| #define bits64_t char *
| #define HAVE_HASH_BANG_EXEC 1
| #define HAVE_POSIX_SIGNALS 1
| #define HAVE_SYS_ERRLIST 1
| #define HAVE_DECL_SYS_SIGLIST 0
| #define HAVE_SOCKLEN_T 1
| #define HAVE_QUAD_T 1
| #define RLIMTYPE rlim_t
| #define HAVE_INTMAX_T 1
| #define HAVE_UINTMAX_T 1
| #define SIZEOF_INTMAX_T 8
| #define TERMIOS_LDISC 1
| #define TERMIO_LDISC 1
| #define HAVE_STRUCT_DIRENT_D_INO 1
| #define HAVE_STRUCT_DIRENT_D_INO 1
| #define HAVE_STRUCT_DIRENT_D_FILENO 1
| #define HAVE_STRUCT_DIRENT_D_FILENO 1
| #define STRUCT_WINSIZE_IN_SYS_IOCTL 1
| #define HAVE_TIMEVAL 1
| #define HAVE_STRUCT_STAT_ST_BLOCKS 1
| #define HAVE_STRUCT_TM_TM_ZONE 1
| #define HAVE_TM_ZONE 1
| #define HAVE_STRUCT_TIMEZONE 1
| #define WEXITSTATUS_OFFSET 8
| #define HAVE_STRUCT_TIMESPEC 1
| #define TIME_H_DEFINES_STRUCT_TIMESPEC 1
| #define HAVE_STRUCT_STAT_ST_ATIM_TV_NSEC 1
| #define TYPEOF_STRUCT_STAT_ST_ATIM_IS_STRUCT_TIMESPEC 1
| #define HAVE_SBRK 1
| #define HAVE_STRSIGNAL 1
| #define ULIMIT_MAXFDS 1
| /* end confdefs.h.  */
| #include <stdio.h>
| 
| int
| main (void)
| {
| #ifndef fpurge
| #ifdef __cplusplus
|   (void) fpurge;
| #else
|   (void) fpurge;
| #endif
| #endif
| 
|   ;
|   return 0;
| }
configure:19962: result: no
configure:19973: checking to see if getenv can be redefined
configure:20023: /usr/bin/clang -o conftest -g -O2   conftest.c -ldl  >&5
conftest.c:408:1: warning: a function definition without a prototype is deprecated in all versions of C and is not supported in C23 [-Wdeprecated-non-prototype]
  408 | getenv (name)
      | ^
1 warning generated.
configure:20023: $? = 0
configure:20023: ./conftest
configure:20023: $? = 0
configure:20035: result: yes
configure:20043: checking if getcwd() will dynamically allocate memory with 0 size
configure:20074: /usr/bin/clang -o conftest -g -O2   conftest.c -ldl  >&5
configure:20074: $? = 0
configure:20074: ./conftest
configure:20074: $? = 0
configure:20086: result: yes
configure:20101: checking for presence of POSIX-style sigsetjmp/siglongjmp
configure:20171: /usr/bin/clang -o conftest -g -O2   conftest.c -ldl  >&5
configure:20171: $? = 0
configure:20171: ./conftest
configure:20171: $? = 0
configure:20183: result: present
configure:20190: checking whether or not strcoll and strcmp differ
configure:20245: /usr/bin/clang -o conftest -g -O2   conftest.c -ldl  >&5
conftest.c:408:1: warning: a function definition without a prototype is deprecated in all versions of C and is not supported in C23 [-Wdeprecated-non-prototype]
  408 | main(c, v)
      | ^
1 warning generated.
configure:20245: $? = 0
configure:20245: ./conftest
configure:20245: $? = 1
configure: program exited with status 1
configure: failed program was:
| /* confdefs.h */
| #define PACKAGE_NAME "bash"
| #define PACKAGE_TARNAME "bash"
| #define PACKAGE_VERSION "5.2-release"
| #define PACKAGE_STRING "bash 5.2-release"
| #define PACKAGE_BUGREPORT "bug-bash@gnu.org"
| #define PACKAGE_URL ""
| #define USING_BASH_MALLOC 1
| #define ALIAS 1
| #define PUSHD_AND_POPD 1
| #define RESTRICTED_SHELL 1
| #define PROCESS_SUBSTITUTION 1
| #define PROMPT_STRING_DECODE 1
| #define SELECT_COMMAND 1
| #define HELP_BUILTIN 1
| #define ARRAY_VARS 1
| #define DPAREN_ARITHMETIC 1
| #define BRACE_EXPANSION 1
| #define COMMAND_TIMING 1
| #define EXTENDED_GLOB 1
| #define EXTGLOB_DEFAULT 0
| #define COND_COMMAND 1
| #define COND_REGEXP 1
| #define COPROCESS_SUPPORT 1
| #define ARITH_FOR_COMMAND 1
| #define NETWORK_REDIRECTIONS 1
| #define PROGRAMMABLE_COMPLETION 1
| #define DEBUGGER 1
| #define CASEMOD_ATTRS 1
| #define CASEMOD_EXPANSIONS 1
| #define GLOBASCII_DEFAULT 1
| #define FUNCTION_IMPORT 1
| #define TRANSLATABLE_STRINGS 1
| #define MEMSCRAMBLE 1
| #define HAVE_STDIO_H 1
| #define HAVE_STDLIB_H 1
| #define HAVE_STRING_H 1
| #define HAVE_INTTYPES_H 1
| #define HAVE_STDINT_H 1
| #define HAVE_STRINGS_H 1
| #define HAVE_SYS_STAT_H 1
| #define HAVE_SYS_TYPES_H 1
| #define HAVE_UNISTD_H 1
| #define HAVE_WCHAR_H 1
| #define HAVE_SYS_PARAM_H 1
| #define HAVE_SYS_TIME_H 1
| #define STDC_HEADERS 1
| #define _ALL_SOURCE 1
| #define _DARWIN_C_SOURCE 1
| #define _GNU_SOURCE 1
| #define _HPUX_ALT_XOPEN_SOCKET_API 1
| #define _NETBSD_SOURCE 1
| #define _OPENBSD_SOURCE 1
| #define _POSIX_PTHREAD_SEMANTICS 1
| #define __STDC_WANT_IEC_60559_ATTRIBS_EXT__ 1
| #define __STDC_WANT_IEC_60559_BFP_EXT__ 1
| #define __STDC_WANT_IEC_60559_DFP_EXT__ 1
| #define __STDC_WANT_IEC_60559_FUNCS_EXT__ 1
| #define __STDC_WANT_IEC_60559_TYPES_EXT__ 1
| #define __STDC_WANT_LIB_EXT2__ 1
| #define __STDC_WANT_MATH_SPEC_FUNCS__ 1
| #define _TANDEM_SOURCE 1
| #define __EXTENSIONS__ 1
| #define READLINE 1
| #define HISTORY 1
| #define BANG_HISTORY 1
| #define HAVE_STRINGIZE 1
| #define HAVE_LONG_DOUBLE 1
| #define PROTOTYPES 1
| #define __PROTOTYPES 1
| #define restrict __restrict__
| #define HAVE_VISIBILITY 1
| #define HAVE_STDINT_H_WITH_UINTMAX 1
| #define HAVE_ALLOCA_H 1
| #define HAVE_ALLOCA 1
| #define HAVE_GETPAGESIZE 1
| #define HAVE_SYMLINK 1
| #define HAVE_USELOCALE 1
| #define HAVE_VPRINTF 1
| #define HAVE_ALARM 1
| #define HAVE___FPURGE 1
| #define HAVE_SNPRINTF 1
| #define HAVE_VSNPRINTF 1
| #define HAVE_MMAP 1
| #define INTDIV0_RAISES_SIGFPE 1
| #define HAVE_INTTYPES_H_WITH_UINTMAX 1
| #define HAVE_UNSIGNED_LONG_LONG_INT 1
| #define HAVE_UINTMAX_T 1
| #define HAVE_INTTYPES_H 1
| #define USE_POSIX_THREADS 1
| #define USE_POSIX_THREADS_WEAK 1
| #define HAVE_PTHREAD_RWLOCK 1
| #define HAVE_PTHREAD_MUTEX_RECURSIVE 1
| #define HAVE_ICONV 1
| #define ICONV_CONST 
| #define HAVE_BUILTIN_EXPECT 1
| #define HAVE_ARGZ_H 1
| #define HAVE_INTTYPES_H 1
| #define HAVE_LIMITS_H 1
| #define HAVE_UNISTD_H 1
| #define HAVE_SYS_PARAM_H 1
| #define HAVE_GETCWD 1
| #define HAVE_GETEGID 1
| #define HAVE_GETEUID 1
| #define HAVE_GETGID 1
| #define HAVE_GETUID 1
| #define HAVE_MEMPCPY 1
| #define HAVE_MUNMAP 1
| #define HAVE_STPCPY 1
| #define HAVE_STRCASECMP 1
| #define HAVE_STRDUP 1
| #define HAVE_STRTOUL 1
| #define HAVE_TSEARCH 1
| #define HAVE_ARGZ_COUNT 1
| #define HAVE_ARGZ_STRINGIFY 1
| #define HAVE_ARGZ_NEXT 1
| #define HAVE___FSETLOCKING 1
| #define HAVE_LOCALECONV 1
| #define HAVE_DECL_FEOF_UNLOCKED 1
| #define HAVE_DECL_FGETS_UNLOCKED 1
| #define HAVE_LONG_LONG_INT 1
| #define HAVE_WCHAR_T 1
| #define HAVE_WINT_T 1
| #define HAVE_INTMAX_T 1
| #define HAVE_POSIX_PRINTF 1
| #define HAVE_STDINT_H 1
| #define HAVE_STDINT_H 1
| #define HAVE_WORKING_O_NOATIME 1
| #define HAVE_WORKING_O_NOFOLLOW 1
| #define HAVE_WORKING_USELOCALE 1
| #define FLEXIBLE_ARRAY_MEMBER /**/
| #define HAVE_FEATURES_H 1
| #define HAVE_STDDEF_H 1
| #define HAVE_STDLIB_H 1
| #define HAVE_STRING_H 1
| #define HAVE_ASPRINTF 1
| #define HAVE_FWPRINTF 1
| #define HAVE_NEWLOCALE 1
| #define HAVE_PUTENV 1
| #define HAVE_SETENV 1
| #define HAVE_SETLOCALE 1
| #define HAVE_SNPRINTF 1
| #define HAVE_STRNLEN 1
| #define HAVE_USELOCALE 1
| #define HAVE_WCSLEN 1
| #define HAVE_WCSNLEN 1
| #define HAVE_MBRTOWC 1
| #define HAVE_WCRTOMB 1
| #define HAVE_DECL__SNPRINTF 0
| #define HAVE_DECL__SNWPRINTF 0
| #define HAVE_DECL_GETC_UNLOCKED 1
| #define HAVE_LANGINFO_CODESET 1
| #define HAVE_LC_MESSAGES 1
| #define ENABLE_NLS 1
| #define HAVE_GETTEXT 1
| #define HAVE_DCGETTEXT 1
| #define HAVE_DIRENT_H 1
| #define MAJOR_IN_SYSMACROS 1
| #define HAVE_INTTYPES_H 1
| #define HAVE_UNISTD_H 1
| #define HAVE_STDLIB_H 1
| #define HAVE_STDARG_H 1
| #define HAVE_LIMITS_H 1
| #define HAVE_STRING_H 1
| #define HAVE_MEMORY_H 1
| #define HAVE_LOCALE_H 1
| #define HAVE_TERMCAP_H 1
| #define HAVE_TERMIO_H 1
| #define HAVE_TERMIOS_H 1
| #define HAVE_DLFCN_H 1
| #define HAVE_STDBOOL_H 1
| #define HAVE_STDDEF_H 1
| #define HAVE_STDINT_H 1
| #define HAVE_NETDB_H 1
| #define HAVE_PWD_H 1
| #define HAVE_GRP_H 1
| #define HAVE_STRINGS_H 1
| #define HAVE_REGEX_H 1
| #define HAVE_SYSLOG_H 1
| #define HAVE_ULIMIT_H 1
| #define HAVE_SYS_SELECT_H 1
| #define HAVE_SYS_FILE_H 1
| #define HAVE_SYS_IOCTL_H 1
| #define HAVE_SYS_MMAN_H 1
| #define HAVE_SYS_PARAM_H 1
| #define HAVE_SYS_RANDOM_H 1
| #define HAVE_SYS_SOCKET_H 1
| #define HAVE_SYS_STAT_H 1
| #define HAVE_SYS_TIME_H 1
| #define HAVE_SYS_TIMES_H 1
| #define HAVE_SYS_TYPES_H 1
| #define HAVE_SYS_WAIT_H 1
| #define HAVE_NETINET_IN_H 1
| #define HAVE_ARPA_INET_H 1
| #define HAVE_SYS_RESOURCE_H 1
| #define HAVE_ALLOCA_H 1
| #define HAVE_ALLOCA 1
| #define HAVE_CHOWN 1
| #define GETPGRP_VOID 1
| #define HAVE_STRCOLL 1
| #define HAVE_WAIT3 1
| #define HAVE_MKFIFO 1
| #define HAVE_DUP2 1
| #define HAVE_EACCESS 1
| #define HAVE_FCNTL 1
| #define HAVE_GETDTABLESIZE 1
| #define HAVE_GETENTROPY 1
| #define HAVE_GETGROUPS 1
| #define HAVE_GETHOSTNAME 1
| #define HAVE_GETPAGESIZE 1
| #define HAVE_GETPEERNAME 1
| #define HAVE_GETRANDOM 1
| #define HAVE_GETRLIMIT 1
| #define HAVE_GETRUSAGE 1
| #define HAVE_GETTIMEOFDAY 1
| #define HAVE_KILL 1
| #define HAVE_KILLPG 1
| #define HAVE_LSTAT 1
| #define HAVE_PSELECT 1
| #define HAVE_READLINK 1
| #define HAVE_SELECT 1
| #define HAVE_SETITIMER 1
| #define HAVE_TCGETPGRP 1
| #define HAVE_UNAME 1
| #define HAVE_ULIMIT 1
| #define HAVE_WAITPID 1
| #define HAVE_RENAME 1
| #define HAVE_BCOPY 1
| #define HAVE_BZERO 1
| #define HAVE_CONFSTR 1
| #define HAVE_FACCESSAT 1
| #define HAVE_FNMATCH 1
| #define HAVE_GETADDRINFO 1
| #define HAVE_GETHOSTBYNAME 1
| #define HAVE_GETSERVBYNAME 1
| #define HAVE_GETSERVENT 1
| #define HAVE_INET_ATON 1
| #define HAVE_IMAXDIV 1
| #define HAVE_MEMMOVE 1
| #define HAVE_PATHCONF 1
| #define HAVE_PUTENV 1
| #define HAVE_RAISE 1
| #define HAVE_RANDOM 1
| #define HAVE_REGCOMP 1
| #define HAVE_REGEXEC 1
| #define HAVE_SETENV 1
| #define HAVE_SETLINEBUF 1
| #define HAVE_SETLOCALE 1
| #define HAVE_SETVBUF 1
| #define HAVE_SIGINTERRUPT 1
| #define HAVE_STRCHR 1
| #define HAVE_SYSCONF 1
| #define HAVE_SYSLOG 1
| #define HAVE_TCGETATTR 1
| #define HAVE_TIMES 1
| #define HAVE_TTYNAME 1
| #define HAVE_TZSET 1
| #define HAVE_UNSETENV 1
| #define HAVE_VASPRINTF 1
| #define HAVE_ASPRINTF 1
| #define HAVE_ISASCII 1
| #define HAVE_ISBLANK 1
| #define HAVE_ISGRAPH 1
| #define HAVE_ISPRINT 1
| #define HAVE_ISSPACE 1
| #define HAVE_ISXDIGIT 1
| #define HAVE_GETPWENT 1
| #define HAVE_GETPWNAM 1
| #define HAVE_GETPWUID 1
| #define HAVE_MKSTEMP 1
| #define HAVE_MKDTEMP 1
| #define HAVE_ARC4RANDOM 1
| #define HAVE_GETCWD 1
| #define HAVE_MEMSET 1
| #define HAVE_STRCASECMP 1
| #define HAVE_STRCASESTR 1
| #define HAVE_STRERROR 1
| #define HAVE_STRFTIME 1
| #define HAVE_STRNLEN 1
| #define HAVE_STRPBRK 1
| #define HAVE_STRSTR 1
| #define HAVE_STRTOD 1
| #define HAVE_STRTOL 1
| #define HAVE_STRTOUL 1
| #define HAVE_STRTOLL 1
| #define HAVE_STRTOULL 1
| #define HAVE_STRTOUMAX 1
| #define HAVE_DPRINTF 1
| #define HAVE_STRCHRNUL 1
| #define HAVE_STRDUP 1
| #define HAVE_DECL_AUDIT_USER_TTY 1
| #define HAVE_DECL_CONFSTR 1
| #define HAVE_DECL_PRINTF 1
| #define HAVE_DECL_SBRK 1
| #define HAVE_DECL_SETREGID 1
| #define HAVE_DECL_STRCPY 1
| #define HAVE_DECL_STRSIGNAL 1
| #define HAVE_SETRESUID 1
| #define HAVE_SETRESGID 1
| #define HAVE_DECL_STRTOLD 1
| #define HAVE_DECL_STRTOL 1
| #define HAVE_DECL_STRTOLL 1
| #define HAVE_DECL_STRTOUL 1
| #define HAVE_DECL_STRTOULL 1
| #define HAVE_DECL_STRTOUMAX 1
| #define HAVE_ARGZ_H 1
| #define HAVE_ERRNO_H 1
| #define HAVE_FCNTL_H 1
| #define HAVE_MALLOC_H 1
| #define HAVE_STDIO_EXT_H 1
| #define HAVE_MMAP 1
| #define HAVE___ARGZ_COUNT 1
| #define HAVE___ARGZ_NEXT 1
| #define HAVE___ARGZ_STRINGIFY 1
| #define HAVE_DCGETTEXT 1
| #define HAVE_MEMPCPY 1
| #define HAVE_MUNMAP 1
| #define HAVE_MREMAP 1
| #define HAVE_STPCPY 1
| #define HAVE_STRCSPN 1
| #define HAVE_WCTYPE_H 1
| #define HAVE_WCHAR_H 1
| #define HAVE_LANGINFO_H 1
| #define HAVE_MBRLEN 1
| #define HAVE_MBSNRTOWCS 1
| #define HAVE_MBSRTOWCS 1
| #define HAVE_WCRTOMB 1
| #define HAVE_WCSCOLL 1
| #define HAVE_WCSDUP 1
| #define HAVE_WCWIDTH 1
| #define HAVE_WCTYPE 1
| #define HAVE_WCSWIDTH 1
| #define HAVE_MBRTOWC 1
| #define HAVE_MBSTATE_T 1
| #define HAVE_ISWLOWER 1
| #define HAVE_ISWUPPER 1
| #define HAVE_TOWLOWER 1
| #define HAVE_TOWUPPER 1
| #define HAVE_ISWCTYPE 1
| #define HAVE_WCHAR_T 1
| #define HAVE_WCTYPE_T 1
| #define HAVE_WINT_T 1
| #define SIZEOF_WCHAR_T 4
| #define HAVE_LIBDL 1
| #define HAVE_DLOPEN 1
| #define HAVE_DLCLOSE 1
| #define HAVE_DLSYM 1
| #define GETGROUPS_T gid_t
| #define HAVE_UINTPTR_T 1
| #define HAVE_LONG_LONG_INT 1
| #define HAVE_UNSIGNED_LONG_LONG_INT 1
| #define SIZEOF_CHAR 1
| #define SIZEOF_SHORT 2
| #define SIZEOF_INT 4
| #define SIZEOF_LONG 8
| #define SIZEOF_CHAR_P 8
| #define SIZEOF_SIZE_T 8
| #define SIZEOF_DOUBLE 8
| #define SIZEOF_LONG_LONG 8
| #define bits16_t short
| #define u_bits16_t unsigned short
| #define bits32_t int
| #define u_bits32_t unsigned int
| #define bits64_t char *
| #define HAVE_HASH_BANG_EXEC 1
| #define HAVE_POSIX_SIGNALS 1
| #define HAVE_SYS_ERRLIST 1
| #define HAVE_DECL_SYS_SIGLIST 0
| #define HAVE_SOCKLEN_T 1
| #define HAVE_QUAD_T 1
| #define RLIMTYPE rlim_t
| #define HAVE_INTMAX_T 1
| #define HAVE_UINTMAX_T 1
| #define SIZEOF_INTMAX_T 8
| #define TERMIOS_LDISC 1
| #define TERMIO_LDISC 1
| #define HAVE_STRUCT_DIRENT_D_INO 1
| #define HAVE_STRUCT_DIRENT_D_INO 1
| #define HAVE_STRUCT_DIRENT_D_FILENO 1
| #define HAVE_STRUCT_DIRENT_D_FILENO 1
| #define STRUCT_WINSIZE_IN_SYS_IOCTL 1
| #define HAVE_TIMEVAL 1
| #define HAVE_STRUCT_STAT_ST_BLOCKS 1
| #define HAVE_STRUCT_TM_TM_ZONE 1
| #define HAVE_TM_ZONE 1
| #define HAVE_STRUCT_TIMEZONE 1
| #define WEXITSTATUS_OFFSET 8
| #define HAVE_STRUCT_TIMESPEC 1
| #define TIME_H_DEFINES_STRUCT_TIMESPEC 1
| #define HAVE_STRUCT_STAT_ST_ATIM_TV_NSEC 1
| #define TYPEOF_STRUCT_STAT_ST_ATIM_IS_STRUCT_TIMESPEC 1
| #define HAVE_SBRK 1
| #define HAVE_STRSIGNAL 1
| #define ULIMIT_MAXFDS 1
| #define HAVE_DECL_FPURGE 0
| #define CAN_REDEFINE_GETENV 1
| #define HAVE_POSIX_SIGSETJMP 1
| /* end confdefs.h.  */
| 
| #include <stdio.h>
| #if defined (HAVE_LOCALE_H)
| #include <locale.h>
| #endif
| #include <string.h>
| #include <stdlib.h>
| 
| int
| main(c, v)
| int     c;
| char    *v[];
| {
|         int     r1, r2;
|         char    *deflocale, *defcoll;
| 
| #ifdef HAVE_SETLOCALE
|         deflocale = setlocale(LC_ALL, "");
| 	defcoll = setlocale(LC_COLLATE, "");
| #endif
| 
| #ifdef HAVE_STRCOLL
| 	/* These two values are taken from tests/glob-test. */
|         r1 = strcoll("abd", "aXd");
| #else
| 	r1 = 0;
| #endif
|         r2 = strcmp("abd", "aXd");
| 
| 	/* These two should both be greater than 0.  It is permissible for
| 	   a system to return different values, as long as the sign is the
| 	   same. */
| 
|         /* Exit with 1 (failure) if these two values are both > 0, since
| 	   this tests whether strcoll(3) is broken with respect to strcmp(3)
| 	   in the default locale. */
| 	exit (r1 > 0 && r2 > 0);
| }
| 
configure:20257: result: no
configure:20268: checking for standard-conformant snprintf
configure:20296: /usr/bin/clang -o conftest -g -O2   conftest.c -ldl  >&5
configure:20296: $? = 0
configure:20296: ./conftest
configure:20296: $? = 0
configure:20307: result: yes
configure:20323: checking for standard-conformant vsnprintf
configure:20378: /usr/bin/clang -o conftest -g -O2   conftest.c -ldl  >&5
configure:20378: $? = 0
configure:20378: ./conftest
configure:20378: $? = 0
configure:20389: result: yes
configure:20403: checking for usable strtoimax
configure:20412: checking for strtoimax
configure:20412: /usr/bin/clang -o conftest -g -O2   conftest.c -ldl  >&5
configure:20412: $? = 0
configure:20412: result: yes
configure:20419: checking whether strtoimax is declared
configure:20419: /usr/bin/clang -c -g -O2   conftest.c >&5
configure:20419: $? = 0
configure:20419: result: yes
configure:20444: result: yes
configure:20460: checking for standard-conformant putenv declaration
configure:20494: /usr/bin/clang -o conftest -g -O2   conftest.c -ldl  >&5
conftest.c:422:9: warning: comparison of function 'putenv' equal to a null pointer is always false [-Wtautological-pointer-compare]
  422 | return (putenv == 0);
      |         ^~~~~~    ~
conftest.c:422:9: note: prefix with the address-of operator to silence this warning
  422 | return (putenv == 0);
      |         ^
      |         &
1 warning generated.
configure:20494: $? = 0
configure:20504: result: yes
configure:20518: checking for standard-conformant unsetenv declaration
configure:20552: /usr/bin/clang -o conftest -g -O2   conftest.c -ldl  >&5
conftest.c:423:9: warning: comparison of function 'unsetenv' equal to a null pointer is always false [-Wtautological-pointer-compare]
  423 | return (unsetenv == 0);
      |         ^~~~~~~~    ~
conftest.c:423:9: note: prefix with the address-of operator to silence this warning
  423 | return (unsetenv == 0);
      |         ^
      |         &
1 warning generated.
configure:20552: $? = 0
configure:20562: result: yes
configure:20574: checking for printf floating point output in hex notation
configure:20605: /usr/bin/clang -o conftest -g -O2   conftest.c -ldl  >&5
configure:20605: $? = 0
configure:20605: ./conftest
configure:20605: $? = 0
configure:20617: result: yes
configure:20625: checking whether fnmatch can be used to check bracket equivalence classes
configure:20662: /usr/bin/clang -o conftest -g -O2   conftest.c -ldl  >&5
configure:20662: $? = 0
configure:20662: ./conftest
configure:20662: $? = 0
configure:20674: result: yes
configure:20687: checking if signal handlers must be reinstalled when invoked
configure:20749: /usr/bin/clang -o conftest -g -O2   conftest.c -ldl  >&5
conftest.c:418:1: warning: a function definition without a prototype is deprecated in all versions of C and is not supported in C23 [-Wdeprecated-non-prototype]
  418 | set_signal_handler(sig, handler)
      | ^
conftest.c:435:1: warning: a function definition without a prototype is deprecated in all versions of C and is not supported in C23 [-Wdeprecated-non-prototype]
  435 | sigint(s)
      | ^
2 warnings generated.
configure:20749: $? = 0
configure:20749: ./conftest
configure:20749: $? = 0
configure:20761: result: no
configure:20769: checking for presence of necessary job control definitions
configure:20827: /usr/bin/clang -c -g -O2  conftest.c >&5
configure:20827: $? = 0
configure:20837: result: present
configure:20844: checking for presence of named pipes
configure:20902: /usr/bin/clang -o conftest -g -O2   conftest.c -ldl  >&5
configure:20902: $? = 0
configure:20902: ./conftest
configure:20902: $? = 0
configure:20914: result: present
configure:20922: checking whether termios.h defines TIOCGWINSZ
configure:20947: result: no
configure:20951: checking whether sys/ioctl.h defines TIOCGWINSZ
configure:20976: result: yes
configure:20986: checking for TIOCSTAT in sys/ioctl.h
configure:21005: /usr/bin/clang -c -g -O2  conftest.c >&5
conftest.c:412:9: error: use of undeclared identifier 'TIOCSTAT'
  412 | int x = TIOCSTAT;
      |         ^
1 error generated.
configure:21005: $? = 1
configure: failed program was:
| /* confdefs.h */
| #define PACKAGE_NAME "bash"
| #define PACKAGE_TARNAME "bash"
| #define PACKAGE_VERSION "5.2-release"
| #define PACKAGE_STRING "bash 5.2-release"
| #define PACKAGE_BUGREPORT "bug-bash@gnu.org"
| #define PACKAGE_URL ""
| #define USING_BASH_MALLOC 1
| #define ALIAS 1
| #define PUSHD_AND_POPD 1
| #define RESTRICTED_SHELL 1
| #define PROCESS_SUBSTITUTION 1
| #define PROMPT_STRING_DECODE 1
| #define SELECT_COMMAND 1
| #define HELP_BUILTIN 1
| #define ARRAY_VARS 1
| #define DPAREN_ARITHMETIC 1
| #define BRACE_EXPANSION 1
| #define COMMAND_TIMING 1
| #define EXTENDED_GLOB 1
| #define EXTGLOB_DEFAULT 0
| #define COND_COMMAND 1
| #define COND_REGEXP 1
| #define COPROCESS_SUPPORT 1
| #define ARITH_FOR_COMMAND 1
| #define NETWORK_REDIRECTIONS 1
| #define PROGRAMMABLE_COMPLETION 1
| #define DEBUGGER 1
| #define CASEMOD_ATTRS 1
| #define CASEMOD_EXPANSIONS 1
| #define GLOBASCII_DEFAULT 1
| #define FUNCTION_IMPORT 1
| #define TRANSLATABLE_STRINGS 1
| #define MEMSCRAMBLE 1
| #define HAVE_STDIO_H 1
| #define HAVE_STDLIB_H 1
| #define HAVE_STRING_H 1
| #define HAVE_INTTYPES_H 1
| #define HAVE_STDINT_H 1
| #define HAVE_STRINGS_H 1
| #define HAVE_SYS_STAT_H 1
| #define HAVE_SYS_TYPES_H 1
| #define HAVE_UNISTD_H 1
| #define HAVE_WCHAR_H 1
| #define HAVE_SYS_PARAM_H 1
| #define HAVE_SYS_TIME_H 1
| #define STDC_HEADERS 1
| #define _ALL_SOURCE 1
| #define _DARWIN_C_SOURCE 1
| #define _GNU_SOURCE 1
| #define _HPUX_ALT_XOPEN_SOCKET_API 1
| #define _NETBSD_SOURCE 1
| #define _OPENBSD_SOURCE 1
| #define _POSIX_PTHREAD_SEMANTICS 1
| #define __STDC_WANT_IEC_60559_ATTRIBS_EXT__ 1
| #define __STDC_WANT_IEC_60559_BFP_EXT__ 1
| #define __STDC_WANT_IEC_60559_DFP_EXT__ 1
| #define __STDC_WANT_IEC_60559_FUNCS_EXT__ 1
| #define __STDC_WANT_IEC_60559_TYPES_EXT__ 1
| #define __STDC_WANT_LIB_EXT2__ 1
| #define __STDC_WANT_MATH_SPEC_FUNCS__ 1
| #define _TANDEM_SOURCE 1
| #define __EXTENSIONS__ 1
| #define READLINE 1
| #define HISTORY 1
| #define BANG_HISTORY 1
| #define HAVE_STRINGIZE 1
| #define HAVE_LONG_DOUBLE 1
| #define PROTOTYPES 1
| #define __PROTOTYPES 1
| #define restrict __restrict__
| #define HAVE_VISIBILITY 1
| #define HAVE_STDINT_H_WITH_UINTMAX 1
| #define HAVE_ALLOCA_H 1
| #define HAVE_ALLOCA 1
| #define HAVE_GETPAGESIZE 1
| #define HAVE_SYMLINK 1
| #define HAVE_USELOCALE 1
| #define HAVE_VPRINTF 1
| #define HAVE_ALARM 1
| #define HAVE___FPURGE 1
| #define HAVE_SNPRINTF 1
| #define HAVE_VSNPRINTF 1
| #define HAVE_MMAP 1
| #define INTDIV0_RAISES_SIGFPE 1
| #define HAVE_INTTYPES_H_WITH_UINTMAX 1
| #define HAVE_UNSIGNED_LONG_LONG_INT 1
| #define HAVE_UINTMAX_T 1
| #define HAVE_INTTYPES_H 1
| #define USE_POSIX_THREADS 1
| #define USE_POSIX_THREADS_WEAK 1
| #define HAVE_PTHREAD_RWLOCK 1
| #define HAVE_PTHREAD_MUTEX_RECURSIVE 1
| #define HAVE_ICONV 1
| #define ICONV_CONST 
| #define HAVE_BUILTIN_EXPECT 1
| #define HAVE_ARGZ_H 1
| #define HAVE_INTTYPES_H 1
| #define HAVE_LIMITS_H 1
| #define HAVE_UNISTD_H 1
| #define HAVE_SYS_PARAM_H 1
| #define HAVE_GETCWD 1
| #define HAVE_GETEGID 1
| #define HAVE_GETEUID 1
| #define HAVE_GETGID 1
| #define HAVE_GETUID 1
| #define HAVE_MEMPCPY 1
| #define HAVE_MUNMAP 1
| #define HAVE_STPCPY 1
| #define HAVE_STRCASECMP 1
| #define HAVE_STRDUP 1
| #define HAVE_STRTOUL 1
| #define HAVE_TSEARCH 1
| #define HAVE_ARGZ_COUNT 1
| #define HAVE_ARGZ_STRINGIFY 1
| #define HAVE_ARGZ_NEXT 1
| #define HAVE___FSETLOCKING 1
| #define HAVE_LOCALECONV 1
| #define HAVE_DECL_FEOF_UNLOCKED 1
| #define HAVE_DECL_FGETS_UNLOCKED 1
| #define HAVE_LONG_LONG_INT 1
| #define HAVE_WCHAR_T 1
| #define HAVE_WINT_T 1
| #define HAVE_INTMAX_T 1
| #define HAVE_POSIX_PRINTF 1
| #define HAVE_STDINT_H 1
| #define HAVE_STDINT_H 1
| #define HAVE_WORKING_O_NOATIME 1
| #define HAVE_WORKING_O_NOFOLLOW 1
| #define HAVE_WORKING_USELOCALE 1
| #define FLEXIBLE_ARRAY_MEMBER /**/
| #define HAVE_FEATURES_H 1
| #define HAVE_STDDEF_H 1
| #define HAVE_STDLIB_H 1
| #define HAVE_STRING_H 1
| #define HAVE_ASPRINTF 1
| #define HAVE_FWPRINTF 1
| #define HAVE_NEWLOCALE 1
| #define HAVE_PUTENV 1
| #define HAVE_SETENV 1
| #define HAVE_SETLOCALE 1
| #define HAVE_SNPRINTF 1
| #define HAVE_STRNLEN 1
| #define HAVE_USELOCALE 1
| #define HAVE_WCSLEN 1
| #define HAVE_WCSNLEN 1
| #define HAVE_MBRTOWC 1
| #define HAVE_WCRTOMB 1
| #define HAVE_DECL__SNPRINTF 0
| #define HAVE_DECL__SNWPRINTF 0
| #define HAVE_DECL_GETC_UNLOCKED 1
| #define HAVE_LANGINFO_CODESET 1
| #define HAVE_LC_MESSAGES 1
| #define ENABLE_NLS 1
| #define HAVE_GETTEXT 1
| #define HAVE_DCGETTEXT 1
| #define HAVE_DIRENT_H 1
| #define MAJOR_IN_SYSMACROS 1
| #define HAVE_INTTYPES_H 1
| #define HAVE_UNISTD_H 1
| #define HAVE_STDLIB_H 1
| #define HAVE_STDARG_H 1
| #define HAVE_LIMITS_H 1
| #define HAVE_STRING_H 1
| #define HAVE_MEMORY_H 1
| #define HAVE_LOCALE_H 1
| #define HAVE_TERMCAP_H 1
| #define HAVE_TERMIO_H 1
| #define HAVE_TERMIOS_H 1
| #define HAVE_DLFCN_H 1
| #define HAVE_STDBOOL_H 1
| #define HAVE_STDDEF_H 1
| #define HAVE_STDINT_H 1
| #define HAVE_NETDB_H 1
| #define HAVE_PWD_H 1
| #define HAVE_GRP_H 1
| #define HAVE_STRINGS_H 1
| #define HAVE_REGEX_H 1
| #define HAVE_SYSLOG_H 1
| #define HAVE_ULIMIT_H 1
| #define HAVE_SYS_SELECT_H 1
| #define HAVE_SYS_FILE_H 1
| #define HAVE_SYS_IOCTL_H 1
| #define HAVE_SYS_MMAN_H 1
| #define HAVE_SYS_PARAM_H 1
| #define HAVE_SYS_RANDOM_H 1
| #define HAVE_SYS_SOCKET_H 1
| #define HAVE_SYS_STAT_H 1
| #define HAVE_SYS_TIME_H 1
| #define HAVE_SYS_TIMES_H 1
| #define HAVE_SYS_TYPES_H 1
| #define HAVE_SYS_WAIT_H 1
| #define HAVE_NETINET_IN_H 1
| #define HAVE_ARPA_INET_H 1
| #define HAVE_SYS_RESOURCE_H 1
| #define HAVE_ALLOCA_H 1
| #define HAVE_ALLOCA 1
| #define HAVE_CHOWN 1
| #define GETPGRP_VOID 1
| #define HAVE_STRCOLL 1
| #define HAVE_WAIT3 1
| #define HAVE_MKFIFO 1
| #define HAVE_DUP2 1
| #define HAVE_EACCESS 1
| #define HAVE_FCNTL 1
| #define HAVE_GETDTABLESIZE 1
| #define HAVE_GETENTROPY 1
| #define HAVE_GETGROUPS 1
| #define HAVE_GETHOSTNAME 1
| #define HAVE_GETPAGESIZE 1
| #define HAVE_GETPEERNAME 1
| #define HAVE_GETRANDOM 1
| #define HAVE_GETRLIMIT 1
| #define HAVE_GETRUSAGE 1
| #define HAVE_GETTIMEOFDAY 1
| #define HAVE_KILL 1
| #define HAVE_KILLPG 1
| #define HAVE_LSTAT 1
| #define HAVE_PSELECT 1
| #define HAVE_READLINK 1
| #define HAVE_SELECT 1
| #define HAVE_SETITIMER 1
| #define HAVE_TCGETPGRP 1
| #define HAVE_UNAME 1
| #define HAVE_ULIMIT 1
| #define HAVE_WAITPID 1
| #define HAVE_RENAME 1
| #define HAVE_BCOPY 1
| #define HAVE_BZERO 1
| #define HAVE_CONFSTR 1
| #define HAVE_FACCESSAT 1
| #define HAVE_FNMATCH 1
| #define HAVE_GETADDRINFO 1
| #define HAVE_GETHOSTBYNAME 1
| #define HAVE_GETSERVBYNAME 1
| #define HAVE_GETSERVENT 1
| #define HAVE_INET_ATON 1
| #define HAVE_IMAXDIV 1
| #define HAVE_MEMMOVE 1
| #define HAVE_PATHCONF 1
| #define HAVE_PUTENV 1
| #define HAVE_RAISE 1
| #define HAVE_RANDOM 1
| #define HAVE_REGCOMP 1
| #define HAVE_REGEXEC 1
| #define HAVE_SETENV 1
| #define HAVE_SETLINEBUF 1
| #define HAVE_SETLOCALE 1
| #define HAVE_SETVBUF 1
| #define HAVE_SIGINTERRUPT 1
| #define HAVE_STRCHR 1
| #define HAVE_SYSCONF 1
| #define HAVE_SYSLOG 1
| #define HAVE_TCGETATTR 1
| #define HAVE_TIMES 1
| #define HAVE_TTYNAME 1
| #define HAVE_TZSET 1
| #define HAVE_UNSETENV 1
| #define HAVE_VASPRINTF 1
| #define HAVE_ASPRINTF 1
| #define HAVE_ISASCII 1
| #define HAVE_ISBLANK 1
| #define HAVE_ISGRAPH 1
| #define HAVE_ISPRINT 1
| #define HAVE_ISSPACE 1
| #define HAVE_ISXDIGIT 1
| #define HAVE_GETPWENT 1
| #define HAVE_GETPWNAM 1
| #define HAVE_GETPWUID 1
| #define HAVE_MKSTEMP 1
| #define HAVE_MKDTEMP 1
| #define HAVE_ARC4RANDOM 1
| #define HAVE_GETCWD 1
| #define HAVE_MEMSET 1
| #define HAVE_STRCASECMP 1
| #define HAVE_STRCASESTR 1
| #define HAVE_STRERROR 1
| #define HAVE_STRFTIME 1
| #define HAVE_STRNLEN 1
| #define HAVE_STRPBRK 1
| #define HAVE_STRSTR 1
| #define HAVE_STRTOD 1
| #define HAVE_STRTOL 1
| #define HAVE_STRTOUL 1
| #define HAVE_STRTOLL 1
| #define HAVE_STRTOULL 1
| #define HAVE_STRTOUMAX 1
| #define HAVE_DPRINTF 1
| #define HAVE_STRCHRNUL 1
| #define HAVE_STRDUP 1
| #define HAVE_DECL_AUDIT_USER_TTY 1
| #define HAVE_DECL_CONFSTR 1
| #define HAVE_DECL_PRINTF 1
| #define HAVE_DECL_SBRK 1
| #define HAVE_DECL_SETREGID 1
| #define HAVE_DECL_STRCPY 1
| #define HAVE_DECL_STRSIGNAL 1
| #define HAVE_SETRESUID 1
| #define HAVE_SETRESGID 1
| #define HAVE_DECL_STRTOLD 1
| #define HAVE_DECL_STRTOL 1
| #define HAVE_DECL_STRTOLL 1
| #define HAVE_DECL_STRTOUL 1
| #define HAVE_DECL_STRTOULL 1
| #define HAVE_DECL_STRTOUMAX 1
| #define HAVE_ARGZ_H 1
| #define HAVE_ERRNO_H 1
| #define HAVE_FCNTL_H 1
| #define HAVE_MALLOC_H 1
| #define HAVE_STDIO_EXT_H 1
| #define HAVE_MMAP 1
| #define HAVE___ARGZ_COUNT 1
| #define HAVE___ARGZ_NEXT 1
| #define HAVE___ARGZ_STRINGIFY 1
| #define HAVE_DCGETTEXT 1
| #define HAVE_MEMPCPY 1
| #define HAVE_MUNMAP 1
| #define HAVE_MREMAP 1
| #define HAVE_STPCPY 1
| #define HAVE_STRCSPN 1
| #define HAVE_WCTYPE_H 1
| #define HAVE_WCHAR_H 1
| #define HAVE_LANGINFO_H 1
| #define HAVE_MBRLEN 1
| #define HAVE_MBSNRTOWCS 1
| #define HAVE_MBSRTOWCS 1
| #define HAVE_WCRTOMB 1
| #define HAVE_WCSCOLL 1
| #define HAVE_WCSDUP 1
| #define HAVE_WCWIDTH 1
| #define HAVE_WCTYPE 1
| #define HAVE_WCSWIDTH 1
| #define HAVE_MBRTOWC 1
| #define HAVE_MBSTATE_T 1
| #define HAVE_ISWLOWER 1
| #define HAVE_ISWUPPER 1
| #define HAVE_TOWLOWER 1
| #define HAVE_TOWUPPER 1
| #define HAVE_ISWCTYPE 1
| #define HAVE_WCHAR_T 1
| #define HAVE_WCTYPE_T 1
| #define HAVE_WINT_T 1
| #define SIZEOF_WCHAR_T 4
| #define HAVE_LIBDL 1
| #define HAVE_DLOPEN 1
| #define HAVE_DLCLOSE 1
| #define HAVE_DLSYM 1
| #define GETGROUPS_T gid_t
| #define HAVE_UINTPTR_T 1
| #define HAVE_LONG_LONG_INT 1
| #define HAVE_UNSIGNED_LONG_LONG_INT 1
| #define SIZEOF_CHAR 1
| #define SIZEOF_SHORT 2
| #define SIZEOF_INT 4
| #define SIZEOF_LONG 8
| #define SIZEOF_CHAR_P 8
| #define SIZEOF_SIZE_T 8
| #define SIZEOF_DOUBLE 8
| #define SIZEOF_LONG_LONG 8
| #define bits16_t short
| #define u_bits16_t unsigned short
| #define bits32_t int
| #define u_bits32_t unsigned int
| #define bits64_t char *
| #define HAVE_HASH_BANG_EXEC 1
| #define HAVE_POSIX_SIGNALS 1
| #define HAVE_SYS_ERRLIST 1
| #define HAVE_DECL_SYS_SIGLIST 0
| #define HAVE_SOCKLEN_T 1
| #define HAVE_QUAD_T 1
| #define RLIMTYPE rlim_t
| #define HAVE_INTMAX_T 1
| #define HAVE_UINTMAX_T 1
| #define SIZEOF_INTMAX_T 8
| #define TERMIOS_LDISC 1
| #define TERMIO_LDISC 1
| #define HAVE_STRUCT_DIRENT_D_INO 1
| #define HAVE_STRUCT_DIRENT_D_INO 1
| #define HAVE_STRUCT_DIRENT_D_FILENO 1
| #define HAVE_STRUCT_DIRENT_D_FILENO 1
| #define STRUCT_WINSIZE_IN_SYS_IOCTL 1
| #define HAVE_TIMEVAL 1
| #define HAVE_STRUCT_STAT_ST_BLOCKS 1
| #define HAVE_STRUCT_TM_TM_ZONE 1
| #define HAVE_TM_ZONE 1
| #define HAVE_STRUCT_TIMEZONE 1
| #define WEXITSTATUS_OFFSET 8
| #define HAVE_STRUCT_TIMESPEC 1
| #define TIME_H_DEFINES_STRUCT_TIMESPEC 1
| #define HAVE_STRUCT_STAT_ST_ATIM_TV_NSEC 1
| #define TYPEOF_STRUCT_STAT_ST_ATIM_IS_STRUCT_TIMESPEC 1
| #define HAVE_SBRK 1
| #define HAVE_STRSIGNAL 1
| #define ULIMIT_MAXFDS 1
| #define HAVE_DECL_FPURGE 0
| #define CAN_REDEFINE_GETENV 1
| #define HAVE_POSIX_SIGSETJMP 1
| #define HAVE_STRTOIMAX 1
| #define HAVE_DECL_STRTOIMAX 1
| #define HAVE_STD_PUTENV 1
| #define HAVE_STD_UNSETENV 1
| #define HAVE_PRINTF_A_FORMAT 1
| #define FNMATCH_EQUIV_FALLBACK 1
| #define GWINSZ_IN_SYS_IOCTL 1
| /* end confdefs.h.  */
| 
| #include <sys/types.h>
| #include <sys/ioctl.h>
| int
| main (void)
| {
| int x = TIOCSTAT;
|   ;
|   return 0;
| }
configure:21015: result: no
configure:21022: checking for FIONREAD in sys/ioctl.h
configure:21041: /usr/bin/clang -c -g -O2  conftest.c >&5
configure:21041: $? = 0
configure:21051: result: yes
configure:21060: checking whether WCONTINUED flag to waitpid is unavailable or available but broken
configure:21098: /usr/bin/clang -o conftest -g -O2   conftest.c -ldl  >&5
configure:21098: $? = 0
configure:21098: ./conftest
configure:21098: $? = 0
configure:21110: result: no
configure:21118: checking for speed_t in sys/types.h
configure:21135: /usr/bin/clang -c -g -O2  conftest.c >&5
conftest.c:411:1: error: use of undeclared identifier 'speed_t'
  411 | speed_t x;
      | ^
1 error generated.
configure:21135: $? = 1
configure: failed program was:
| /* confdefs.h */
| #define PACKAGE_NAME "bash"
| #define PACKAGE_TARNAME "bash"
| #define PACKAGE_VERSION "5.2-release"
| #define PACKAGE_STRING "bash 5.2-release"
| #define PACKAGE_BUGREPORT "bug-bash@gnu.org"
| #define PACKAGE_URL ""
| #define USING_BASH_MALLOC 1
| #define ALIAS 1
| #define PUSHD_AND_POPD 1
| #define RESTRICTED_SHELL 1
| #define PROCESS_SUBSTITUTION 1
| #define PROMPT_STRING_DECODE 1
| #define SELECT_COMMAND 1
| #define HELP_BUILTIN 1
| #define ARRAY_VARS 1
| #define DPAREN_ARITHMETIC 1
| #define BRACE_EXPANSION 1
| #define COMMAND_TIMING 1
| #define EXTENDED_GLOB 1
| #define EXTGLOB_DEFAULT 0
| #define COND_COMMAND 1
| #define COND_REGEXP 1
| #define COPROCESS_SUPPORT 1
| #define ARITH_FOR_COMMAND 1
| #define NETWORK_REDIRECTIONS 1
| #define PROGRAMMABLE_COMPLETION 1
| #define DEBUGGER 1
| #define CASEMOD_ATTRS 1
| #define CASEMOD_EXPANSIONS 1
| #define GLOBASCII_DEFAULT 1
| #define FUNCTION_IMPORT 1
| #define TRANSLATABLE_STRINGS 1
| #define MEMSCRAMBLE 1
| #define HAVE_STDIO_H 1
| #define HAVE_STDLIB_H 1
| #define HAVE_STRING_H 1
| #define HAVE_INTTYPES_H 1
| #define HAVE_STDINT_H 1
| #define HAVE_STRINGS_H 1
| #define HAVE_SYS_STAT_H 1
| #define HAVE_SYS_TYPES_H 1
| #define HAVE_UNISTD_H 1
| #define HAVE_WCHAR_H 1
| #define HAVE_SYS_PARAM_H 1
| #define HAVE_SYS_TIME_H 1
| #define STDC_HEADERS 1
| #define _ALL_SOURCE 1
| #define _DARWIN_C_SOURCE 1
| #define _GNU_SOURCE 1
| #define _HPUX_ALT_XOPEN_SOCKET_API 1
| #define _NETBSD_SOURCE 1
| #define _OPENBSD_SOURCE 1
| #define _POSIX_PTHREAD_SEMANTICS 1
| #define __STDC_WANT_IEC_60559_ATTRIBS_EXT__ 1
| #define __STDC_WANT_IEC_60559_BFP_EXT__ 1
| #define __STDC_WANT_IEC_60559_DFP_EXT__ 1
| #define __STDC_WANT_IEC_60559_FUNCS_EXT__ 1
| #define __STDC_WANT_IEC_60559_TYPES_EXT__ 1
| #define __STDC_WANT_LIB_EXT2__ 1
| #define __STDC_WANT_MATH_SPEC_FUNCS__ 1
| #define _TANDEM_SOURCE 1
| #define __EXTENSIONS__ 1
| #define READLINE 1
| #define HISTORY 1
| #define BANG_HISTORY 1
| #define HAVE_STRINGIZE 1
| #define HAVE_LONG_DOUBLE 1
| #define PROTOTYPES 1
| #define __PROTOTYPES 1
| #define restrict __restrict__
| #define HAVE_VISIBILITY 1
| #define HAVE_STDINT_H_WITH_UINTMAX 1
| #define HAVE_ALLOCA_H 1
| #define HAVE_ALLOCA 1
| #define HAVE_GETPAGESIZE 1
| #define HAVE_SYMLINK 1
| #define HAVE_USELOCALE 1
| #define HAVE_VPRINTF 1
| #define HAVE_ALARM 1
| #define HAVE___FPURGE 1
| #define HAVE_SNPRINTF 1
| #define HAVE_VSNPRINTF 1
| #define HAVE_MMAP 1
| #define INTDIV0_RAISES_SIGFPE 1
| #define HAVE_INTTYPES_H_WITH_UINTMAX 1
| #define HAVE_UNSIGNED_LONG_LONG_INT 1
| #define HAVE_UINTMAX_T 1
| #define HAVE_INTTYPES_H 1
| #define USE_POSIX_THREADS 1
| #define USE_POSIX_THREADS_WEAK 1
| #define HAVE_PTHREAD_RWLOCK 1
| #define HAVE_PTHREAD_MUTEX_RECURSIVE 1
| #define HAVE_ICONV 1
| #define ICONV_CONST 
| #define HAVE_BUILTIN_EXPECT 1
| #define HAVE_ARGZ_H 1
| #define HAVE_INTTYPES_H 1
| #define HAVE_LIMITS_H 1
| #define HAVE_UNISTD_H 1
| #define HAVE_SYS_PARAM_H 1
| #define HAVE_GETCWD 1
| #define HAVE_GETEGID 1
| #define HAVE_GETEUID 1
| #define HAVE_GETGID 1
| #define HAVE_GETUID 1
| #define HAVE_MEMPCPY 1
| #define HAVE_MUNMAP 1
| #define HAVE_STPCPY 1
| #define HAVE_STRCASECMP 1
| #define HAVE_STRDUP 1
| #define HAVE_STRTOUL 1
| #define HAVE_TSEARCH 1
| #define HAVE_ARGZ_COUNT 1
| #define HAVE_ARGZ_STRINGIFY 1
| #define HAVE_ARGZ_NEXT 1
| #define HAVE___FSETLOCKING 1
| #define HAVE_LOCALECONV 1
| #define HAVE_DECL_FEOF_UNLOCKED 1
| #define HAVE_DECL_FGETS_UNLOCKED 1
| #define HAVE_LONG_LONG_INT 1
| #define HAVE_WCHAR_T 1
| #define HAVE_WINT_T 1
| #define HAVE_INTMAX_T 1
| #define HAVE_POSIX_PRINTF 1
| #define HAVE_STDINT_H 1
| #define HAVE_STDINT_H 1
| #define HAVE_WORKING_O_NOATIME 1
| #define HAVE_WORKING_O_NOFOLLOW 1
| #define HAVE_WORKING_USELOCALE 1
| #define FLEXIBLE_ARRAY_MEMBER /**/
| #define HAVE_FEATURES_H 1
| #define HAVE_STDDEF_H 1
| #define HAVE_STDLIB_H 1
| #define HAVE_STRING_H 1
| #define HAVE_ASPRINTF 1
| #define HAVE_FWPRINTF 1
| #define HAVE_NEWLOCALE 1
| #define HAVE_PUTENV 1
| #define HAVE_SETENV 1
| #define HAVE_SETLOCALE 1
| #define HAVE_SNPRINTF 1
| #define HAVE_STRNLEN 1
| #define HAVE_USELOCALE 1
| #define HAVE_WCSLEN 1
| #define HAVE_WCSNLEN 1
| #define HAVE_MBRTOWC 1
| #define HAVE_WCRTOMB 1
| #define HAVE_DECL__SNPRINTF 0
| #define HAVE_DECL__SNWPRINTF 0
| #define HAVE_DECL_GETC_UNLOCKED 1
| #define HAVE_LANGINFO_CODESET 1
| #define HAVE_LC_MESSAGES 1
| #define ENABLE_NLS 1
| #define HAVE_GETTEXT 1
| #define HAVE_DCGETTEXT 1
| #define HAVE_DIRENT_H 1
| #define MAJOR_IN_SYSMACROS 1
| #define HAVE_INTTYPES_H 1
| #define HAVE_UNISTD_H 1
| #define HAVE_STDLIB_H 1
| #define HAVE_STDARG_H 1
| #define HAVE_LIMITS_H 1
| #define HAVE_STRING_H 1
| #define HAVE_MEMORY_H 1
| #define HAVE_LOCALE_H 1
| #define HAVE_TERMCAP_H 1
| #define HAVE_TERMIO_H 1
| #define HAVE_TERMIOS_H 1
| #define HAVE_DLFCN_H 1
| #define HAVE_STDBOOL_H 1
| #define HAVE_STDDEF_H 1
| #define HAVE_STDINT_H 1
| #define HAVE_NETDB_H 1
| #define HAVE_PWD_H 1
| #define HAVE_GRP_H 1
| #define HAVE_STRINGS_H 1
| #define HAVE_REGEX_H 1
| #define HAVE_SYSLOG_H 1
| #define HAVE_ULIMIT_H 1
| #define HAVE_SYS_SELECT_H 1
| #define HAVE_SYS_FILE_H 1
| #define HAVE_SYS_IOCTL_H 1
| #define HAVE_SYS_MMAN_H 1
| #define HAVE_SYS_PARAM_H 1
| #define HAVE_SYS_RANDOM_H 1
| #define HAVE_SYS_SOCKET_H 1
| #define HAVE_SYS_STAT_H 1
| #define HAVE_SYS_TIME_H 1
| #define HAVE_SYS_TIMES_H 1
| #define HAVE_SYS_TYPES_H 1
| #define HAVE_SYS_WAIT_H 1
| #define HAVE_NETINET_IN_H 1
| #define HAVE_ARPA_INET_H 1
| #define HAVE_SYS_RESOURCE_H 1
| #define HAVE_ALLOCA_H 1
| #define HAVE_ALLOCA 1
| #define HAVE_CHOWN 1
| #define GETPGRP_VOID 1
| #define HAVE_STRCOLL 1
| #define HAVE_WAIT3 1
| #define HAVE_MKFIFO 1
| #define HAVE_DUP2 1
| #define HAVE_EACCESS 1
| #define HAVE_FCNTL 1
| #define HAVE_GETDTABLESIZE 1
| #define HAVE_GETENTROPY 1
| #define HAVE_GETGROUPS 1
| #define HAVE_GETHOSTNAME 1
| #define HAVE_GETPAGESIZE 1
| #define HAVE_GETPEERNAME 1
| #define HAVE_GETRANDOM 1
| #define HAVE_GETRLIMIT 1
| #define HAVE_GETRUSAGE 1
| #define HAVE_GETTIMEOFDAY 1
| #define HAVE_KILL 1
| #define HAVE_KILLPG 1
| #define HAVE_LSTAT 1
| #define HAVE_PSELECT 1
| #define HAVE_READLINK 1
| #define HAVE_SELECT 1
| #define HAVE_SETITIMER 1
| #define HAVE_TCGETPGRP 1
| #define HAVE_UNAME 1
| #define HAVE_ULIMIT 1
| #define HAVE_WAITPID 1
| #define HAVE_RENAME 1
| #define HAVE_BCOPY 1
| #define HAVE_BZERO 1
| #define HAVE_CONFSTR 1
| #define HAVE_FACCESSAT 1
| #define HAVE_FNMATCH 1
| #define HAVE_GETADDRINFO 1
| #define HAVE_GETHOSTBYNAME 1
| #define HAVE_GETSERVBYNAME 1
| #define HAVE_GETSERVENT 1
| #define HAVE_INET_ATON 1
| #define HAVE_IMAXDIV 1
| #define HAVE_MEMMOVE 1
| #define HAVE_PATHCONF 1
| #define HAVE_PUTENV 1
| #define HAVE_RAISE 1
| #define HAVE_RANDOM 1
| #define HAVE_REGCOMP 1
| #define HAVE_REGEXEC 1
| #define HAVE_SETENV 1
| #define HAVE_SETLINEBUF 1
| #define HAVE_SETLOCALE 1
| #define HAVE_SETVBUF 1
| #define HAVE_SIGINTERRUPT 1
| #define HAVE_STRCHR 1
| #define HAVE_SYSCONF 1
| #define HAVE_SYSLOG 1
| #define HAVE_TCGETATTR 1
| #define HAVE_TIMES 1
| #define HAVE_TTYNAME 1
| #define HAVE_TZSET 1
| #define HAVE_UNSETENV 1
| #define HAVE_VASPRINTF 1
| #define HAVE_ASPRINTF 1
| #define HAVE_ISASCII 1
| #define HAVE_ISBLANK 1
| #define HAVE_ISGRAPH 1
| #define HAVE_ISPRINT 1
| #define HAVE_ISSPACE 1
| #define HAVE_ISXDIGIT 1
| #define HAVE_GETPWENT 1
| #define HAVE_GETPWNAM 1
| #define HAVE_GETPWUID 1
| #define HAVE_MKSTEMP 1
| #define HAVE_MKDTEMP 1
| #define HAVE_ARC4RANDOM 1
| #define HAVE_GETCWD 1
| #define HAVE_MEMSET 1
| #define HAVE_STRCASECMP 1
| #define HAVE_STRCASESTR 1
| #define HAVE_STRERROR 1
| #define HAVE_STRFTIME 1
| #define HAVE_STRNLEN 1
| #define HAVE_STRPBRK 1
| #define HAVE_STRSTR 1
| #define HAVE_STRTOD 1
| #define HAVE_STRTOL 1
| #define HAVE_STRTOUL 1
| #define HAVE_STRTOLL 1
| #define HAVE_STRTOULL 1
| #define HAVE_STRTOUMAX 1
| #define HAVE_DPRINTF 1
| #define HAVE_STRCHRNUL 1
| #define HAVE_STRDUP 1
| #define HAVE_DECL_AUDIT_USER_TTY 1
| #define HAVE_DECL_CONFSTR 1
| #define HAVE_DECL_PRINTF 1
| #define HAVE_DECL_SBRK 1
| #define HAVE_DECL_SETREGID 1
| #define HAVE_DECL_STRCPY 1
| #define HAVE_DECL_STRSIGNAL 1
| #define HAVE_SETRESUID 1
| #define HAVE_SETRESGID 1
| #define HAVE_DECL_STRTOLD 1
| #define HAVE_DECL_STRTOL 1
| #define HAVE_DECL_STRTOLL 1
| #define HAVE_DECL_STRTOUL 1
| #define HAVE_DECL_STRTOULL 1
| #define HAVE_DECL_STRTOUMAX 1
| #define HAVE_ARGZ_H 1
| #define HAVE_ERRNO_H 1
| #define HAVE_FCNTL_H 1
| #define HAVE_MALLOC_H 1
| #define HAVE_STDIO_EXT_H 1
| #define HAVE_MMAP 1
| #define HAVE___ARGZ_COUNT 1
| #define HAVE___ARGZ_NEXT 1
| #define HAVE___ARGZ_STRINGIFY 1
| #define HAVE_DCGETTEXT 1
| #define HAVE_MEMPCPY 1
| #define HAVE_MUNMAP 1
| #define HAVE_MREMAP 1
| #define HAVE_STPCPY 1
| #define HAVE_STRCSPN 1
| #define HAVE_WCTYPE_H 1
| #define HAVE_WCHAR_H 1
| #define HAVE_LANGINFO_H 1
| #define HAVE_MBRLEN 1
| #define HAVE_MBSNRTOWCS 1
| #define HAVE_MBSRTOWCS 1
| #define HAVE_WCRTOMB 1
| #define HAVE_WCSCOLL 1
| #define HAVE_WCSDUP 1
| #define HAVE_WCWIDTH 1
| #define HAVE_WCTYPE 1
| #define HAVE_WCSWIDTH 1
| #define HAVE_MBRTOWC 1
| #define HAVE_MBSTATE_T 1
| #define HAVE_ISWLOWER 1
| #define HAVE_ISWUPPER 1
| #define HAVE_TOWLOWER 1
| #define HAVE_TOWUPPER 1
| #define HAVE_ISWCTYPE 1
| #define HAVE_WCHAR_T 1
| #define HAVE_WCTYPE_T 1
| #define HAVE_WINT_T 1
| #define SIZEOF_WCHAR_T 4
| #define HAVE_LIBDL 1
| #define HAVE_DLOPEN 1
| #define HAVE_DLCLOSE 1
| #define HAVE_DLSYM 1
| #define GETGROUPS_T gid_t
| #define HAVE_UINTPTR_T 1
| #define HAVE_LONG_LONG_INT 1
| #define HAVE_UNSIGNED_LONG_LONG_INT 1
| #define SIZEOF_CHAR 1
| #define SIZEOF_SHORT 2
| #define SIZEOF_INT 4
| #define SIZEOF_LONG 8
| #define SIZEOF_CHAR_P 8
| #define SIZEOF_SIZE_T 8
| #define SIZEOF_DOUBLE 8
| #define SIZEOF_LONG_LONG 8
| #define bits16_t short
| #define u_bits16_t unsigned short
| #define bits32_t int
| #define u_bits32_t unsigned int
| #define bits64_t char *
| #define HAVE_HASH_BANG_EXEC 1
| #define HAVE_POSIX_SIGNALS 1
| #define HAVE_SYS_ERRLIST 1
| #define HAVE_DECL_SYS_SIGLIST 0
| #define HAVE_SOCKLEN_T 1
| #define HAVE_QUAD_T 1
| #define RLIMTYPE rlim_t
| #define HAVE_INTMAX_T 1
| #define HAVE_UINTMAX_T 1
| #define SIZEOF_INTMAX_T 8
| #define TERMIOS_LDISC 1
| #define TERMIO_LDISC 1
| #define HAVE_STRUCT_DIRENT_D_INO 1
| #define HAVE_STRUCT_DIRENT_D_INO 1
| #define HAVE_STRUCT_DIRENT_D_FILENO 1
| #define HAVE_STRUCT_DIRENT_D_FILENO 1
| #define STRUCT_WINSIZE_IN_SYS_IOCTL 1
| #define HAVE_TIMEVAL 1
| #define HAVE_STRUCT_STAT_ST_BLOCKS 1
| #define HAVE_STRUCT_TM_TM_ZONE 1
| #define HAVE_TM_ZONE 1
| #define HAVE_STRUCT_TIMEZONE 1
| #define WEXITSTATUS_OFFSET 8
| #define HAVE_STRUCT_TIMESPEC 1
| #define TIME_H_DEFINES_STRUCT_TIMESPEC 1
| #define HAVE_STRUCT_STAT_ST_ATIM_TV_NSEC 1
| #define TYPEOF_STRUCT_STAT_ST_ATIM_IS_STRUCT_TIMESPEC 1
| #define HAVE_SBRK 1
| #define HAVE_STRSIGNAL 1
| #define ULIMIT_MAXFDS 1
| #define HAVE_DECL_FPURGE 0
| #define CAN_REDEFINE_GETENV 1
| #define HAVE_POSIX_SIGSETJMP 1
| #define HAVE_STRTOIMAX 1
| #define HAVE_DECL_STRTOIMAX 1
| #define HAVE_STD_PUTENV 1
| #define HAVE_STD_UNSETENV 1
| #define HAVE_PRINTF_A_FORMAT 1
| #define FNMATCH_EQUIV_FALLBACK 1
| #define GWINSZ_IN_SYS_IOCTL 1
| #define FIONREAD_IN_SYS_IOCTL 1
| /* end confdefs.h.  */
| #include <sys/types.h>
| int
| main (void)
| {
| speed_t x;
|   ;
|   return 0;
| }
configure:21144: result: no
configure:21151: checking whether getpw functions are declared in pwd.h
configure:21178: result: yes
configure:21185: checking for unusable real-time signals due to large values
configure:21223: /usr/bin/clang -o conftest -g -O2   conftest.c -ldl  >&5
configure:21223: $? = 0
configure:21223: ./conftest
configure:21223: $? = 1
configure: program exited with status 1
configure: failed program was:
| /* confdefs.h */
| #define PACKAGE_NAME "bash"
| #define PACKAGE_TARNAME "bash"
| #define PACKAGE_VERSION "5.2-release"
| #define PACKAGE_STRING "bash 5.2-release"
| #define PACKAGE_BUGREPORT "bug-bash@gnu.org"
| #define PACKAGE_URL ""
| #define USING_BASH_MALLOC 1
| #define ALIAS 1
| #define PUSHD_AND_POPD 1
| #define RESTRICTED_SHELL 1
| #define PROCESS_SUBSTITUTION 1
| #define PROMPT_STRING_DECODE 1
| #define SELECT_COMMAND 1
| #define HELP_BUILTIN 1
| #define ARRAY_VARS 1
| #define DPAREN_ARITHMETIC 1
| #define BRACE_EXPANSION 1
| #define COMMAND_TIMING 1
| #define EXTENDED_GLOB 1
| #define EXTGLOB_DEFAULT 0
| #define COND_COMMAND 1
| #define COND_REGEXP 1
| #define COPROCESS_SUPPORT 1
| #define ARITH_FOR_COMMAND 1
| #define NETWORK_REDIRECTIONS 1
| #define PROGRAMMABLE_COMPLETION 1
| #define DEBUGGER 1
| #define CASEMOD_ATTRS 1
| #define CASEMOD_EXPANSIONS 1
| #define GLOBASCII_DEFAULT 1
| #define FUNCTION_IMPORT 1
| #define TRANSLATABLE_STRINGS 1
| #define MEMSCRAMBLE 1
| #define HAVE_STDIO_H 1
| #define HAVE_STDLIB_H 1
| #define HAVE_STRING_H 1
| #define HAVE_INTTYPES_H 1
| #define HAVE_STDINT_H 1
| #define HAVE_STRINGS_H 1
| #define HAVE_SYS_STAT_H 1
| #define HAVE_SYS_TYPES_H 1
| #define HAVE_UNISTD_H 1
| #define HAVE_WCHAR_H 1
| #define HAVE_SYS_PARAM_H 1
| #define HAVE_SYS_TIME_H 1
| #define STDC_HEADERS 1
| #define _ALL_SOURCE 1
| #define _DARWIN_C_SOURCE 1
| #define _GNU_SOURCE 1
| #define _HPUX_ALT_XOPEN_SOCKET_API 1
| #define _NETBSD_SOURCE 1
| #define _OPENBSD_SOURCE 1
| #define _POSIX_PTHREAD_SEMANTICS 1
| #define __STDC_WANT_IEC_60559_ATTRIBS_EXT__ 1
| #define __STDC_WANT_IEC_60559_BFP_EXT__ 1
| #define __STDC_WANT_IEC_60559_DFP_EXT__ 1
| #define __STDC_WANT_IEC_60559_FUNCS_EXT__ 1
| #define __STDC_WANT_IEC_60559_TYPES_EXT__ 1
| #define __STDC_WANT_LIB_EXT2__ 1
| #define __STDC_WANT_MATH_SPEC_FUNCS__ 1
| #define _TANDEM_SOURCE 1
| #define __EXTENSIONS__ 1
| #define READLINE 1
| #define HISTORY 1
| #define BANG_HISTORY 1
| #define HAVE_STRINGIZE 1
| #define HAVE_LONG_DOUBLE 1
| #define PROTOTYPES 1
| #define __PROTOTYPES 1
| #define restrict __restrict__
| #define HAVE_VISIBILITY 1
| #define HAVE_STDINT_H_WITH_UINTMAX 1
| #define HAVE_ALLOCA_H 1
| #define HAVE_ALLOCA 1
| #define HAVE_GETPAGESIZE 1
| #define HAVE_SYMLINK 1
| #define HAVE_USELOCALE 1
| #define HAVE_VPRINTF 1
| #define HAVE_ALARM 1
| #define HAVE___FPURGE 1
| #define HAVE_SNPRINTF 1
| #define HAVE_VSNPRINTF 1
| #define HAVE_MMAP 1
| #define INTDIV0_RAISES_SIGFPE 1
| #define HAVE_INTTYPES_H_WITH_UINTMAX 1
| #define HAVE_UNSIGNED_LONG_LONG_INT 1
| #define HAVE_UINTMAX_T 1
| #define HAVE_INTTYPES_H 1
| #define USE_POSIX_THREADS 1
| #define USE_POSIX_THREADS_WEAK 1
| #define HAVE_PTHREAD_RWLOCK 1
| #define HAVE_PTHREAD_MUTEX_RECURSIVE 1
| #define HAVE_ICONV 1
| #define ICONV_CONST 
| #define HAVE_BUILTIN_EXPECT 1
| #define HAVE_ARGZ_H 1
| #define HAVE_INTTYPES_H 1
| #define HAVE_LIMITS_H 1
| #define HAVE_UNISTD_H 1
| #define HAVE_SYS_PARAM_H 1
| #define HAVE_GETCWD 1
| #define HAVE_GETEGID 1
| #define HAVE_GETEUID 1
| #define HAVE_GETGID 1
| #define HAVE_GETUID 1
| #define HAVE_MEMPCPY 1
| #define HAVE_MUNMAP 1
| #define HAVE_STPCPY 1
| #define HAVE_STRCASECMP 1
| #define HAVE_STRDUP 1
| #define HAVE_STRTOUL 1
| #define HAVE_TSEARCH 1
| #define HAVE_ARGZ_COUNT 1
| #define HAVE_ARGZ_STRINGIFY 1
| #define HAVE_ARGZ_NEXT 1
| #define HAVE___FSETLOCKING 1
| #define HAVE_LOCALECONV 1
| #define HAVE_DECL_FEOF_UNLOCKED 1
| #define HAVE_DECL_FGETS_UNLOCKED 1
| #define HAVE_LONG_LONG_INT 1
| #define HAVE_WCHAR_T 1
| #define HAVE_WINT_T 1
| #define HAVE_INTMAX_T 1
| #define HAVE_POSIX_PRINTF 1
| #define HAVE_STDINT_H 1
| #define HAVE_STDINT_H 1
| #define HAVE_WORKING_O_NOATIME 1
| #define HAVE_WORKING_O_NOFOLLOW 1
| #define HAVE_WORKING_USELOCALE 1
| #define FLEXIBLE_ARRAY_MEMBER /**/
| #define HAVE_FEATURES_H 1
| #define HAVE_STDDEF_H 1
| #define HAVE_STDLIB_H 1
| #define HAVE_STRING_H 1
| #define HAVE_ASPRINTF 1
| #define HAVE_FWPRINTF 1
| #define HAVE_NEWLOCALE 1
| #define HAVE_PUTENV 1
| #define HAVE_SETENV 1
| #define HAVE_SETLOCALE 1
| #define HAVE_SNPRINTF 1
| #define HAVE_STRNLEN 1
| #define HAVE_USELOCALE 1
| #define HAVE_WCSLEN 1
| #define HAVE_WCSNLEN 1
| #define HAVE_MBRTOWC 1
| #define HAVE_WCRTOMB 1
| #define HAVE_DECL__SNPRINTF 0
| #define HAVE_DECL__SNWPRINTF 0
| #define HAVE_DECL_GETC_UNLOCKED 1
| #define HAVE_LANGINFO_CODESET 1
| #define HAVE_LC_MESSAGES 1
| #define ENABLE_NLS 1
| #define HAVE_GETTEXT 1
| #define HAVE_DCGETTEXT 1
| #define HAVE_DIRENT_H 1
| #define MAJOR_IN_SYSMACROS 1
| #define HAVE_INTTYPES_H 1
| #define HAVE_UNISTD_H 1
| #define HAVE_STDLIB_H 1
| #define HAVE_STDARG_H 1
| #define HAVE_LIMITS_H 1
| #define HAVE_STRING_H 1
| #define HAVE_MEMORY_H 1
| #define HAVE_LOCALE_H 1
| #define HAVE_TERMCAP_H 1
| #define HAVE_TERMIO_H 1
| #define HAVE_TERMIOS_H 1
| #define HAVE_DLFCN_H 1
| #define HAVE_STDBOOL_H 1
| #define HAVE_STDDEF_H 1
| #define HAVE_STDINT_H 1
| #define HAVE_NETDB_H 1
| #define HAVE_PWD_H 1
| #define HAVE_GRP_H 1
| #define HAVE_STRINGS_H 1
| #define HAVE_REGEX_H 1
| #define HAVE_SYSLOG_H 1
| #define HAVE_ULIMIT_H 1
| #define HAVE_SYS_SELECT_H 1
| #define HAVE_SYS_FILE_H 1
| #define HAVE_SYS_IOCTL_H 1
| #define HAVE_SYS_MMAN_H 1
| #define HAVE_SYS_PARAM_H 1
| #define HAVE_SYS_RANDOM_H 1
| #define HAVE_SYS_SOCKET_H 1
| #define HAVE_SYS_STAT_H 1
| #define HAVE_SYS_TIME_H 1
| #define HAVE_SYS_TIMES_H 1
| #define HAVE_SYS_TYPES_H 1
| #define HAVE_SYS_WAIT_H 1
| #define HAVE_NETINET_IN_H 1
| #define HAVE_ARPA_INET_H 1
| #define HAVE_SYS_RESOURCE_H 1
| #define HAVE_ALLOCA_H 1
| #define HAVE_ALLOCA 1
| #define HAVE_CHOWN 1
| #define GETPGRP_VOID 1
| #define HAVE_STRCOLL 1
| #define HAVE_WAIT3 1
| #define HAVE_MKFIFO 1
| #define HAVE_DUP2 1
| #define HAVE_EACCESS 1
| #define HAVE_FCNTL 1
| #define HAVE_GETDTABLESIZE 1
| #define HAVE_GETENTROPY 1
| #define HAVE_GETGROUPS 1
| #define HAVE_GETHOSTNAME 1
| #define HAVE_GETPAGESIZE 1
| #define HAVE_GETPEERNAME 1
| #define HAVE_GETRANDOM 1
| #define HAVE_GETRLIMIT 1
| #define HAVE_GETRUSAGE 1
| #define HAVE_GETTIMEOFDAY 1
| #define HAVE_KILL 1
| #define HAVE_KILLPG 1
| #define HAVE_LSTAT 1
| #define HAVE_PSELECT 1
| #define HAVE_READLINK 1
| #define HAVE_SELECT 1
| #define HAVE_SETITIMER 1
| #define HAVE_TCGETPGRP 1
| #define HAVE_UNAME 1
| #define HAVE_ULIMIT 1
| #define HAVE_WAITPID 1
| #define HAVE_RENAME 1
| #define HAVE_BCOPY 1
| #define HAVE_BZERO 1
| #define HAVE_CONFSTR 1
| #define HAVE_FACCESSAT 1
| #define HAVE_FNMATCH 1
| #define HAVE_GETADDRINFO 1
| #define HAVE_GETHOSTBYNAME 1
| #define HAVE_GETSERVBYNAME 1
| #define HAVE_GETSERVENT 1
| #define HAVE_INET_ATON 1
| #define HAVE_IMAXDIV 1
| #define HAVE_MEMMOVE 1
| #define HAVE_PATHCONF 1
| #define HAVE_PUTENV 1
| #define HAVE_RAISE 1
| #define HAVE_RANDOM 1
| #define HAVE_REGCOMP 1
| #define HAVE_REGEXEC 1
| #define HAVE_SETENV 1
| #define HAVE_SETLINEBUF 1
| #define HAVE_SETLOCALE 1
| #define HAVE_SETVBUF 1
| #define HAVE_SIGINTERRUPT 1
| #define HAVE_STRCHR 1
| #define HAVE_SYSCONF 1
| #define HAVE_SYSLOG 1
| #define HAVE_TCGETATTR 1
| #define HAVE_TIMES 1
| #define HAVE_TTYNAME 1
| #define HAVE_TZSET 1
| #define HAVE_UNSETENV 1
| #define HAVE_VASPRINTF 1
| #define HAVE_ASPRINTF 1
| #define HAVE_ISASCII 1
| #define HAVE_ISBLANK 1
| #define HAVE_ISGRAPH 1
| #define HAVE_ISPRINT 1
| #define HAVE_ISSPACE 1
| #define HAVE_ISXDIGIT 1
| #define HAVE_GETPWENT 1
| #define HAVE_GETPWNAM 1
| #define HAVE_GETPWUID 1
| #define HAVE_MKSTEMP 1
| #define HAVE_MKDTEMP 1
| #define HAVE_ARC4RANDOM 1
| #define HAVE_GETCWD 1
| #define HAVE_MEMSET 1
| #define HAVE_STRCASECMP 1
| #define HAVE_STRCASESTR 1
| #define HAVE_STRERROR 1
| #define HAVE_STRFTIME 1
| #define HAVE_STRNLEN 1
| #define HAVE_STRPBRK 1
| #define HAVE_STRSTR 1
| #define HAVE_STRTOD 1
| #define HAVE_STRTOL 1
| #define HAVE_STRTOUL 1
| #define HAVE_STRTOLL 1
| #define HAVE_STRTOULL 1
| #define HAVE_STRTOUMAX 1
| #define HAVE_DPRINTF 1
| #define HAVE_STRCHRNUL 1
| #define HAVE_STRDUP 1
| #define HAVE_DECL_AUDIT_USER_TTY 1
| #define HAVE_DECL_CONFSTR 1
| #define HAVE_DECL_PRINTF 1
| #define HAVE_DECL_SBRK 1
| #define HAVE_DECL_SETREGID 1
| #define HAVE_DECL_STRCPY 1
| #define HAVE_DECL_STRSIGNAL 1
| #define HAVE_SETRESUID 1
| #define HAVE_SETRESGID 1
| #define HAVE_DECL_STRTOLD 1
| #define HAVE_DECL_STRTOL 1
| #define HAVE_DECL_STRTOLL 1
| #define HAVE_DECL_STRTOUL 1
| #define HAVE_DECL_STRTOULL 1
| #define HAVE_DECL_STRTOUMAX 1
| #define HAVE_ARGZ_H 1
| #define HAVE_ERRNO_H 1
| #define HAVE_FCNTL_H 1
| #define HAVE_MALLOC_H 1
| #define HAVE_STDIO_EXT_H 1
| #define HAVE_MMAP 1
| #define HAVE___ARGZ_COUNT 1
| #define HAVE___ARGZ_NEXT 1
| #define HAVE___ARGZ_STRINGIFY 1
| #define HAVE_DCGETTEXT 1
| #define HAVE_MEMPCPY 1
| #define HAVE_MUNMAP 1
| #define HAVE_MREMAP 1
| #define HAVE_STPCPY 1
| #define HAVE_STRCSPN 1
| #define HAVE_WCTYPE_H 1
| #define HAVE_WCHAR_H 1
| #define HAVE_LANGINFO_H 1
| #define HAVE_MBRLEN 1
| #define HAVE_MBSNRTOWCS 1
| #define HAVE_MBSRTOWCS 1
| #define HAVE_WCRTOMB 1
| #define HAVE_WCSCOLL 1
| #define HAVE_WCSDUP 1
| #define HAVE_WCWIDTH 1
| #define HAVE_WCTYPE 1
| #define HAVE_WCSWIDTH 1
| #define HAVE_MBRTOWC 1
| #define HAVE_MBSTATE_T 1
| #define HAVE_ISWLOWER 1
| #define HAVE_ISWUPPER 1
| #define HAVE_TOWLOWER 1
| #define HAVE_TOWUPPER 1
| #define HAVE_ISWCTYPE 1
| #define HAVE_WCHAR_T 1
| #define HAVE_WCTYPE_T 1
| #define HAVE_WINT_T 1
| #define SIZEOF_WCHAR_T 4
| #define HAVE_LIBDL 1
| #define HAVE_DLOPEN 1
| #define HAVE_DLCLOSE 1
| #define HAVE_DLSYM 1
| #define GETGROUPS_T gid_t
| #define HAVE_UINTPTR_T 1
| #define HAVE_LONG_LONG_INT 1
| #define HAVE_UNSIGNED_LONG_LONG_INT 1
| #define SIZEOF_CHAR 1
| #define SIZEOF_SHORT 2
| #define SIZEOF_INT 4
| #define SIZEOF_LONG 8
| #define SIZEOF_CHAR_P 8
| #define SIZEOF_SIZE_T 8
| #define SIZEOF_DOUBLE 8
| #define SIZEOF_LONG_LONG 8
| #define bits16_t short
| #define u_bits16_t unsigned short
| #define bits32_t int
| #define u_bits32_t unsigned int
| #define bits64_t char *
| #define HAVE_HASH_BANG_EXEC 1
| #define HAVE_POSIX_SIGNALS 1
| #define HAVE_SYS_ERRLIST 1
| #define HAVE_DECL_SYS_SIGLIST 0
| #define HAVE_SOCKLEN_T 1
| #define HAVE_QUAD_T 1
| #define RLIMTYPE rlim_t
| #define HAVE_INTMAX_T 1
| #define HAVE_UINTMAX_T 1
| #define SIZEOF_INTMAX_T 8
| #define TERMIOS_LDISC 1
| #define TERMIO_LDISC 1
| #define HAVE_STRUCT_DIRENT_D_INO 1
| #define HAVE_STRUCT_DIRENT_D_INO 1
| #define HAVE_STRUCT_DIRENT_D_FILENO 1
| #define HAVE_STRUCT_DIRENT_D_FILENO 1
| #define STRUCT_WINSIZE_IN_SYS_IOCTL 1
| #define HAVE_TIMEVAL 1
| #define HAVE_STRUCT_STAT_ST_BLOCKS 1
| #define HAVE_STRUCT_TM_TM_ZONE 1
| #define HAVE_TM_ZONE 1
| #define HAVE_STRUCT_TIMEZONE 1
| #define WEXITSTATUS_OFFSET 8
| #define HAVE_STRUCT_TIMESPEC 1
| #define TIME_H_DEFINES_STRUCT_TIMESPEC 1
| #define HAVE_STRUCT_STAT_ST_ATIM_TV_NSEC 1
| #define TYPEOF_STRUCT_STAT_ST_ATIM_IS_STRUCT_TIMESPEC 1
| #define HAVE_SBRK 1
| #define HAVE_STRSIGNAL 1
| #define ULIMIT_MAXFDS 1
| #define HAVE_DECL_FPURGE 0
| #define CAN_REDEFINE_GETENV 1
| #define HAVE_POSIX_SIGSETJMP 1
| #define HAVE_STRTOIMAX 1
| #define HAVE_DECL_STRTOIMAX 1
| #define HAVE_STD_PUTENV 1
| #define HAVE_STD_UNSETENV 1
| #define HAVE_PRINTF_A_FORMAT 1
| #define FNMATCH_EQUIV_FALLBACK 1
| #define GWINSZ_IN_SYS_IOCTL 1
| #define FIONREAD_IN_SYS_IOCTL 1
| #define HAVE_GETPW_DECLS 1
| /* end confdefs.h.  */
| 
| #include <sys/types.h>
| #include <signal.h>
| #include <stdlib.h>
| 
| #ifndef NSIG
| #  define NSIG 64
| #endif
| 
| int
| main ()
| {
|   int n_sigs = 2 * NSIG;
| #ifdef SIGRTMIN
|   int rtmin = SIGRTMIN;
| #else
|   int rtmin = 0;
| #endif
| 
|   exit(rtmin < n_sigs);
| }
| 
configure:21235: result: no
configure:21349: checking for tgetent
configure:21349: /usr/bin/clang -o conftest -g -O2   conftest.c -ldl  >&5
/usr/bin/ld: /tmp/conftest-ab4027.o: in function `main':
/home/gandhi/jk-robotics/operating_system/bash/conftest.c:435:(.text+0x4): undefined reference to `tgetent'
clang: error: linker command failed with exit code 1 (use -v to see invocation)
configure:21349: $? = 1
configure: failed program was:
| /* confdefs.h */
| #define PACKAGE_NAME "bash"
| #define PACKAGE_TARNAME "bash"
| #define PACKAGE_VERSION "5.2-release"
| #define PACKAGE_STRING "bash 5.2-release"
| #define PACKAGE_BUGREPORT "bug-bash@gnu.org"
| #define PACKAGE_URL ""
| #define USING_BASH_MALLOC 1
| #define ALIAS 1
| #define PUSHD_AND_POPD 1
| #define RESTRICTED_SHELL 1
| #define PROCESS_SUBSTITUTION 1
| #define PROMPT_STRING_DECODE 1
| #define SELECT_COMMAND 1
| #define HELP_BUILTIN 1
| #define ARRAY_VARS 1
| #define DPAREN_ARITHMETIC 1
| #define BRACE_EXPANSION 1
| #define COMMAND_TIMING 1
| #define EXTENDED_GLOB 1
| #define EXTGLOB_DEFAULT 0
| #define COND_COMMAND 1
| #define COND_REGEXP 1
| #define COPROCESS_SUPPORT 1
| #define ARITH_FOR_COMMAND 1
| #define NETWORK_REDIRECTIONS 1
| #define PROGRAMMABLE_COMPLETION 1
| #define DEBUGGER 1
| #define CASEMOD_ATTRS 1
| #define CASEMOD_EXPANSIONS 1
| #define GLOBASCII_DEFAULT 1
| #define FUNCTION_IMPORT 1
| #define TRANSLATABLE_STRINGS 1
| #define MEMSCRAMBLE 1
| #define HAVE_STDIO_H 1
| #define HAVE_STDLIB_H 1
| #define HAVE_STRING_H 1
| #define HAVE_INTTYPES_H 1
| #define HAVE_STDINT_H 1
| #define HAVE_STRINGS_H 1
| #define HAVE_SYS_STAT_H 1
| #define HAVE_SYS_TYPES_H 1
| #define HAVE_UNISTD_H 1
| #define HAVE_WCHAR_H 1
| #define HAVE_SYS_PARAM_H 1
| #define HAVE_SYS_TIME_H 1
| #define STDC_HEADERS 1
| #define _ALL_SOURCE 1
| #define _DARWIN_C_SOURCE 1
| #define _GNU_SOURCE 1
| #define _HPUX_ALT_XOPEN_SOCKET_API 1
| #define _NETBSD_SOURCE 1
| #define _OPENBSD_SOURCE 1
| #define _POSIX_PTHREAD_SEMANTICS 1
| #define __STDC_WANT_IEC_60559_ATTRIBS_EXT__ 1
| #define __STDC_WANT_IEC_60559_BFP_EXT__ 1
| #define __STDC_WANT_IEC_60559_DFP_EXT__ 1
| #define __STDC_WANT_IEC_60559_FUNCS_EXT__ 1
| #define __STDC_WANT_IEC_60559_TYPES_EXT__ 1
| #define __STDC_WANT_LIB_EXT2__ 1
| #define __STDC_WANT_MATH_SPEC_FUNCS__ 1
| #define _TANDEM_SOURCE 1
| #define __EXTENSIONS__ 1
| #define READLINE 1
| #define HISTORY 1
| #define BANG_HISTORY 1
| #define HAVE_STRINGIZE 1
| #define HAVE_LONG_DOUBLE 1
| #define PROTOTYPES 1
| #define __PROTOTYPES 1
| #define restrict __restrict__
| #define HAVE_VISIBILITY 1
| #define HAVE_STDINT_H_WITH_UINTMAX 1
| #define HAVE_ALLOCA_H 1
| #define HAVE_ALLOCA 1
| #define HAVE_GETPAGESIZE 1
| #define HAVE_SYMLINK 1
| #define HAVE_USELOCALE 1
| #define HAVE_VPRINTF 1
| #define HAVE_ALARM 1
| #define HAVE___FPURGE 1
| #define HAVE_SNPRINTF 1
| #define HAVE_VSNPRINTF 1
| #define HAVE_MMAP 1
| #define INTDIV0_RAISES_SIGFPE 1
| #define HAVE_INTTYPES_H_WITH_UINTMAX 1
| #define HAVE_UNSIGNED_LONG_LONG_INT 1
| #define HAVE_UINTMAX_T 1
| #define HAVE_INTTYPES_H 1
| #define USE_POSIX_THREADS 1
| #define USE_POSIX_THREADS_WEAK 1
| #define HAVE_PTHREAD_RWLOCK 1
| #define HAVE_PTHREAD_MUTEX_RECURSIVE 1
| #define HAVE_ICONV 1
| #define ICONV_CONST 
| #define HAVE_BUILTIN_EXPECT 1
| #define HAVE_ARGZ_H 1
| #define HAVE_INTTYPES_H 1
| #define HAVE_LIMITS_H 1
| #define HAVE_UNISTD_H 1
| #define HAVE_SYS_PARAM_H 1
| #define HAVE_GETCWD 1
| #define HAVE_GETEGID 1
| #define HAVE_GETEUID 1
| #define HAVE_GETGID 1
| #define HAVE_GETUID 1
| #define HAVE_MEMPCPY 1
| #define HAVE_MUNMAP 1
| #define HAVE_STPCPY 1
| #define HAVE_STRCASECMP 1
| #define HAVE_STRDUP 1
| #define HAVE_STRTOUL 1
| #define HAVE_TSEARCH 1
| #define HAVE_ARGZ_COUNT 1
| #define HAVE_ARGZ_STRINGIFY 1
| #define HAVE_ARGZ_NEXT 1
| #define HAVE___FSETLOCKING 1
| #define HAVE_LOCALECONV 1
| #define HAVE_DECL_FEOF_UNLOCKED 1
| #define HAVE_DECL_FGETS_UNLOCKED 1
| #define HAVE_LONG_LONG_INT 1
| #define HAVE_WCHAR_T 1
| #define HAVE_WINT_T 1
| #define HAVE_INTMAX_T 1
| #define HAVE_POSIX_PRINTF 1
| #define HAVE_STDINT_H 1
| #define HAVE_STDINT_H 1
| #define HAVE_WORKING_O_NOATIME 1
| #define HAVE_WORKING_O_NOFOLLOW 1
| #define HAVE_WORKING_USELOCALE 1
| #define FLEXIBLE_ARRAY_MEMBER /**/
| #define HAVE_FEATURES_H 1
| #define HAVE_STDDEF_H 1
| #define HAVE_STDLIB_H 1
| #define HAVE_STRING_H 1
| #define HAVE_ASPRINTF 1
| #define HAVE_FWPRINTF 1
| #define HAVE_NEWLOCALE 1
| #define HAVE_PUTENV 1
| #define HAVE_SETENV 1
| #define HAVE_SETLOCALE 1
| #define HAVE_SNPRINTF 1
| #define HAVE_STRNLEN 1
| #define HAVE_USELOCALE 1
| #define HAVE_WCSLEN 1
| #define HAVE_WCSNLEN 1
| #define HAVE_MBRTOWC 1
| #define HAVE_WCRTOMB 1
| #define HAVE_DECL__SNPRINTF 0
| #define HAVE_DECL__SNWPRINTF 0
| #define HAVE_DECL_GETC_UNLOCKED 1
| #define HAVE_LANGINFO_CODESET 1
| #define HAVE_LC_MESSAGES 1
| #define ENABLE_NLS 1
| #define HAVE_GETTEXT 1
| #define HAVE_DCGETTEXT 1
| #define HAVE_DIRENT_H 1
| #define MAJOR_IN_SYSMACROS 1
| #define HAVE_INTTYPES_H 1
| #define HAVE_UNISTD_H 1
| #define HAVE_STDLIB_H 1
| #define HAVE_STDARG_H 1
| #define HAVE_LIMITS_H 1
| #define HAVE_STRING_H 1
| #define HAVE_MEMORY_H 1
| #define HAVE_LOCALE_H 1
| #define HAVE_TERMCAP_H 1
| #define HAVE_TERMIO_H 1
| #define HAVE_TERMIOS_H 1
| #define HAVE_DLFCN_H 1
| #define HAVE_STDBOOL_H 1
| #define HAVE_STDDEF_H 1
| #define HAVE_STDINT_H 1
| #define HAVE_NETDB_H 1
| #define HAVE_PWD_H 1
| #define HAVE_GRP_H 1
| #define HAVE_STRINGS_H 1
| #define HAVE_REGEX_H 1
| #define HAVE_SYSLOG_H 1
| #define HAVE_ULIMIT_H 1
| #define HAVE_SYS_SELECT_H 1
| #define HAVE_SYS_FILE_H 1
| #define HAVE_SYS_IOCTL_H 1
| #define HAVE_SYS_MMAN_H 1
| #define HAVE_SYS_PARAM_H 1
| #define HAVE_SYS_RANDOM_H 1
| #define HAVE_SYS_SOCKET_H 1
| #define HAVE_SYS_STAT_H 1
| #define HAVE_SYS_TIME_H 1
| #define HAVE_SYS_TIMES_H 1
| #define HAVE_SYS_TYPES_H 1
| #define HAVE_SYS_WAIT_H 1
| #define HAVE_NETINET_IN_H 1
| #define HAVE_ARPA_INET_H 1
| #define HAVE_SYS_RESOURCE_H 1
| #define HAVE_ALLOCA_H 1
| #define HAVE_ALLOCA 1
| #define HAVE_CHOWN 1
| #define GETPGRP_VOID 1
| #define HAVE_STRCOLL 1
| #define HAVE_WAIT3 1
| #define HAVE_MKFIFO 1
| #define HAVE_DUP2 1
| #define HAVE_EACCESS 1
| #define HAVE_FCNTL 1
| #define HAVE_GETDTABLESIZE 1
| #define HAVE_GETENTROPY 1
| #define HAVE_GETGROUPS 1
| #define HAVE_GETHOSTNAME 1
| #define HAVE_GETPAGESIZE 1
| #define HAVE_GETPEERNAME 1
| #define HAVE_GETRANDOM 1
| #define HAVE_GETRLIMIT 1
| #define HAVE_GETRUSAGE 1
| #define HAVE_GETTIMEOFDAY 1
| #define HAVE_KILL 1
| #define HAVE_KILLPG 1
| #define HAVE_LSTAT 1
| #define HAVE_PSELECT 1
| #define HAVE_READLINK 1
| #define HAVE_SELECT 1
| #define HAVE_SETITIMER 1
| #define HAVE_TCGETPGRP 1
| #define HAVE_UNAME 1
| #define HAVE_ULIMIT 1
| #define HAVE_WAITPID 1
| #define HAVE_RENAME 1
| #define HAVE_BCOPY 1
| #define HAVE_BZERO 1
| #define HAVE_CONFSTR 1
| #define HAVE_FACCESSAT 1
| #define HAVE_FNMATCH 1
| #define HAVE_GETADDRINFO 1
| #define HAVE_GETHOSTBYNAME 1
| #define HAVE_GETSERVBYNAME 1
| #define HAVE_GETSERVENT 1
| #define HAVE_INET_ATON 1
| #define HAVE_IMAXDIV 1
| #define HAVE_MEMMOVE 1
| #define HAVE_PATHCONF 1
| #define HAVE_PUTENV 1
| #define HAVE_RAISE 1
| #define HAVE_RANDOM 1
| #define HAVE_REGCOMP 1
| #define HAVE_REGEXEC 1
| #define HAVE_SETENV 1
| #define HAVE_SETLINEBUF 1
| #define HAVE_SETLOCALE 1
| #define HAVE_SETVBUF 1
| #define HAVE_SIGINTERRUPT 1
| #define HAVE_STRCHR 1
| #define HAVE_SYSCONF 1
| #define HAVE_SYSLOG 1
| #define HAVE_TCGETATTR 1
| #define HAVE_TIMES 1
| #define HAVE_TTYNAME 1
| #define HAVE_TZSET 1
| #define HAVE_UNSETENV 1
| #define HAVE_VASPRINTF 1
| #define HAVE_ASPRINTF 1
| #define HAVE_ISASCII 1
| #define HAVE_ISBLANK 1
| #define HAVE_ISGRAPH 1
| #define HAVE_ISPRINT 1
| #define HAVE_ISSPACE 1
| #define HAVE_ISXDIGIT 1
| #define HAVE_GETPWENT 1
| #define HAVE_GETPWNAM 1
| #define HAVE_GETPWUID 1
| #define HAVE_MKSTEMP 1
| #define HAVE_MKDTEMP 1
| #define HAVE_ARC4RANDOM 1
| #define HAVE_GETCWD 1
| #define HAVE_MEMSET 1
| #define HAVE_STRCASECMP 1
| #define HAVE_STRCASESTR 1
| #define HAVE_STRERROR 1
| #define HAVE_STRFTIME 1
| #define HAVE_STRNLEN 1
| #define HAVE_STRPBRK 1
| #define HAVE_STRSTR 1
| #define HAVE_STRTOD 1
| #define HAVE_STRTOL 1
| #define HAVE_STRTOUL 1
| #define HAVE_STRTOLL 1
| #define HAVE_STRTOULL 1
| #define HAVE_STRTOUMAX 1
| #define HAVE_DPRINTF 1
| #define HAVE_STRCHRNUL 1
| #define HAVE_STRDUP 1
| #define HAVE_DECL_AUDIT_USER_TTY 1
| #define HAVE_DECL_CONFSTR 1
| #define HAVE_DECL_PRINTF 1
| #define HAVE_DECL_SBRK 1
| #define HAVE_DECL_SETREGID 1
| #define HAVE_DECL_STRCPY 1
| #define HAVE_DECL_STRSIGNAL 1
| #define HAVE_SETRESUID 1
| #define HAVE_SETRESGID 1
| #define HAVE_DECL_STRTOLD 1
| #define HAVE_DECL_STRTOL 1
| #define HAVE_DECL_STRTOLL 1
| #define HAVE_DECL_STRTOUL 1
| #define HAVE_DECL_STRTOULL 1
| #define HAVE_DECL_STRTOUMAX 1
| #define HAVE_ARGZ_H 1
| #define HAVE_ERRNO_H 1
| #define HAVE_FCNTL_H 1
| #define HAVE_MALLOC_H 1
| #define HAVE_STDIO_EXT_H 1
| #define HAVE_MMAP 1
| #define HAVE___ARGZ_COUNT 1
| #define HAVE___ARGZ_NEXT 1
| #define HAVE___ARGZ_STRINGIFY 1
| #define HAVE_DCGETTEXT 1
| #define HAVE_MEMPCPY 1
| #define HAVE_MUNMAP 1
| #define HAVE_MREMAP 1
| #define HAVE_STPCPY 1
| #define HAVE_STRCSPN 1
| #define HAVE_WCTYPE_H 1
| #define HAVE_WCHAR_H 1
| #define HAVE_LANGINFO_H 1
| #define HAVE_MBRLEN 1
| #define HAVE_MBSNRTOWCS 1
| #define HAVE_MBSRTOWCS 1
| #define HAVE_WCRTOMB 1
| #define HAVE_WCSCOLL 1
| #define HAVE_WCSDUP 1
| #define HAVE_WCWIDTH 1
| #define HAVE_WCTYPE 1
| #define HAVE_WCSWIDTH 1
| #define HAVE_MBRTOWC 1
| #define HAVE_MBSTATE_T 1
| #define HAVE_ISWLOWER 1
| #define HAVE_ISWUPPER 1
| #define HAVE_TOWLOWER 1
| #define HAVE_TOWUPPER 1
| #define HAVE_ISWCTYPE 1
| #define HAVE_WCHAR_T 1
| #define HAVE_WCTYPE_T 1
| #define HAVE_WINT_T 1
| #define SIZEOF_WCHAR_T 4
| #define HAVE_LIBDL 1
| #define HAVE_DLOPEN 1
| #define HAVE_DLCLOSE 1
| #define HAVE_DLSYM 1
| #define GETGROUPS_T gid_t
| #define HAVE_UINTPTR_T 1
| #define HAVE_LONG_LONG_INT 1
| #define HAVE_UNSIGNED_LONG_LONG_INT 1
| #define SIZEOF_CHAR 1
| #define SIZEOF_SHORT 2
| #define SIZEOF_INT 4
| #define SIZEOF_LONG 8
| #define SIZEOF_CHAR_P 8
| #define SIZEOF_SIZE_T 8
| #define SIZEOF_DOUBLE 8
| #define SIZEOF_LONG_LONG 8
| #define bits16_t short
| #define u_bits16_t unsigned short
| #define bits32_t int
| #define u_bits32_t unsigned int
| #define bits64_t char *
| #define HAVE_HASH_BANG_EXEC 1
| #define HAVE_POSIX_SIGNALS 1
| #define HAVE_SYS_ERRLIST 1
| #define HAVE_DECL_SYS_SIGLIST 0
| #define HAVE_SOCKLEN_T 1
| #define HAVE_QUAD_T 1
| #define RLIMTYPE rlim_t
| #define HAVE_INTMAX_T 1
| #define HAVE_UINTMAX_T 1
| #define SIZEOF_INTMAX_T 8
| #define TERMIOS_LDISC 1
| #define TERMIO_LDISC 1
| #define HAVE_STRUCT_DIRENT_D_INO 1
| #define HAVE_STRUCT_DIRENT_D_INO 1
| #define HAVE_STRUCT_DIRENT_D_FILENO 1
| #define HAVE_STRUCT_DIRENT_D_FILENO 1
| #define STRUCT_WINSIZE_IN_SYS_IOCTL 1
| #define HAVE_TIMEVAL 1
| #define HAVE_STRUCT_STAT_ST_BLOCKS 1
| #define HAVE_STRUCT_TM_TM_ZONE 1
| #define HAVE_TM_ZONE 1
| #define HAVE_STRUCT_TIMEZONE 1
| #define WEXITSTATUS_OFFSET 8
| #define HAVE_STRUCT_TIMESPEC 1
| #define TIME_H_DEFINES_STRUCT_TIMESPEC 1
| #define HAVE_STRUCT_STAT_ST_ATIM_TV_NSEC 1
| #define TYPEOF_STRUCT_STAT_ST_ATIM_IS_STRUCT_TIMESPEC 1
| #define HAVE_SBRK 1
| #define HAVE_STRSIGNAL 1
| #define ULIMIT_MAXFDS 1
| #define HAVE_DECL_FPURGE 0
| #define CAN_REDEFINE_GETENV 1
| #define HAVE_POSIX_SIGSETJMP 1
| #define HAVE_STRTOIMAX 1
| #define HAVE_DECL_STRTOIMAX 1
| #define HAVE_STD_PUTENV 1
| #define HAVE_STD_UNSETENV 1
| #define HAVE_PRINTF_A_FORMAT 1
| #define FNMATCH_EQUIV_FALLBACK 1
| #define GWINSZ_IN_SYS_IOCTL 1
| #define FIONREAD_IN_SYS_IOCTL 1
| #define HAVE_GETPW_DECLS 1
| /* end confdefs.h.  */
| /* Define tgetent to an innocuous variant, in case <limits.h> declares tgetent.
|    For example, HP-UX 11i <limits.h> declares gettimeofday.  */
| #define tgetent innocuous_tgetent
| 
| /* System header to define __stub macros and hopefully few prototypes,
|    which can conflict with char tgetent (); below.  */
| 
| #include <limits.h>
| #undef tgetent
| 
| /* Override any GCC internal prototype to avoid an error.
|    Use char because int might match the return type of a GCC
|    builtin and then its argument prototype would still apply.  */
| #ifdef __cplusplus
| extern "C"
| #endif
| char tgetent ();
| /* The GNU C library defines this for functions which it implements
|     to always fail with ENOSYS.  Some functions are actually named
|     something starting with __ and the normal name is an alias.  */
| #if defined __stub_tgetent || defined __stub___tgetent
| choke me
| #endif
| 
| int
| main (void)
| {
| return tgetent ();
|   ;
|   return 0;
| }
configure:21349: result: no
configure:21354: checking for tgetent in -ltermcap
configure:21377: /usr/bin/clang -o conftest -g -O2   conftest.c -ltermcap  -ldl  >&5
configure:21377: $? = 0
configure:21387: result: yes
configure:21565: checking which library has the termcap functions
configure:21568: result: using libtermcap
configure:21596: checking whether /dev/fd is available
configure:21621: result: standard
configure:21635: checking whether /dev/stdin stdout stderr are available
configure:21649: result: present
configure:21656: checking for default mail directory
configure:21676: result: /var/mail
configure:21781: checking shared object configuration for loadable builtins
configure:21791: result: supported
configure:21979: creating ./config.status

## ---------------------- ##
## Running config.status. ##
## ---------------------- ##

This file was extended by bash config.status 5.2-release, which was
generated by GNU Autoconf 2.71.  Invocation command line was

  CONFIG_FILES    = 
  CONFIG_HEADERS  = 
  CONFIG_LINKS    = 
  CONFIG_COMMANDS = 
  $ ./config.status 

on jk

config.status:1360: creating Makefile
config.status:1360: creating builtins/Makefile
config.status:1360: creating lib/readline/Makefile
config.status:1360: creating lib/glob/Makefile
config.status:1360: creating lib/intl/Makefile
config.status:1360: creating lib/malloc/Makefile
config.status:1360: creating lib/sh/Makefile
config.status:1360: creating lib/termcap/Makefile
config.status:1360: creating lib/tilde/Makefile
config.status:1360: creating doc/Makefile
config.status:1360: creating support/Makefile
config.status:1360: creating po/Makefile.in
config.status:1360: creating examples/loadables/Makefile
config.status:1360: creating examples/loadables/Makefile.inc
config.status:1360: creating examples/loadables/Makefile.sample
config.status:1360: creating examples/loadables/perl/Makefile
config.status:1360: creating support/bash.pc
config.status:1360: creating support/bashbug.sh
config.status:1360: creating config.h
config.status:1555: executing po-directories commands
config.status:1555: executing stamp-h commands

## ---------------- ##
## Cache variables. ##
## ---------------- ##

ac_cv_build=x86_64-pc-linux-gnu
ac_cv_c_bigendian=no
ac_cv_c_char_unsigned=no
ac_cv_c_compiler_gnu=yes
ac_cv_c_const=yes
ac_cv_c_flexmember=yes
ac_cv_c_inline=inline
ac_cv_c_restrict=__restrict__
ac_cv_c_stringize=yes
ac_cv_c_undeclared_builtin_options='none needed'
ac_cv_c_volatile=yes
ac_cv_env_CC_FOR_BUILD_set=
ac_cv_env_CC_FOR_BUILD_value=
ac_cv_env_CC_set=set
ac_cv_env_CC_value=/usr/bin/clang
ac_cv_env_CFLAGS_FOR_BUILD_set=
ac_cv_env_CFLAGS_FOR_BUILD_value=
ac_cv_env_CFLAGS_set=
ac_cv_env_CFLAGS_value=
ac_cv_env_CPPFLAGS_FOR_BUILD_set=
ac_cv_env_CPPFLAGS_FOR_BUILD_value=
ac_cv_env_CPPFLAGS_set=
ac_cv_env_CPPFLAGS_value=
ac_cv_env_CPP_set=
ac_cv_env_CPP_value=
ac_cv_env_DEBUGGER_START_FILE_set=
ac_cv_env_DEBUGGER_START_FILE_value=
ac_cv_env_LDFLAGS_FOR_BUILD_set=
ac_cv_env_LDFLAGS_FOR_BUILD_value=
ac_cv_env_LDFLAGS_set=
ac_cv_env_LDFLAGS_value=
ac_cv_env_LIBS_set=
ac_cv_env_LIBS_value=
ac_cv_env_YACC_set=
ac_cv_env_YACC_value=
ac_cv_env_YFLAGS_set=
ac_cv_env_YFLAGS_value=
ac_cv_env_build_alias_set=
ac_cv_env_build_alias_value=
ac_cv_env_host_alias_set=
ac_cv_env_host_alias_value=
ac_cv_env_target_alias_set=
ac_cv_env_target_alias_value=
ac_cv_func___argz_count=yes
ac_cv_func___argz_next=yes
ac_cv_func___argz_stringify=yes
ac_cv_func___fpurge=yes
ac_cv_func___fsetlocking=yes
ac_cv_func___setostype=no
ac_cv_func_alarm=yes
ac_cv_func_alloca_works=yes
ac_cv_func_arc4random=yes
ac_cv_func_argz_count=yes
ac_cv_func_argz_next=yes
ac_cv_func_argz_stringify=yes
ac_cv_func_asprintf=yes
ac_cv_func_bcopy=yes
ac_cv_func_bzero=yes
ac_cv_func_chown_works=yes
ac_cv_func_confstr=yes
ac_cv_func_dcgettext=yes
ac_cv_func_dlclose=yes
ac_cv_func_dlopen=yes
ac_cv_func_dlsym=yes
ac_cv_func_dprintf=yes
ac_cv_func_dup2=yes
ac_cv_func_eaccess=yes
ac_cv_func_faccessat=yes
ac_cv_func_fcntl=yes
ac_cv_func_fnmatch=yes
ac_cv_func_fpurge=no
ac_cv_func_fwprintf=yes
ac_cv_func_getaddrinfo=yes
ac_cv_func_getcwd=yes
ac_cv_func_getdtablesize=yes
ac_cv_func_getegid=yes
ac_cv_func_getentropy=yes
ac_cv_func_geteuid=yes
ac_cv_func_getgid=yes
ac_cv_func_getgroups=yes
ac_cv_func_gethostbyname=yes
ac_cv_func_gethostname=yes
ac_cv_func_getlocalename_l=no
ac_cv_func_getpagesize=yes
ac_cv_func_getpeername=yes
ac_cv_func_getpgrp_void=yes
ac_cv_func_getpwent=yes
ac_cv_func_getpwnam=yes
ac_cv_func_getpwuid=yes
ac_cv_func_getrandom=yes
ac_cv_func_getrlimit=yes
ac_cv_func_getrusage=yes
ac_cv_func_getservbyname=yes
ac_cv_func_getservent=yes
ac_cv_func_gettimeofday=yes
ac_cv_func_getuid=yes
ac_cv_func_imaxdiv=yes
ac_cv_func_inet_aton=yes
ac_cv_func_isascii=yes
ac_cv_func_isblank=yes
ac_cv_func_isgraph=yes
ac_cv_func_isprint=yes
ac_cv_func_isspace=yes
ac_cv_func_iswctype=yes
ac_cv_func_iswlower=yes
ac_cv_func_iswupper=yes
ac_cv_func_isxdigit=yes
ac_cv_func_kill=yes
ac_cv_func_killpg=yes
ac_cv_func_locale_charset=no
ac_cv_func_localeconv=yes
ac_cv_func_lstat=yes
ac_cv_func_mbrlen=yes
ac_cv_func_mbrtowc=yes
ac_cv_func_mbscasecmp=no
ac_cv_func_mbschr=no
ac_cv_func_mbscmp=no
ac_cv_func_mbsnrtowcs=yes
ac_cv_func_mbsrtowcs=yes
ac_cv_func_memmove=yes
ac_cv_func_mempcpy=yes
ac_cv_func_memset=yes
ac_cv_func_mkdtemp=yes
ac_cv_func_mkfifo=yes
ac_cv_func_mkstemp=yes
ac_cv_func_mmap_fixed_mapped=yes
ac_cv_func_mremap=yes
ac_cv_func_munmap=yes
ac_cv_func_newlocale=yes
ac_cv_func_pathconf=yes
ac_cv_func_pselect=yes
ac_cv_func_putenv=yes
ac_cv_func_raise=yes
ac_cv_func_random=yes
ac_cv_func_readlink=yes
ac_cv_func_regcomp=yes
ac_cv_func_regexec=yes
ac_cv_func_rename=yes
ac_cv_func_sbrk=yes
ac_cv_func_select=yes
ac_cv_func_setdtablesize=no
ac_cv_func_setenv=yes
ac_cv_func_setitimer=yes
ac_cv_func_setlinebuf=yes
ac_cv_func_setlocale=yes
ac_cv_func_setresgid=yes
ac_cv_func_setresuid=yes
ac_cv_func_setvbuf=yes
ac_cv_func_siginterrupt=yes
ac_cv_func_snprintf=yes
ac_cv_func_stpcpy=yes
ac_cv_func_strcasecmp=yes
ac_cv_func_strcasestr=yes
ac_cv_func_strchr=yes
ac_cv_func_strchrnul=yes
ac_cv_func_strcoll_works=yes
ac_cv_func_strcspn=yes
ac_cv_func_strdup=yes
ac_cv_func_strerror=yes
ac_cv_func_strftime=yes
ac_cv_func_strnlen=yes
ac_cv_func_strpbrk=yes
ac_cv_func_strstr=yes
ac_cv_func_strtod=yes
ac_cv_func_strtoimax=yes
ac_cv_func_strtol=yes
ac_cv_func_strtoll=yes
ac_cv_func_strtoul=yes
ac_cv_func_strtoull=yes
ac_cv_func_strtoumax=yes
ac_cv_func_symlink=yes
ac_cv_func_sysconf=yes
ac_cv_func_syslog=yes
ac_cv_func_tcgetattr=yes
ac_cv_func_tcgetpgrp=yes
ac_cv_func_tgetent=no
ac_cv_func_times=yes
ac_cv_func_towlower=yes
ac_cv_func_towupper=yes
ac_cv_func_tsearch=yes
ac_cv_func_ttyname=yes
ac_cv_func_tzset=yes
ac_cv_func_ulimit=yes
ac_cv_func_uname=yes
ac_cv_func_unsetenv=yes
ac_cv_func_uselocale=yes
ac_cv_func_vasprintf=yes
ac_cv_func_vprintf=yes
ac_cv_func_vsnprintf=yes
ac_cv_func_wait3=yes
ac_cv_func_waitpid=yes
ac_cv_func_wcrtomb=yes
ac_cv_func_wcscoll=yes
ac_cv_func_wcsdup=yes
ac_cv_func_wcslen=yes
ac_cv_func_wcsnlen=yes
ac_cv_func_wcswidth=yes
ac_cv_func_wctype=yes
ac_cv_func_wcwidth=yes
ac_cv_func_working_mktime=yes
ac_cv_gnu_library_2=yes
ac_cv_gnu_library_2_1=yes
ac_cv_have_decl_AUDIT_USER_TTY=yes
ac_cv_have_decl__snprintf=no
ac_cv_have_decl__snwprintf=no
ac_cv_have_decl_confstr=yes
ac_cv_have_decl_feof_unlocked=yes
ac_cv_have_decl_fgets_unlocked=yes
ac_cv_have_decl_fpurge=no
ac_cv_have_decl_getc_unlocked=yes
ac_cv_have_decl_printf=yes
ac_cv_have_decl_sbrk=yes
ac_cv_have_decl_setregid=yes
ac_cv_have_decl_strcpy=yes
ac_cv_have_decl_strsignal=yes
ac_cv_have_decl_strtoimax=yes
ac_cv_have_decl_strtol=yes
ac_cv_have_decl_strtold=yes
ac_cv_have_decl_strtoll=yes
ac_cv_have_decl_strtoul=yes
ac_cv_have_decl_strtoull=yes
ac_cv_have_decl_strtoumax=yes
ac_cv_have_decl_sys_siglist=no
ac_cv_have_sig_atomic_t=yes
ac_cv_header_argz_h=yes
ac_cv_header_arpa_inet_h=yes
ac_cv_header_dirent_dirent_h=yes
ac_cv_header_dlfcn_h=yes
ac_cv_header_errno_h=yes
ac_cv_header_fcntl_h=yes
ac_cv_header_features_h=yes
ac_cv_header_grp_h=yes
ac_cv_header_inttypes_h=yes
ac_cv_header_langinfo_h=yes
ac_cv_header_libaudit_h=no
ac_cv_header_limits_h=yes
ac_cv_header_locale_h=yes
ac_cv_header_malloc_h=yes
ac_cv_header_mbstr_h=no
ac_cv_header_memory_h=yes
ac_cv_header_minix_config_h=no
ac_cv_header_netdb_h=yes
ac_cv_header_netinet_in_h=yes
ac_cv_header_pthread_h=yes
ac_cv_header_pwd_h=yes
ac_cv_header_regex_h=yes
ac_cv_header_stat_broken=no
ac_cv_header_stdarg_h=yes
ac_cv_header_stdbool_h=yes
ac_cv_header_stddef_h=yes
ac_cv_header_stdint_h=yes
ac_cv_header_stdio_ext_h=yes
ac_cv_header_stdio_h=yes
ac_cv_header_stdlib_h=yes
ac_cv_header_string_h=yes
ac_cv_header_strings_h=yes
ac_cv_header_sys_file_h=yes
ac_cv_header_sys_ioctl_h=yes
ac_cv_header_sys_mkdev_h=no
ac_cv_header_sys_mman_h=yes
ac_cv_header_sys_param_h=yes
ac_cv_header_sys_pte_h=no
ac_cv_header_sys_ptem_h=no
ac_cv_header_sys_random_h=yes
ac_cv_header_sys_resource_h=yes
ac_cv_header_sys_select_h=yes
ac_cv_header_sys_socket_h=yes
ac_cv_header_sys_stat_h=yes
ac_cv_header_sys_stream_h=no
ac_cv_header_sys_sysmacros_h=yes
ac_cv_header_sys_time_h=yes
ac_cv_header_sys_times_h=yes
ac_cv_header_sys_types_h=yes
ac_cv_header_sys_wait_h=yes
ac_cv_header_syslog_h=yes
ac_cv_header_termcap_h=yes
ac_cv_header_termio_h=yes
ac_cv_header_termios_h=yes
ac_cv_header_ulimit_h=yes
ac_cv_header_unistd_h=yes
ac_cv_header_varargs_h=no
ac_cv_header_wchar_h=yes
ac_cv_header_wctype_h=yes
ac_cv_header_xlocale_h=no
ac_cv_host=x86_64-pc-linux-gnu
ac_cv_lib_dl_dlopen=yes
ac_cv_lib_pthread_pthread_kill=yes
ac_cv_lib_termcap_tgetent=yes
ac_cv_member_struct_dirent_d_fileno=yes
ac_cv_member_struct_dirent_d_ino=yes
ac_cv_member_struct_dirent_d_namlen=no
ac_cv_member_struct_stat_st_atim_tv_nsec=yes
ac_cv_member_struct_stat_st_blocks=yes
ac_cv_member_struct_termio_c_line=yes
ac_cv_member_struct_termios_c_line=yes
ac_cv_member_struct_tm_tm_zone=yes
ac_cv_objext=o
ac_cv_path_EGREP='/usr/bin/grep -E'
ac_cv_path_GMSGFMT=:
ac_cv_path_GREP=/usr/bin/grep
ac_cv_path_MSGFMT=:
ac_cv_path_MSGMERGE=:
ac_cv_path_SED=/usr/bin/sed
ac_cv_path_XGETTEXT=:
ac_cv_path_install='/usr/bin/install -c'
ac_cv_path_mkdir=/usr/bin/mkdir
ac_cv_prog_CPP='/usr/bin/clang -E'
ac_cv_prog_INTLBISON=bison
ac_cv_prog_YACC='bison -y'
ac_cv_prog_ac_ct_AR=ar
ac_cv_prog_ac_ct_CC=/usr/bin/clang
ac_cv_prog_ac_ct_RANLIB=ranlib
ac_cv_prog_cc_c11=
ac_cv_prog_cc_g=yes
ac_cv_prog_cc_stdc=
ac_cv_prog_gcc_traditional=no
ac_cv_prog_make_make_set=yes
ac_cv_safe_to_define___extensions__=yes
ac_cv_search_opendir='none required'
ac_cv_should_define__xopen_source=no
ac_cv_sizeof_char=1
ac_cv_sizeof_char_p=8
ac_cv_sizeof_double=8
ac_cv_sizeof_int=4
ac_cv_sizeof_intmax_t=8
ac_cv_sizeof_long=8
ac_cv_sizeof_long_long=8
ac_cv_sizeof_short=2
ac_cv_sizeof_size_t=8
ac_cv_sizeof_wchar_t=4
ac_cv_struct_tm=time.h
ac_cv_sys_file_offset_bits=no
ac_cv_sys_interpreter=yes
ac_cv_sys_largefile_CC=no
ac_cv_sys_tiocgwinsz_in_sys_ioctl_h=yes
ac_cv_sys_tiocgwinsz_in_termios_h=no
ac_cv_type_bits16_t=no
ac_cv_type_bits32_t=no
ac_cv_type_bits64_t=no
ac_cv_type_getgroups=gid_t
ac_cv_type_intmax_t=yes
ac_cv_type_long_double=yes
ac_cv_type_long_long_int=yes
ac_cv_type_mode_t=yes
ac_cv_type_off_t=yes
ac_cv_type_pid_t=yes
ac_cv_type_pthread_rwlock_t=yes
ac_cv_type_ptrdiff_t=yes
ac_cv_type_quad_t=yes
ac_cv_type_size_t=yes
ac_cv_type_ssize_t=yes
ac_cv_type_time_t=yes
ac_cv_type_u_bits16_t=no
ac_cv_type_u_bits32_t=no
ac_cv_type_u_int=yes
ac_cv_type_u_long=yes
ac_cv_type_uid_t=yes
ac_cv_type_uintmax_t=yes
ac_cv_type_uintptr_t=yes
ac_cv_type_unsigned_long_long_int=yes
ac_cv_typeof_struct_stat_st_atim_is_struct_timespec=yes
ac_cv_working_alloca_h=yes
acl_cv_hardcode_direct=no
acl_cv_hardcode_libdir_flag_spec='${wl}-rpath ${wl}$libdir'
acl_cv_hardcode_libdir_separator=
acl_cv_hardcode_minus_L=no
acl_cv_libdirstems=lib,lib
acl_cv_libext=a
acl_cv_libname_spec='lib$name'
acl_cv_library_names_spec='$libname$shrext'
acl_cv_path_LD=/usr/bin/ld
acl_cv_prog_gnu_ld=yes
acl_cv_rpath=done
acl_cv_shlibext=so
acl_cv_wl=-Wl,
am_cv_func_iconv=yes
am_cv_func_iconv_works=yes
am_cv_langinfo_codeset=yes
am_cv_lib_iconv=no
am_cv_proto_iconv='extern size_t iconv (iconv_t cd, char * *inbuf, size_t *inbytesleft, char * *outbuf, size_t *outbytesleft);'
am_cv_proto_iconv_arg1=
bash_cv_decl_under_sys_siglist=no
bash_cv_dev_fd=standard
bash_cv_dev_stdin=present
bash_cv_dirent_has_d_fileno=yes
bash_cv_dirent_has_d_ino=yes
bash_cv_dirent_has_d_namlen=no
bash_cv_dup2_broken=no
bash_cv_fionread_in_ioctl=yes
bash_cv_fnmatch_equiv_fallback=yes
bash_cv_fnmatch_equiv_value=1
bash_cv_func_sbrk=yes
bash_cv_func_sigsetjmp=present
bash_cv_func_snprintf=yes
bash_cv_func_strcoll_broken=no
bash_cv_func_strtoimax=yes
bash_cv_func_vsnprintf=yes
bash_cv_getcwd_malloc=yes
bash_cv_getenv_redef=yes
bash_cv_getpw_declared=yes
bash_cv_have_strsignal=yes
bash_cv_job_control_missing=present
bash_cv_mail_dir=/var/mail
bash_cv_must_reinstall_sighandlers=no
bash_cv_opendir_not_robust=no
bash_cv_pgrp_pipe=no
bash_cv_posix_signals=yes
bash_cv_printf_a_format=yes
bash_cv_signal_vintage=posix
bash_cv_speed_t_in_sys_types=no
bash_cv_std_putenv=yes
bash_cv_std_unsetenv=yes
bash_cv_strtold_broken=no
bash_cv_struct_timeval=yes
bash_cv_struct_timezone=yes
bash_cv_struct_winsize_header=ioctl_h
bash_cv_struct_winsize_ioctl=yes
bash_cv_struct_winsize_termios=no
bash_cv_sys_errlist=yes
bash_cv_sys_named_pipes=present
bash_cv_sys_siglist=no
bash_cv_sys_struct_timespec_in_time_h=yes
bash_cv_termcap_lib=libtermcap
bash_cv_tiocstat_in_ioctl=no
bash_cv_type_clock_t=yes
bash_cv_type_rlimit=rlim_t
bash_cv_type_sigset_t=yes
bash_cv_type_socklen_t=yes
bash_cv_type_wchar_t=yes
bash_cv_type_wctype_t=yes
bash_cv_type_wint_t=yes
bash_cv_ulimit_maxfds=yes
bash_cv_under_sys_siglist=no
bash_cv_unusable_rtsigs=no
bash_cv_wcontinued_broken=no
bash_cv_wcwidth_broken=no
bash_cv_wexitstatus_offset=8
gl_cv_cc_vis_werror=yes
gl_cv_cc_visibility=yes
gl_cv_have_weak=yes
gl_cv_header_inttypes_h=yes
gl_cv_header_stdint_h=yes
gl_cv_header_working_fcntl_h=yes
gl_cv_host_cpu_c_abi_32bit=no
gl_cv_pthread_rwlock_rdlock_prefer_writer=no
gl_cv_size_max=yes
gl_cv_type_wint_t_too_small=no
gt_cv_c_intmax_t=yes
gt_cv_c_wchar_t=yes
gt_cv_c_wint_t=yes
gt_cv_func_CFLocaleCopyCurrent=no
gt_cv_func_CFLocaleCopyPreferredLanguages=no
gt_cv_func_CFPreferencesCopyAppValue=no
gt_cv_func_gnugettext2_libc=yes
gt_cv_func_printf_posix=yes
gt_cv_func_uselocale_works=yes
gt_cv_int_divbyzero_sigfpe=yes
gt_cv_inttypes_pri_broken=no
gt_cv_locale_fake=no
gt_cv_locale_solaris114=no
gt_cv_val_LC_MESSAGES=yes
nls_cv_force_use_gnu_gettext=no
nls_cv_header_intl=
nls_cv_header_libgt=
nls_cv_use_gnu_gettext=no

## ----------------- ##
## Output variables. ##
## ----------------- ##

ALLOCA=''
AR='ar'
ARFLAGS='cr'
ARRAY_O='array.o'
BASE_CFLAGS_FOR_BUILD='-g -O2'
BASHVERS='5.2'
BUILD_DIR='/home/gandhi/jk-robotics/operating_system/bash'
BUILD_INCLUDED_LIBINTL='no'
CATOBJEXT='.gmo'
CC='/usr/bin/clang'
CC_FOR_BUILD='$(CC)'
CFLAGS='-g -O2'
CFLAGS_FOR_BUILD='-g -O2'
CFLAG_VISIBILITY='-fvisibility=hidden'
CPP='/usr/bin/clang -E'
CPPFLAGS=''
CPPFLAGS_FOR_BUILD=''
CROSS_COMPILE=''
DATADIRNAME='share'
DEBUG=''
DEBUGGER_START_FILE='${datadir}/bashdb/bashdb-main.inc'
DEFS='-DHAVE_CONFIG_H'
ECHO_C=''
ECHO_N='-n'
ECHO_T=''
EGREP='/usr/bin/grep -E'
EXEEXT=''
GENCAT='gencat'
GETTEXT_MACRO_VERSION='0.19'
GLIBC21='yes'
GLIBC2='yes'
GMSGFMT=':'
GMSGFMT_015=':'
GNULIB_OVERRIDES_WINT_T='0'
GREP='/usr/bin/grep'
HAVE_ASPRINTF='1'
HAVE_NAMELESS_LOCALES='0'
HAVE_NEWLOCALE='1'
HAVE_POSIX_PRINTF='1'
HAVE_SNPRINTF='1'
HAVE_VISIBILITY='1'
HAVE_WPRINTF='0'
HELPDIR=''
HELPDIRDEFINE=''
HELPFILES_TARGET=''
HELPINSTALL=''
HELPSTRINGS=''
HISTORY_DEP='$(HISTORY_LIBRARY)'
HISTORY_LIB='-lhistory'
HIST_LIBDIR='$(dot)/$(LIBSUBDIR)/readline'
INSTALL_DATA='${INSTALL} -m 644'
INSTALL_PROGRAM='${INSTALL}'
INSTALL_SCRIPT='${INSTALL}'
INSTOBJEXT='.mo'
INTLBISON='bison'
INTLLIBS=''
INTLOBJS=''
INTL_DEFAULT_VERBOSITY='1'
INTL_DEP=''
INTL_INC=''
INTL_LIBTOOL_SUFFIX_PREFIX=''
INTL_MACOSX_LIBS=''
JOBS_O='jobs.o'
LDFLAGS=''
LDFLAGS_FOR_BUILD='$(LDFLAGS)'
LIBICONV=''
LIBINTL=''
LIBINTL_H=''
LIBMULTITHREAD='-lpthread'
LIBOBJS=' ${LIBOBJDIR}mbschr$U.o'
LIBPTH=''
LIBPTH_PREFIX=''
LIBS='-ldl '
LIBS_FOR_BUILD='$(LIBS)'
LIBTHREAD=''
LOCAL_CFLAGS=''
LOCAL_DEFS='-DSHELL'
LOCAL_LDFLAGS='-rdynamic'
LOCAL_LIBS=''
LTLIBICONV=''
LTLIBINTL=''
LTLIBMULTITHREAD='-lpthread'
LTLIBOBJS=' ${LIBOBJDIR}mbschr$U.lo'
LTLIBPTH=''
LTLIBTHREAD=''
MAKE_SHELL='/bin/sh'
MALLOC_DEBUG=''
MALLOC_DEP='$(MALLOC_LIBRARY)'
MALLOC_LDFLAGS='-L$(ALLOC_LIBDIR)'
MALLOC_LIB='-lmalloc'
MALLOC_LIBRARY='$(ALLOC_LIBDIR)/libmalloc.a'
MALLOC_SRC='malloc.c'
MALLOC_TARGET='malloc'
MKDIR_P='/usr/bin/mkdir -p'
MSGFMT=':'
MSGFMT_015=':'
MSGMERGE=':'
OBJEXT='o'
PACKAGE_BUGREPORT='bug-bash@gnu.org'
PACKAGE_NAME='bash'
PACKAGE_STRING='bash 5.2-release'
PACKAGE_TARNAME='bash'
PACKAGE_URL=''
PACKAGE_VERSION='5.2-release'
PATH_SEPARATOR=':'
POSUB='po'
PRI_MACROS_BROKEN='0'
PROFILE_FLAGS=''
PTHREAD_H_DEFINES_STRUCT_TIMESPEC='0'
RANLIB='ranlib'
READLINE_DEP='$(READLINE_LIBRARY)'
READLINE_LIB='-lreadline'
RELSTATUS='release'
RL_INCLUDE=''
RL_INCLUDEDIR=''
RL_LIBDIR='$(dot)/$(LIBSUBDIR)/readline'
RL_MAJOR=''
RL_MINOR=''
RL_VERSION=''
SED='/usr/bin/sed'
SET_MAKE=''
SHELL='/bin/bash'
SHOBJ_CC='/usr/bin/clang'
SHOBJ_CFLAGS='-fPIC'
SHOBJ_LD='${CC}'
SHOBJ_LDFLAGS='-shared -Wl,-soname,$@'
SHOBJ_LIBS=''
SHOBJ_STATUS='supported'
SHOBJ_XLDFLAGS=''
SIGLIST_O=''
SIGNAMES_H='lsignames.h'
SIGNAMES_O=''
SIZE='size'
STATIC_LD=''
STYLE_CFLAGS='-Wno-parentheses -Wno-format-security'
SYS_TIME_H_DEFINES_STRUCT_TIMESPEC='0'
TERMCAP_DEP=''
TERMCAP_LIB='-ltermcap'
TESTSCRIPT='run-all'
TILDE_LIB='-ltilde'
TIME_H_DEFINES_STRUCT_TIMESPEC='1'
USE_INCLUDED_LIBINTL='no'
USE_NLS='yes'
WINDRES=''
WOE32='no'
WOE32DLL='no'
XGETTEXT=':'
XGETTEXT_015=':'
XGETTEXT_EXTRA_OPTIONS=''
YACC='bison -y'
YFLAGS=''
ac_ct_CC='/usr/bin/clang'
bindir='${exec_prefix}/bin'
build='x86_64-pc-linux-gnu'
build_alias=''
build_cpu='x86_64'
build_os='linux-gnu'
build_vendor='pc'
datadir='${datarootdir}'
datarootdir='${prefix}/share'
docdir='${datarootdir}/doc/${PACKAGE_TARNAME}'
dvidir='${docdir}'
exec_prefix='${prefix}'
headersdir='$(includedir)/$(PACKAGE_NAME)'
host='x86_64-pc-linux-gnu'
host_alias=''
host_cpu='x86_64'
host_os='linux-gnu'
host_vendor='pc'
htmldir='${docdir}'
incdir=''
includedir='${prefix}/include'
infodir='${datarootdir}/info'
libdir='${exec_prefix}/lib'
libexecdir='${exec_prefix}/libexec'
loadablesdir='${libdir}/bash'
localedir='${datarootdir}/locale'
localstatedir='${prefix}/var'
mandir='${datarootdir}/man'
oldincludedir='/usr/include'
pdfdir='${docdir}'
prefix='/usr/local'
program_transform_name='s,x,x,'
psdir='${docdir}'
runstatedir='${localstatedir}/run'
sbindir='${exec_prefix}/sbin'
sharedstatedir='${prefix}/com'
sysconfdir='${prefix}/etc'
target_alias=''

## ----------- ##
## confdefs.h. ##
## ----------- ##

/* confdefs.h */
#define PACKAGE_NAME "bash"
#define PACKAGE_TARNAME "bash"
#define PACKAGE_VERSION "5.2-release"
#define PACKAGE_STRING "bash 5.2-release"
#define PACKAGE_BUGREPORT "bug-bash@gnu.org"
#define PACKAGE_URL ""
#define USING_BASH_MALLOC 1
#define ALIAS 1
#define PUSHD_AND_POPD 1
#define RESTRICTED_SHELL 1
#define PROCESS_SUBSTITUTION 1
#define PROMPT_STRING_DECODE 1
#define SELECT_COMMAND 1
#define HELP_BUILTIN 1
#define ARRAY_VARS 1
#define DPAREN_ARITHMETIC 1
#define BRACE_EXPANSION 1
#define COMMAND_TIMING 1
#define EXTENDED_GLOB 1
#define EXTGLOB_DEFAULT 0
#define COND_COMMAND 1
#define COND_REGEXP 1
#define COPROCESS_SUPPORT 1
#define ARITH_FOR_COMMAND 1
#define NETWORK_REDIRECTIONS 1
#define PROGRAMMABLE_COMPLETION 1
#define DEBUGGER 1
#define CASEMOD_ATTRS 1
#define CASEMOD_EXPANSIONS 1
#define GLOBASCII_DEFAULT 1
#define FUNCTION_IMPORT 1
#define TRANSLATABLE_STRINGS 1
#define MEMSCRAMBLE 1
#define HAVE_STDIO_H 1
#define HAVE_STDLIB_H 1
#define HAVE_STRING_H 1
#define HAVE_INTTYPES_H 1
#define HAVE_STDINT_H 1
#define HAVE_STRINGS_H 1
#define HAVE_SYS_STAT_H 1
#define HAVE_SYS_TYPES_H 1
#define HAVE_UNISTD_H 1
#define HAVE_WCHAR_H 1
#define HAVE_SYS_PARAM_H 1
#define HAVE_SYS_TIME_H 1
#define STDC_HEADERS 1
#define _ALL_SOURCE 1
#define _DARWIN_C_SOURCE 1
#define _GNU_SOURCE 1
#define _HPUX_ALT_XOPEN_SOCKET_API 1
#define _NETBSD_SOURCE 1
#define _OPENBSD_SOURCE 1
#define _POSIX_PTHREAD_SEMANTICS 1
#define __STDC_WANT_IEC_60559_ATTRIBS_EXT__ 1
#define __STDC_WANT_IEC_60559_BFP_EXT__ 1
#define __STDC_WANT_IEC_60559_DFP_EXT__ 1
#define __STDC_WANT_IEC_60559_FUNCS_EXT__ 1
#define __STDC_WANT_IEC_60559_TYPES_EXT__ 1
#define __STDC_WANT_LIB_EXT2__ 1
#define __STDC_WANT_MATH_SPEC_FUNCS__ 1
#define _TANDEM_SOURCE 1
#define __EXTENSIONS__ 1
#define READLINE 1
#define HISTORY 1
#define BANG_HISTORY 1
#define HAVE_STRINGIZE 1
#define HAVE_LONG_DOUBLE 1
#define PROTOTYPES 1
#define __PROTOTYPES 1
#define restrict __restrict__
#define HAVE_VISIBILITY 1
#define HAVE_STDINT_H_WITH_UINTMAX 1
#define HAVE_ALLOCA_H 1
#define HAVE_ALLOCA 1
#define HAVE_GETPAGESIZE 1
#define HAVE_SYMLINK 1
#define HAVE_USELOCALE 1
#define HAVE_VPRINTF 1
#define HAVE_ALARM 1
#define HAVE___FPURGE 1
#define HAVE_SNPRINTF 1
#define HAVE_VSNPRINTF 1
#define HAVE_MMAP 1
#define INTDIV0_RAISES_SIGFPE 1
#define HAVE_INTTYPES_H_WITH_UINTMAX 1
#define HAVE_UNSIGNED_LONG_LONG_INT 1
#define HAVE_UINTMAX_T 1
#define HAVE_INTTYPES_H 1
#define USE_POSIX_THREADS 1
#define USE_POSIX_THREADS_WEAK 1
#define HAVE_PTHREAD_RWLOCK 1
#define HAVE_PTHREAD_MUTEX_RECURSIVE 1
#define HAVE_ICONV 1
#define ICONV_CONST 
#define HAVE_BUILTIN_EXPECT 1
#define HAVE_ARGZ_H 1
#define HAVE_INTTYPES_H 1
#define HAVE_LIMITS_H 1
#define HAVE_UNISTD_H 1
#define HAVE_SYS_PARAM_H 1
#define HAVE_GETCWD 1
#define HAVE_GETEGID 1
#define HAVE_GETEUID 1
#define HAVE_GETGID 1
#define HAVE_GETUID 1
#define HAVE_MEMPCPY 1
#define HAVE_MUNMAP 1
#define HAVE_STPCPY 1
#define HAVE_STRCASECMP 1
#define HAVE_STRDUP 1
#define HAVE_STRTOUL 1
#define HAVE_TSEARCH 1
#define HAVE_ARGZ_COUNT 1
#define HAVE_ARGZ_STRINGIFY 1
#define HAVE_ARGZ_NEXT 1
#define HAVE___FSETLOCKING 1
#define HAVE_LOCALECONV 1
#define HAVE_DECL_FEOF_UNLOCKED 1
#define HAVE_DECL_FGETS_UNLOCKED 1
#define HAVE_LONG_LONG_INT 1
#define HAVE_WCHAR_T 1
#define HAVE_WINT_T 1
#define HAVE_INTMAX_T 1
#define HAVE_POSIX_PRINTF 1
#define HAVE_STDINT_H 1
#define HAVE_STDINT_H 1
#define HAVE_WORKING_O_NOATIME 1
#define HAVE_WORKING_O_NOFOLLOW 1
#define HAVE_WORKING_USELOCALE 1
#define FLEXIBLE_ARRAY_MEMBER /**/
#define HAVE_FEATURES_H 1
#define HAVE_STDDEF_H 1
#define HAVE_STDLIB_H 1
#define HAVE_STRING_H 1
#define HAVE_ASPRINTF 1
#define HAVE_FWPRINTF 1
#define HAVE_NEWLOCALE 1
#define HAVE_PUTENV 1
#define HAVE_SETENV 1
#define HAVE_SETLOCALE 1
#define HAVE_SNPRINTF 1
#define HAVE_STRNLEN 1
#define HAVE_USELOCALE 1
#define HAVE_WCSLEN 1
#define HAVE_WCSNLEN 1
#define HAVE_MBRTOWC 1
#define HAVE_WCRTOMB 1
#define HAVE_DECL__SNPRINTF 0
#define HAVE_DECL__SNWPRINTF 0
#define HAVE_DECL_GETC_UNLOCKED 1
#define HAVE_LANGINFO_CODESET 1
#define HAVE_LC_MESSAGES 1
#define ENABLE_NLS 1
#define HAVE_GETTEXT 1
#define HAVE_DCGETTEXT 1
#define HAVE_DIRENT_H 1
#define MAJOR_IN_SYSMACROS 1
#define HAVE_INTTYPES_H 1
#define HAVE_UNISTD_H 1
#define HAVE_STDLIB_H 1
#define HAVE_STDARG_H 1
#define HAVE_LIMITS_H 1
#define HAVE_STRING_H 1
#define HAVE_MEMORY_H 1
#define HAVE_LOCALE_H 1
#define HAVE_TERMCAP_H 1
#define HAVE_TERMIO_H 1
#define HAVE_TERMIOS_H 1
#define HAVE_DLFCN_H 1
#define HAVE_STDBOOL_H 1
#define HAVE_STDDEF_H 1
#define HAVE_STDINT_H 1
#define HAVE_NETDB_H 1
#define HAVE_PWD_H 1
#define HAVE_GRP_H 1
#define HAVE_STRINGS_H 1
#define HAVE_REGEX_H 1
#define HAVE_SYSLOG_H 1
#define HAVE_ULIMIT_H 1
#define HAVE_SYS_SELECT_H 1
#define HAVE_SYS_FILE_H 1
#define HAVE_SYS_IOCTL_H 1
#define HAVE_SYS_MMAN_H 1
#define HAVE_SYS_PARAM_H 1
#define HAVE_SYS_RANDOM_H 1
#define HAVE_SYS_SOCKET_H 1
#define HAVE_SYS_STAT_H 1
#define HAVE_SYS_TIME_H 1
#define HAVE_SYS_TIMES_H 1
#define HAVE_SYS_TYPES_H 1
#define HAVE_SYS_WAIT_H 1
#define HAVE_NETINET_IN_H 1
#define HAVE_ARPA_INET_H 1
#define HAVE_SYS_RESOURCE_H 1
#define HAVE_ALLOCA_H 1
#define HAVE_ALLOCA 1
#define HAVE_CHOWN 1
#define GETPGRP_VOID 1
#define HAVE_STRCOLL 1
#define HAVE_WAIT3 1
#define HAVE_MKFIFO 1
#define HAVE_DUP2 1
#define HAVE_EACCESS 1
#define HAVE_FCNTL 1
#define HAVE_GETDTABLESIZE 1
#define HAVE_GETENTROPY 1
#define HAVE_GETGROUPS 1
#define HAVE_GETHOSTNAME 1
#define HAVE_GETPAGESIZE 1
#define HAVE_GETPEERNAME 1
#define HAVE_GETRANDOM 1
#define HAVE_GETRLIMIT 1
#define HAVE_GETRUSAGE 1
#define HAVE_GETTIMEOFDAY 1
#define HAVE_KILL 1
#define HAVE_KILLPG 1
#define HAVE_LSTAT 1
#define HAVE_PSELECT 1
#define HAVE_READLINK 1
#define HAVE_SELECT 1
#define HAVE_SETITIMER 1
#define HAVE_TCGETPGRP 1
#define HAVE_UNAME 1
#define HAVE_ULIMIT 1
#define HAVE_WAITPID 1
#define HAVE_RENAME 1
#define HAVE_BCOPY 1
#define HAVE_BZERO 1
#define HAVE_CONFSTR 1
#define HAVE_FACCESSAT 1
#define HAVE_FNMATCH 1
#define HAVE_GETADDRINFO 1
#define HAVE_GETHOSTBYNAME 1
#define HAVE_GETSERVBYNAME 1
#define HAVE_GETSERVENT 1
#define HAVE_INET_ATON 1
#define HAVE_IMAXDIV 1
#define HAVE_MEMMOVE 1
#define HAVE_PATHCONF 1
#define HAVE_PUTENV 1
#define HAVE_RAISE 1
#define HAVE_RANDOM 1
#define HAVE_REGCOMP 1
#define HAVE_REGEXEC 1
#define HAVE_SETENV 1
#define HAVE_SETLINEBUF 1
#define HAVE_SETLOCALE 1
#define HAVE_SETVBUF 1
#define HAVE_SIGINTERRUPT 1
#define HAVE_STRCHR 1
#define HAVE_SYSCONF 1
#define HAVE_SYSLOG 1
#define HAVE_TCGETATTR 1
#define HAVE_TIMES 1
#define HAVE_TTYNAME 1
#define HAVE_TZSET 1
#define HAVE_UNSETENV 1
#define HAVE_VASPRINTF 1
#define HAVE_ASPRINTF 1
#define HAVE_ISASCII 1
#define HAVE_ISBLANK 1
#define HAVE_ISGRAPH 1
#define HAVE_ISPRINT 1
#define HAVE_ISSPACE 1
#define HAVE_ISXDIGIT 1
#define HAVE_GETPWENT 1
#define HAVE_GETPWNAM 1
#define HAVE_GETPWUID 1
#define HAVE_MKSTEMP 1
#define HAVE_MKDTEMP 1
#define HAVE_ARC4RANDOM 1
#define HAVE_GETCWD 1
#define HAVE_MEMSET 1
#define HAVE_STRCASECMP 1
#define HAVE_STRCASESTR 1
#define HAVE_STRERROR 1
#define HAVE_STRFTIME 1
#define HAVE_STRNLEN 1
#define HAVE_STRPBRK 1
#define HAVE_STRSTR 1
#define HAVE_STRTOD 1
#define HAVE_STRTOL 1
#define HAVE_STRTOUL 1
#define HAVE_STRTOLL 1
#define HAVE_STRTOULL 1
#define HAVE_STRTOUMAX 1
#define HAVE_DPRINTF 1
#define HAVE_STRCHRNUL 1
#define HAVE_STRDUP 1
#define HAVE_DECL_AUDIT_USER_TTY 1
#define HAVE_DECL_CONFSTR 1
#define HAVE_DECL_PRINTF 1
#define HAVE_DECL_SBRK 1
#define HAVE_DECL_SETREGID 1
#define HAVE_DECL_STRCPY 1
#define HAVE_DECL_STRSIGNAL 1
#define HAVE_SETRESUID 1
#define HAVE_SETRESGID 1
#define HAVE_DECL_STRTOLD 1
#define HAVE_DECL_STRTOL 1
#define HAVE_DECL_STRTOLL 1
#define HAVE_DECL_STRTOUL 1
#define HAVE_DECL_STRTOULL 1
#define HAVE_DECL_STRTOUMAX 1
#define HAVE_ARGZ_H 1
#define HAVE_ERRNO_H 1
#define HAVE_FCNTL_H 1
#define HAVE_MALLOC_H 1
#define HAVE_STDIO_EXT_H 1
#define HAVE_MMAP 1
#define HAVE___ARGZ_COUNT 1
#define HAVE___ARGZ_NEXT 1
#define HAVE___ARGZ_STRINGIFY 1
#define HAVE_DCGETTEXT 1
#define HAVE_MEMPCPY 1
#define HAVE_MUNMAP 1
#define HAVE_MREMAP 1
#define HAVE_STPCPY 1
#define HAVE_STRCSPN 1
#define HAVE_WCTYPE_H 1
#define HAVE_WCHAR_H 1
#define HAVE_LANGINFO_H 1
#define HAVE_MBRLEN 1
#define HAVE_MBSNRTOWCS 1
#define HAVE_MBSRTOWCS 1
#define HAVE_WCRTOMB 1
#define HAVE_WCSCOLL 1
#define HAVE_WCSDUP 1
#define HAVE_WCWIDTH 1
#define HAVE_WCTYPE 1
#define HAVE_WCSWIDTH 1
#define HAVE_MBRTOWC 1
#define HAVE_MBSTATE_T 1
#define HAVE_ISWLOWER 1
#define HAVE_ISWUPPER 1
#define HAVE_TOWLOWER 1
#define HAVE_TOWUPPER 1
#define HAVE_ISWCTYPE 1
#define HAVE_WCHAR_T 1
#define HAVE_WCTYPE_T 1
#define HAVE_WINT_T 1
#define SIZEOF_WCHAR_T 4
#define HAVE_LIBDL 1
#define HAVE_DLOPEN 1
#define HAVE_DLCLOSE 1
#define HAVE_DLSYM 1
#define GETGROUPS_T gid_t
#define HAVE_UINTPTR_T 1
#define HAVE_LONG_LONG_INT 1
#define HAVE_UNSIGNED_LONG_LONG_INT 1
#define SIZEOF_CHAR 1
#define SIZEOF_SHORT 2
#define SIZEOF_INT 4
#define SIZEOF_LONG 8
#define SIZEOF_CHAR_P 8
#define SIZEOF_SIZE_T 8
#define SIZEOF_DOUBLE 8
#define SIZEOF_LONG_LONG 8
#define bits16_t short
#define u_bits16_t unsigned short
#define bits32_t int
#define u_bits32_t unsigned int
#define bits64_t char *
#define HAVE_HASH_BANG_EXEC 1
#define HAVE_POSIX_SIGNALS 1
#define HAVE_SYS_ERRLIST 1
#define HAVE_DECL_SYS_SIGLIST 0
#define HAVE_SOCKLEN_T 1
#define HAVE_QUAD_T 1
#define RLIMTYPE rlim_t
#define HAVE_INTMAX_T 1
#define HAVE_UINTMAX_T 1
#define SIZEOF_INTMAX_T 8
#define TERMIOS_LDISC 1
#define TERMIO_LDISC 1
#define HAVE_STRUCT_DIRENT_D_INO 1
#define HAVE_STRUCT_DIRENT_D_INO 1
#define HAVE_STRUCT_DIRENT_D_FILENO 1
#define HAVE_STRUCT_DIRENT_D_FILENO 1
#define STRUCT_WINSIZE_IN_SYS_IOCTL 1
#define HAVE_TIMEVAL 1
#define HAVE_STRUCT_STAT_ST_BLOCKS 1
#define HAVE_STRUCT_TM_TM_ZONE 1
#define HAVE_TM_ZONE 1
#define HAVE_STRUCT_TIMEZONE 1
#define WEXITSTATUS_OFFSET 8
#define HAVE_STRUCT_TIMESPEC 1
#define TIME_H_DEFINES_STRUCT_TIMESPEC 1
#define HAVE_STRUCT_STAT_ST_ATIM_TV_NSEC 1
#define TYPEOF_STRUCT_STAT_ST_ATIM_IS_STRUCT_TIMESPEC 1
#define HAVE_SBRK 1
#define HAVE_STRSIGNAL 1
#define ULIMIT_MAXFDS 1
#define HAVE_DECL_FPURGE 0
#define CAN_REDEFINE_GETENV 1
#define HAVE_POSIX_SIGSETJMP 1
#define HAVE_STRTOIMAX 1
#define HAVE_DECL_STRTOIMAX 1
#define HAVE_STD_PUTENV 1
#define HAVE_STD_UNSETENV 1
#define HAVE_PRINTF_A_FORMAT 1
#define FNMATCH_EQUIV_FALLBACK 1
#define GWINSZ_IN_SYS_IOCTL 1
#define FIONREAD_IN_SYS_IOCTL 1
#define HAVE_GETPW_DECLS 1
#define HAVE_DEV_FD 1
#define DEV_FD_PREFIX "/dev/fd/"
#define HAVE_DEV_STDIN 1
#define DEFAULT_MAIL_DIRECTORY "/var/mail"
#define JOB_CONTROL 1
#define PGRP_PIPE 1

configure: exit 0
